# Blender 5.1.2
# www.blender.org
o Cube
v 0.000000 1.000000 0.000000
v 0.000000 -1.000000 0.000000
v 0.000000 0.000000 1.000000
v 1.000000 0.000000 0.000000
v 0.000000 0.000000 -1.000000
v -1.000000 0.000000 0.000000
v 0.000000 1.000000 0.500000
v 0.000000 1.000000 -0.500000
v 0.500000 1.000000 0.000000
v -0.500000 1.000000 0.000000
v 0.000000 -1.000000 0.500000
v 0.000000 -1.000000 -0.500000
v -0.500000 -1.000000 0.000000
v 0.500000 -1.000000 0.000000
v -0.500000 0.000000 1.000000
v 0.500000 0.000000 1.000000
v 0.000000 -0.500000 1.000000
v 0.000000 0.500000 1.000000
v 1.000000 0.000000 0.500000
v 1.000000 0.000000 -0.500000
v 1.000000 -0.500000 0.000000
v 1.000000 0.500000 0.000000
v 0.500000 0.000000 -1.000000
v -0.500000 0.000000 -1.000000
v 0.000000 -0.500000 -1.000000
v 0.000000 0.500000 -1.000000
v -1.000000 0.000000 -0.500000
v -1.000000 0.000000 0.500000
v -1.000000 -0.500000 0.000000
v -1.000000 0.500000 0.000000
v -1.000000 0.500000 0.500000
v -1.000000 -0.500000 0.500000
v -1.000000 -0.500000 -0.500000
v -0.500000 0.500000 -1.000000
v -0.500000 -0.500000 -1.000000
v 0.500000 -0.500000 -1.000000
v 1.000000 0.500000 -0.500000
v 1.000000 -0.500000 -0.500000
v 1.000000 -0.500000 0.500000
v 0.500000 0.500000 1.000000
v 0.500000 -0.500000 1.000000
v -0.500000 -0.500000 1.000000
v 0.500000 -1.000000 -0.500000
v -0.500000 -1.000000 -0.500000
v -0.500000 -1.000000 0.500000
v -0.500000 1.000000 -0.500000
v 0.500000 1.000000 -0.500000
v 0.500000 1.000000 0.500000
v -0.500000 1.000000 0.500000
v 0.500000 -1.000000 0.500000
v -0.500000 0.500000 1.000000
v 1.000000 0.500000 0.500000
v 0.500000 0.500000 -1.000000
v -1.000000 0.500000 -0.500000
v 0.000000 1.000000 0.750000
v 0.000000 1.000000 -0.250000
v 0.750000 1.000000 0.000000
v -0.250000 1.000000 0.000000
v 0.000000 -1.000000 0.750000
v 0.000000 -1.000000 -0.250000
v -0.750000 -1.000000 0.000000
v 0.250000 -1.000000 0.000000
v -0.750000 0.000000 1.000000
v 0.250000 0.000000 1.000000
v 0.000000 -0.750000 1.000000
v 0.000000 0.250000 1.000000
v 1.000000 0.000000 0.750000
v 1.000000 0.000000 -0.250000
v 1.000000 -0.750000 0.000000
v 1.000000 0.250000 0.000000
v 0.750000 0.000000 -1.000000
v -0.250000 0.000000 -1.000000
v 0.000000 -0.750000 -1.000000
v 0.000000 0.250000 -1.000000
v -1.000000 0.000000 -0.750000
v -1.000000 0.000000 0.250000
v -1.000000 -0.750000 0.000000
v -1.000000 0.250000 0.000000
v 0.000000 1.000000 0.250000
v 0.000000 1.000000 -0.750000
v 0.250000 1.000000 0.000000
v -0.750000 1.000000 0.000000
v 0.000000 -1.000000 0.250000
v 0.000000 -1.000000 -0.750000
v -0.250000 -1.000000 0.000000
v 0.750000 -1.000000 0.000000
v -0.250000 0.000000 1.000000
v 0.750000 0.000000 1.000000
v 0.000000 -0.250000 1.000000
v 0.000000 0.750000 1.000000
v 1.000000 0.000000 0.250000
v 1.000000 0.000000 -0.750000
v 1.000000 -0.250000 0.000000
v 1.000000 0.750000 0.000000
v 0.250000 0.000000 -1.000000
v -0.750000 0.000000 -1.000000
v 0.000000 -0.250000 -1.000000
v 0.000000 0.750000 -1.000000
v -1.000000 0.000000 -0.250000
v -1.000000 0.000000 0.750000
v -1.000000 -0.250000 0.000000
v -1.000000 0.750000 0.000000
v -1.000000 0.500000 0.250000
v -1.000000 0.500000 0.750000
v -1.000000 0.250000 0.500000
v -1.000000 0.750000 0.500000
v -1.000000 -0.500000 0.250000
v -1.000000 -0.500000 0.750000
v -1.000000 -0.750000 0.500000
v -1.000000 -0.250000 0.500000
v -1.000000 -0.500000 -0.750000
v -1.000000 -0.500000 -0.250000
v -1.000000 -0.750000 -0.500000
v -1.000000 -0.250000 -0.500000
v -0.250000 0.500000 -1.000000
v -0.750000 0.500000 -1.000000
v -0.500000 0.250000 -1.000000
v -0.500000 0.750000 -1.000000
v -0.250000 -0.500000 -1.000000
v -0.750000 -0.500000 -1.000000
v -0.500000 -0.750000 -1.000000
v -0.500000 -0.250000 -1.000000
v 0.750000 -0.500000 -1.000000
v 0.250000 -0.500000 -1.000000
v 0.500000 -0.750000 -1.000000
v 0.500000 -0.250000 -1.000000
v 1.000000 0.500000 -0.250000
v 1.000000 0.500000 -0.750000
v 1.000000 0.250000 -0.500000
v 1.000000 0.750000 -0.500000
v 1.000000 -0.500000 -0.250000
v 1.000000 -0.500000 -0.750000
v 1.000000 -0.750000 -0.500000
v 1.000000 -0.250000 -0.500000
v 1.000000 -0.500000 0.750000
v 1.000000 -0.500000 0.250000
v 1.000000 -0.750000 0.500000
v 1.000000 -0.250000 0.500000
v 0.250000 0.500000 1.000000
v 0.750000 0.500000 1.000000
v 0.500000 0.250000 1.000000
v 0.500000 0.750000 1.000000
v 0.250000 -0.500000 1.000000
v 0.750000 -0.500000 1.000000
v 0.500000 -0.750000 1.000000
v 0.500000 -0.250000 1.000000
v -0.750000 -0.500000 1.000000
v -0.250000 -0.500000 1.000000
v -0.500000 -0.750000 1.000000
v -0.500000 -0.250000 1.000000
v 0.500000 -1.000000 -0.250000
v 0.500000 -1.000000 -0.750000
v 0.250000 -1.000000 -0.500000
v 0.750000 -1.000000 -0.500000
v -0.500000 -1.000000 -0.250000
v -0.500000 -1.000000 -0.750000
v -0.750000 -1.000000 -0.500000
v -0.250000 -1.000000 -0.500000
v -0.500000 -1.000000 0.750000
v -0.500000 -1.000000 0.250000
v -0.750000 -1.000000 0.500000
v -0.250000 -1.000000 0.500000
v -0.500000 1.000000 -0.250000
v -0.500000 1.000000 -0.750000
v -0.250000 1.000000 -0.500000
v -0.750000 1.000000 -0.500000
v 0.500000 1.000000 -0.250000
v 0.500000 1.000000 -0.750000
v 0.750000 1.000000 -0.500000
v 0.250000 1.000000 -0.500000
v 0.500000 1.000000 0.750000
v 0.500000 1.000000 0.250000
v 0.750000 1.000000 0.500000
v 0.250000 1.000000 0.500000
v -0.500000 1.000000 0.750000
v -0.500000 1.000000 0.250000
v -0.250000 1.000000 0.500000
v -0.750000 1.000000 0.500000
v 0.500000 -1.000000 0.750000
v 0.500000 -1.000000 0.250000
v 0.250000 -1.000000 0.500000
v 0.750000 -1.000000 0.500000
v -0.750000 0.500000 1.000000
v -0.250000 0.500000 1.000000
v -0.500000 0.250000 1.000000
v -0.500000 0.750000 1.000000
v 1.000000 0.500000 0.750000
v 1.000000 0.500000 0.250000
v 1.000000 0.250000 0.500000
v 1.000000 0.750000 0.500000
v 0.750000 0.500000 -1.000000
v 0.250000 0.500000 -1.000000
v 0.500000 0.250000 -1.000000
v 0.500000 0.750000 -1.000000
v -1.000000 0.500000 -0.750000
v -1.000000 0.500000 -0.250000
v -1.000000 0.250000 -0.500000
v -1.000000 0.750000 -0.500000
v -1.000000 0.750000 -0.250000
v -1.000000 0.250000 -0.250000
v -1.000000 0.250000 -0.750000
v 0.250000 0.750000 -1.000000
v 0.250000 0.250000 -1.000000
v 0.750000 0.250000 -1.000000
v 1.000000 0.750000 0.250000
v 1.000000 0.250000 0.250000
v 1.000000 0.250000 0.750000
v -0.250000 0.750000 1.000000
v -0.250000 0.250000 1.000000
v -0.750000 0.250000 1.000000
v 0.750000 -1.000000 0.250000
v 0.250000 -1.000000 0.250000
v 0.250000 -1.000000 0.750000
v -0.750000 1.000000 0.250000
v -0.250000 1.000000 0.250000
v -0.250000 1.000000 0.750000
v 0.250000 1.000000 0.250000
v 0.750000 1.000000 0.250000
v 0.750000 1.000000 0.750000
v 0.250000 1.000000 -0.750000
v 0.750000 1.000000 -0.750000
v 0.750000 1.000000 -0.250000
v -0.750000 1.000000 -0.750000
v -0.250000 1.000000 -0.750000
v -0.250000 1.000000 -0.250000
v -0.250000 -1.000000 0.250000
v -0.750000 -1.000000 0.250000
v -0.750000 -1.000000 0.750000
v -0.250000 -1.000000 -0.750000
v -0.750000 -1.000000 -0.750000
v -0.750000 -1.000000 -0.250000
v 0.750000 -1.000000 -0.750000
v 0.250000 -1.000000 -0.750000
v 0.250000 -1.000000 -0.250000
v -0.250000 -0.250000 1.000000
v -0.250000 -0.750000 1.000000
v -0.750000 -0.750000 1.000000
v 0.750000 -0.250000 1.000000
v 0.750000 -0.750000 1.000000
v 0.250000 -0.750000 1.000000
v 0.750000 0.750000 1.000000
v 0.750000 0.250000 1.000000
v 0.250000 0.250000 1.000000
v 1.000000 -0.250000 0.250000
v 1.000000 -0.750000 0.250000
v 1.000000 -0.750000 0.750000
v 1.000000 -0.250000 -0.750000
v 1.000000 -0.750000 -0.750000
v 1.000000 -0.750000 -0.250000
v 1.000000 0.750000 -0.750000
v 1.000000 0.250000 -0.750000
v 1.000000 0.250000 -0.250000
v 0.250000 -0.250000 -1.000000
v 0.250000 -0.750000 -1.000000
v 0.750000 -0.750000 -1.000000
v -0.750000 -0.250000 -1.000000
v -0.750000 -0.750000 -1.000000
v -0.250000 -0.750000 -1.000000
v -0.750000 0.750000 -1.000000
v -0.750000 0.250000 -1.000000
v -0.250000 0.250000 -1.000000
v -1.000000 -0.250000 -0.250000
v -1.000000 -0.750000 -0.250000
v -1.000000 -0.750000 -0.750000
v -1.000000 -0.250000 0.750000
v -1.000000 -0.750000 0.750000
v -1.000000 -0.750000 0.250000
v -1.000000 0.750000 0.750000
v -1.000000 0.250000 0.750000
v -1.000000 0.250000 0.250000
v -1.000000 0.750000 0.250000
v -1.000000 -0.250000 0.250000
v -1.000000 -0.250000 -0.750000
v -0.250000 0.750000 -1.000000
v -0.250000 -0.250000 -1.000000
v 0.750000 -0.250000 -1.000000
v 1.000000 0.750000 -0.250000
v 1.000000 -0.250000 -0.250000
v 1.000000 -0.250000 0.750000
v 0.250000 0.750000 1.000000
v 0.250000 -0.250000 1.000000
v -0.750000 -0.250000 1.000000
v 0.750000 -1.000000 -0.250000
v -0.250000 -1.000000 -0.250000
v -0.250000 -1.000000 0.750000
v -0.750000 1.000000 -0.250000
v 0.250000 1.000000 -0.250000
v 0.250000 1.000000 0.750000
v -0.750000 1.000000 0.750000
v 0.750000 -1.000000 0.750000
v -0.750000 0.750000 1.000000
v 1.000000 0.750000 0.750000
v 0.750000 0.750000 -1.000000
v -1.000000 0.750000 -0.750000
v 0.000000 1.000000 0.875000
v 0.000000 1.000000 -0.125000
v 0.875000 1.000000 0.000000
v -0.125000 1.000000 0.000000
v 0.000000 -1.000000 0.875000
v 0.000000 -1.000000 -0.125000
v -0.875000 -1.000000 0.000000
v 0.125000 -1.000000 0.000000
v -0.875000 0.000000 1.000000
v 0.125000 0.000000 1.000000
v 0.000000 -0.875000 1.000000
v 0.000000 0.125000 1.000000
v 1.000000 0.000000 0.875000
v 1.000000 0.000000 -0.125000
v 1.000000 -0.875000 0.000000
v 1.000000 0.125000 0.000000
v 0.875000 0.000000 -1.000000
v -0.125000 0.000000 -1.000000
v 0.000000 -0.875000 -1.000000
v 0.000000 0.125000 -1.000000
v -1.000000 0.000000 -0.875000
v -1.000000 0.000000 0.125000
v -1.000000 -0.875000 0.000000
v -1.000000 0.125000 0.000000
v 0.000000 1.000000 0.375000
v 0.000000 1.000000 -0.625000
v 0.375000 1.000000 0.000000
v -0.625000 1.000000 0.000000
v 0.000000 -1.000000 0.375000
v 0.000000 -1.000000 -0.625000
v -0.375000 -1.000000 0.000000
v 0.625000 -1.000000 0.000000
v -0.375000 0.000000 1.000000
v 0.625000 0.000000 1.000000
v 0.000000 -0.375000 1.000000
v 0.000000 0.625000 1.000000
v 1.000000 0.000000 0.375000
v 1.000000 0.000000 -0.625000
v 1.000000 -0.375000 0.000000
v 1.000000 0.625000 0.000000
v 0.375000 0.000000 -1.000000
v -0.625000 0.000000 -1.000000
v 0.000000 -0.375000 -1.000000
v 0.000000 0.625000 -1.000000
v -1.000000 0.000000 -0.375000
v -1.000000 0.000000 0.625000
v -1.000000 -0.375000 0.000000
v -1.000000 0.625000 0.000000
v -1.000000 0.500000 0.125000
v -1.000000 0.500000 0.625000
v -1.000000 0.125000 0.500000
v -1.000000 0.625000 0.500000
v -1.000000 -0.500000 0.125000
v -1.000000 -0.500000 0.625000
v -1.000000 -0.875000 0.500000
v -1.000000 -0.375000 0.500000
v -1.000000 -0.500000 -0.875000
v -1.000000 -0.500000 -0.375000
v -1.000000 -0.875000 -0.500000
v -1.000000 -0.375000 -0.500000
v -0.125000 0.500000 -1.000000
v -0.625000 0.500000 -1.000000
v -0.500000 0.125000 -1.000000
v -0.500000 0.625000 -1.000000
v -0.125000 -0.500000 -1.000000
v -0.625000 -0.500000 -1.000000
v -0.500000 -0.875000 -1.000000
v -0.500000 -0.375000 -1.000000
v 0.875000 -0.500000 -1.000000
v 0.375000 -0.500000 -1.000000
v 0.500000 -0.875000 -1.000000
v 0.500000 -0.375000 -1.000000
v 1.000000 0.500000 -0.125000
v 1.000000 0.500000 -0.625000
v 1.000000 0.125000 -0.500000
v 1.000000 0.625000 -0.500000
v 1.000000 -0.500000 -0.125000
v 1.000000 -0.500000 -0.625000
v 1.000000 -0.875000 -0.500000
v 1.000000 -0.375000 -0.500000
v 1.000000 -0.500000 0.875000
v 1.000000 -0.500000 0.375000
v 1.000000 -0.875000 0.500000
v 1.000000 -0.375000 0.500000
v 0.125000 0.500000 1.000000
v 0.625000 0.500000 1.000000
v 0.500000 0.125000 1.000000
v 0.500000 0.625000 1.000000
v 0.125000 -0.500000 1.000000
v 0.625000 -0.500000 1.000000
v 0.500000 -0.875000 1.000000
v 0.500000 -0.375000 1.000000
v -0.875000 -0.500000 1.000000
v -0.375000 -0.500000 1.000000
v -0.500000 -0.875000 1.000000
v -0.500000 -0.375000 1.000000
v 0.500000 -1.000000 -0.125000
v 0.500000 -1.000000 -0.625000
v 0.125000 -1.000000 -0.500000
v 0.625000 -1.000000 -0.500000
v -0.500000 -1.000000 -0.125000
v -0.500000 -1.000000 -0.625000
v -0.875000 -1.000000 -0.500000
v -0.375000 -1.000000 -0.500000
v -0.500000 -1.000000 0.875000
v -0.500000 -1.000000 0.375000
v -0.875000 -1.000000 0.500000
v -0.375000 -1.000000 0.500000
v -0.500000 1.000000 -0.125000
v -0.500000 1.000000 -0.625000
v -0.125000 1.000000 -0.500000
v -0.625000 1.000000 -0.500000
v 0.500000 1.000000 -0.125000
v 0.500000 1.000000 -0.625000
v 0.875000 1.000000 -0.500000
v 0.375000 1.000000 -0.500000
v 0.500000 1.000000 0.875000
v 0.500000 1.000000 0.375000
v 0.875000 1.000000 0.500000
v 0.375000 1.000000 0.500000
v -0.500000 1.000000 0.875000
v -0.500000 1.000000 0.375000
v -0.125000 1.000000 0.500000
v -0.625000 1.000000 0.500000
v 0.500000 -1.000000 0.875000
v 0.500000 -1.000000 0.375000
v 0.125000 -1.000000 0.500000
v 0.625000 -1.000000 0.500000
v -0.875000 0.500000 1.000000
v -0.375000 0.500000 1.000000
v -0.500000 0.125000 1.000000
v -0.500000 0.625000 1.000000
v 1.000000 0.500000 0.875000
v 1.000000 0.500000 0.375000
v 1.000000 0.125000 0.500000
v 1.000000 0.625000 0.500000
v 0.875000 0.500000 -1.000000
v 0.375000 0.500000 -1.000000
v 0.500000 0.125000 -1.000000
v 0.500000 0.625000 -1.000000
v -1.000000 0.500000 -0.875000
v -1.000000 0.500000 -0.375000
v -1.000000 0.125000 -0.500000
v -1.000000 0.625000 -0.500000
v 0.000000 1.000000 0.625000
v 0.000000 1.000000 -0.375000
v 0.625000 1.000000 0.000000
v -0.375000 1.000000 0.000000
v 0.000000 -1.000000 0.625000
v 0.000000 -1.000000 -0.375000
v -0.625000 -1.000000 0.000000
v 0.375000 -1.000000 0.000000
v -0.625000 0.000000 1.000000
v 0.375000 0.000000 1.000000
v 0.000000 -0.625000 1.000000
v 0.000000 0.375000 1.000000
v 1.000000 0.000000 0.625000
v 1.000000 0.000000 -0.375000
v 1.000000 -0.625000 0.000000
v 1.000000 0.375000 0.000000
v 0.625000 0.000000 -1.000000
v -0.375000 0.000000 -1.000000
v 0.000000 -0.625000 -1.000000
v 0.000000 0.375000 -1.000000
v -1.000000 0.000000 -0.625000
v -1.000000 0.000000 0.375000
v -1.000000 -0.625000 0.000000
v -1.000000 0.375000 0.000000
v 0.000000 1.000000 0.125000
v 0.000000 1.000000 -0.875000
v 0.125000 1.000000 0.000000
v -0.875000 1.000000 0.000000
v 0.000000 -1.000000 0.125000
v 0.000000 -1.000000 -0.875000
v -0.125000 -1.000000 0.000000
v 0.875000 -1.000000 0.000000
v -0.125000 0.000000 1.000000
v 0.875000 0.000000 1.000000
v 0.000000 -0.125000 1.000000
v 0.000000 0.875000 1.000000
v 1.000000 0.000000 0.125000
v 1.000000 0.000000 -0.875000
v 1.000000 -0.125000 0.000000
v 1.000000 0.875000 0.000000
v 0.125000 0.000000 -1.000000
v -0.875000 0.000000 -1.000000
v 0.000000 -0.125000 -1.000000
v 0.000000 0.875000 -1.000000
v -1.000000 0.000000 -0.125000
v -1.000000 0.000000 0.875000
v -1.000000 -0.125000 0.000000
v -1.000000 0.875000 0.000000
v -1.000000 0.500000 0.375000
v -1.000000 0.500000 0.875000
v -1.000000 0.375000 0.500000
v -1.000000 0.875000 0.500000
v -1.000000 -0.500000 0.375000
v -1.000000 -0.500000 0.875000
v -1.000000 -0.625000 0.500000
v -1.000000 -0.125000 0.500000
v -1.000000 -0.500000 -0.625000
v -1.000000 -0.500000 -0.125000
v -1.000000 -0.625000 -0.500000
v -1.000000 -0.125000 -0.500000
v -0.375000 0.500000 -1.000000
v -0.875000 0.500000 -1.000000
v -0.500000 0.375000 -1.000000
v -0.500000 0.875000 -1.000000
v -0.375000 -0.500000 -1.000000
v -0.875000 -0.500000 -1.000000
v -0.500000 -0.625000 -1.000000
v -0.500000 -0.125000 -1.000000
v 0.625000 -0.500000 -1.000000
v 0.125000 -0.500000 -1.000000
v 0.500000 -0.625000 -1.000000
v 0.500000 -0.125000 -1.000000
v 1.000000 0.500000 -0.375000
v 1.000000 0.500000 -0.875000
v 1.000000 0.375000 -0.500000
v 1.000000 0.875000 -0.500000
v 1.000000 -0.500000 -0.375000
v 1.000000 -0.500000 -0.875000
v 1.000000 -0.625000 -0.500000
v 1.000000 -0.125000 -0.500000
v 1.000000 -0.500000 0.625000
v 1.000000 -0.500000 0.125000
v 1.000000 -0.625000 0.500000
v 1.000000 -0.125000 0.500000
v 0.375000 0.500000 1.000000
v 0.875000 0.500000 1.000000
v 0.500000 0.375000 1.000000
v 0.500000 0.875000 1.000000
v 0.375000 -0.500000 1.000000
v 0.875000 -0.500000 1.000000
v 0.500000 -0.625000 1.000000
v 0.500000 -0.125000 1.000000
v -0.625000 -0.500000 1.000000
v -0.125000 -0.500000 1.000000
v -0.500000 -0.625000 1.000000
v -0.500000 -0.125000 1.000000
v 0.500000 -1.000000 -0.375000
v 0.500000 -1.000000 -0.875000
v 0.375000 -1.000000 -0.500000
v 0.875000 -1.000000 -0.500000
v -0.500000 -1.000000 -0.375000
v -0.500000 -1.000000 -0.875000
v -0.625000 -1.000000 -0.500000
v -0.125000 -1.000000 -0.500000
v -0.500000 -1.000000 0.625000
v -0.500000 -1.000000 0.125000
v -0.625000 -1.000000 0.500000
v -0.125000 -1.000000 0.500000
v -0.500000 1.000000 -0.375000
v -0.500000 1.000000 -0.875000
v -0.375000 1.000000 -0.500000
v -0.875000 1.000000 -0.500000
v 0.500000 1.000000 -0.375000
v 0.500000 1.000000 -0.875000
v 0.625000 1.000000 -0.500000
v 0.125000 1.000000 -0.500000
v 0.500000 1.000000 0.625000
v 0.500000 1.000000 0.125000
v 0.625000 1.000000 0.500000
v 0.125000 1.000000 0.500000
v -0.500000 1.000000 0.625000
v -0.500000 1.000000 0.125000
v -0.375000 1.000000 0.500000
v -0.875000 1.000000 0.500000
v 0.500000 -1.000000 0.625000
v 0.500000 -1.000000 0.125000
v 0.375000 -1.000000 0.500000
v 0.875000 -1.000000 0.500000
v -0.625000 0.500000 1.000000
v -0.125000 0.500000 1.000000
v -0.500000 0.375000 1.000000
v -0.500000 0.875000 1.000000
v 1.000000 0.500000 0.625000
v 1.000000 0.500000 0.125000
v 1.000000 0.375000 0.500000
v 1.000000 0.875000 0.500000
v 0.625000 0.500000 -1.000000
v 0.125000 0.500000 -1.000000
v 0.500000 0.375000 -1.000000
v 0.500000 0.875000 -1.000000
v -1.000000 0.500000 -0.625000
v -1.000000 0.500000 -0.125000
v -1.000000 0.375000 -0.500000
v -1.000000 0.875000 -0.500000
v -1.000000 0.750000 -0.375000
v -1.000000 0.750000 -0.125000
v -1.000000 0.625000 -0.250000
v -1.000000 0.875000 -0.250000
v -1.000000 0.250000 -0.375000
v -1.000000 0.250000 -0.125000
v -1.000000 0.125000 -0.250000
v -1.000000 0.375000 -0.250000
v -1.000000 0.250000 -0.875000
v -1.000000 0.250000 -0.625000
v -1.000000 0.125000 -0.750000
v -1.000000 0.375000 -0.750000
v 0.375000 0.750000 -1.000000
v 0.125000 0.750000 -1.000000
v 0.250000 0.625000 -1.000000
v 0.250000 0.875000 -1.000000
v 0.375000 0.250000 -1.000000
v 0.125000 0.250000 -1.000000
v 0.250000 0.125000 -1.000000
v 0.250000 0.375000 -1.000000
v 0.875000 0.250000 -1.000000
v 0.625000 0.250000 -1.000000
v 0.750000 0.125000 -1.000000
v 0.750000 0.375000 -1.000000
v 1.000000 0.750000 0.375000
v 1.000000 0.750000 0.125000
v 1.000000 0.625000 0.250000
v 1.000000 0.875000 0.250000
v 1.000000 0.250000 0.375000
v 1.000000 0.250000 0.125000
v 1.000000 0.125000 0.250000
v 1.000000 0.375000 0.250000
v 1.000000 0.250000 0.875000
v 1.000000 0.250000 0.625000
v 1.000000 0.125000 0.750000
v 1.000000 0.375000 0.750000
v -0.375000 0.750000 1.000000
v -0.125000 0.750000 1.000000
v -0.250000 0.625000 1.000000
v -0.250000 0.875000 1.000000
v -0.375000 0.250000 1.000000
v -0.125000 0.250000 1.000000
v -0.250000 0.125000 1.000000
v -0.250000 0.375000 1.000000
v -0.875000 0.250000 1.000000
v -0.625000 0.250000 1.000000
v -0.750000 0.125000 1.000000
v -0.750000 0.375000 1.000000
v 0.750000 -1.000000 0.375000
v 0.750000 -1.000000 0.125000
v 0.625000 -1.000000 0.250000
v 0.875000 -1.000000 0.250000
v 0.250000 -1.000000 0.375000
v 0.250000 -1.000000 0.125000
v 0.125000 -1.000000 0.250000
v 0.375000 -1.000000 0.250000
v 0.250000 -1.000000 0.875000
v 0.250000 -1.000000 0.625000
v 0.125000 -1.000000 0.750000
v 0.375000 -1.000000 0.750000
v -0.750000 1.000000 0.375000
v -0.750000 1.000000 0.125000
v -0.625000 1.000000 0.250000
v -0.875000 1.000000 0.250000
v -0.250000 1.000000 0.375000
v -0.250000 1.000000 0.125000
v -0.125000 1.000000 0.250000
v -0.375000 1.000000 0.250000
v -0.250000 1.000000 0.875000
v -0.250000 1.000000 0.625000
v -0.125000 1.000000 0.750000
v -0.375000 1.000000 0.750000
v 0.250000 1.000000 0.375000
v 0.250000 1.000000 0.125000
v 0.375000 1.000000 0.250000
v 0.125000 1.000000 0.250000
v 0.750000 1.000000 0.375000
v 0.750000 1.000000 0.125000
v 0.875000 1.000000 0.250000
v 0.625000 1.000000 0.250000
v 0.750000 1.000000 0.875000
v 0.750000 1.000000 0.625000
v 0.875000 1.000000 0.750000
v 0.625000 1.000000 0.750000
v 0.250000 1.000000 -0.625000
v 0.250000 1.000000 -0.875000
v 0.375000 1.000000 -0.750000
v 0.125000 1.000000 -0.750000
v 0.750000 1.000000 -0.625000
v 0.750000 1.000000 -0.875000
v 0.875000 1.000000 -0.750000
v 0.625000 1.000000 -0.750000
v 0.750000 1.000000 -0.125000
v 0.750000 1.000000 -0.375000
v 0.875000 1.000000 -0.250000
v 0.625000 1.000000 -0.250000
v -0.750000 1.000000 -0.625000
v -0.750000 1.000000 -0.875000
v -0.625000 1.000000 -0.750000
v -0.875000 1.000000 -0.750000
v -0.250000 1.000000 -0.625000
v -0.250000 1.000000 -0.875000
v -0.125000 1.000000 -0.750000
v -0.375000 1.000000 -0.750000
v -0.250000 1.000000 -0.125000
v -0.250000 1.000000 -0.375000
v -0.125000 1.000000 -0.250000
v -0.375000 1.000000 -0.250000
v -0.250000 -1.000000 0.375000
v -0.250000 -1.000000 0.125000
v -0.375000 -1.000000 0.250000
v -0.125000 -1.000000 0.250000
v -0.750000 -1.000000 0.375000
v -0.750000 -1.000000 0.125000
v -0.875000 -1.000000 0.250000
v -0.625000 -1.000000 0.250000
v -0.750000 -1.000000 0.875000
v -0.750000 -1.000000 0.625000
v -0.875000 -1.000000 0.750000
v -0.625000 -1.000000 0.750000
v -0.250000 -1.000000 -0.625000
v -0.250000 -1.000000 -0.875000
v -0.375000 -1.000000 -0.750000
v -0.125000 -1.000000 -0.750000
v -0.750000 -1.000000 -0.625000
v -0.750000 -1.000000 -0.875000
v -0.875000 -1.000000 -0.750000
v -0.625000 -1.000000 -0.750000
v -0.750000 -1.000000 -0.125000
v -0.750000 -1.000000 -0.375000
v -0.875000 -1.000000 -0.250000
v -0.625000 -1.000000 -0.250000
v 0.750000 -1.000000 -0.625000
v 0.750000 -1.000000 -0.875000
v 0.625000 -1.000000 -0.750000
v 0.875000 -1.000000 -0.750000
v 0.250000 -1.000000 -0.625000
v 0.250000 -1.000000 -0.875000
v 0.125000 -1.000000 -0.750000
v 0.375000 -1.000000 -0.750000
v 0.250000 -1.000000 -0.125000
v 0.250000 -1.000000 -0.375000
v 0.125000 -1.000000 -0.250000
v 0.375000 -1.000000 -0.250000
v -0.375000 -0.250000 1.000000
v -0.125000 -0.250000 1.000000
v -0.250000 -0.375000 1.000000
v -0.250000 -0.125000 1.000000
v -0.375000 -0.750000 1.000000
v -0.125000 -0.750000 1.000000
v -0.250000 -0.875000 1.000000
v -0.250000 -0.625000 1.000000
v -0.875000 -0.750000 1.000000
v -0.625000 -0.750000 1.000000
v -0.750000 -0.875000 1.000000
v -0.750000 -0.625000 1.000000
v 0.625000 -0.250000 1.000000
v 0.875000 -0.250000 1.000000
v 0.750000 -0.375000 1.000000
v 0.750000 -0.125000 1.000000
v 0.625000 -0.750000 1.000000
v 0.875000 -0.750000 1.000000
v 0.750000 -0.875000 1.000000
v 0.750000 -0.625000 1.000000
v 0.125000 -0.750000 1.000000
v 0.375000 -0.750000 1.000000
v 0.250000 -0.875000 1.000000
v 0.250000 -0.625000 1.000000
v 0.625000 0.750000 1.000000
v 0.875000 0.750000 1.000000
v 0.750000 0.625000 1.000000
v 0.750000 0.875000 1.000000
v 0.625000 0.250000 1.000000
v 0.875000 0.250000 1.000000
v 0.750000 0.125000 1.000000
v 0.750000 0.375000 1.000000
v 0.125000 0.250000 1.000000
v 0.375000 0.250000 1.000000
v 0.250000 0.125000 1.000000
v 0.250000 0.375000 1.000000
v 1.000000 -0.250000 0.375000
v 1.000000 -0.250000 0.125000
v 1.000000 -0.375000 0.250000
v 1.000000 -0.125000 0.250000
v 1.000000 -0.750000 0.375000
v 1.000000 -0.750000 0.125000
v 1.000000 -0.875000 0.250000
v 1.000000 -0.625000 0.250000
v 1.000000 -0.750000 0.875000
v 1.000000 -0.750000 0.625000
v 1.000000 -0.875000 0.750000
v 1.000000 -0.625000 0.750000
v 1.000000 -0.250000 -0.625000
v 1.000000 -0.250000 -0.875000
v 1.000000 -0.375000 -0.750000
v 1.000000 -0.125000 -0.750000
v 1.000000 -0.750000 -0.625000
v 1.000000 -0.750000 -0.875000
v 1.000000 -0.875000 -0.750000
v 1.000000 -0.625000 -0.750000
v 1.000000 -0.750000 -0.125000
v 1.000000 -0.750000 -0.375000
v 1.000000 -0.875000 -0.250000
v 1.000000 -0.625000 -0.250000
v 1.000000 0.750000 -0.625000
v 1.000000 0.750000 -0.875000
v 1.000000 0.625000 -0.750000
v 1.000000 0.875000 -0.750000
v 1.000000 0.250000 -0.625000
v 1.000000 0.250000 -0.875000
v 1.000000 0.125000 -0.750000
v 1.000000 0.375000 -0.750000
v 1.000000 0.250000 -0.125000
v 1.000000 0.250000 -0.375000
v 1.000000 0.125000 -0.250000
v 1.000000 0.375000 -0.250000
v 0.375000 -0.250000 -1.000000
v 0.125000 -0.250000 -1.000000
v 0.250000 -0.375000 -1.000000
v 0.250000 -0.125000 -1.000000
v 0.375000 -0.750000 -1.000000
v 0.125000 -0.750000 -1.000000
v 0.250000 -0.875000 -1.000000
v 0.250000 -0.625000 -1.000000
v 0.875000 -0.750000 -1.000000
v 0.625000 -0.750000 -1.000000
v 0.750000 -0.875000 -1.000000
v 0.750000 -0.625000 -1.000000
v -0.625000 -0.250000 -1.000000
v -0.875000 -0.250000 -1.000000
v -0.750000 -0.375000 -1.000000
v -0.750000 -0.125000 -1.000000
v -0.625000 -0.750000 -1.000000
v -0.875000 -0.750000 -1.000000
v -0.750000 -0.875000 -1.000000
v -0.750000 -0.625000 -1.000000
v -0.125000 -0.750000 -1.000000
v -0.375000 -0.750000 -1.000000
v -0.250000 -0.875000 -1.000000
v -0.250000 -0.625000 -1.000000
v -0.625000 0.750000 -1.000000
v -0.875000 0.750000 -1.000000
v -0.750000 0.625000 -1.000000
v -0.750000 0.875000 -1.000000
v -0.625000 0.250000 -1.000000
v -0.875000 0.250000 -1.000000
v -0.750000 0.125000 -1.000000
v -0.750000 0.375000 -1.000000
v -0.125000 0.250000 -1.000000
v -0.375000 0.250000 -1.000000
v -0.250000 0.125000 -1.000000
v -0.250000 0.375000 -1.000000
v -1.000000 -0.250000 -0.375000
v -1.000000 -0.250000 -0.125000
v -1.000000 -0.375000 -0.250000
v -1.000000 -0.125000 -0.250000
v -1.000000 -0.750000 -0.375000
v -1.000000 -0.750000 -0.125000
v -1.000000 -0.875000 -0.250000
v -1.000000 -0.625000 -0.250000
v -1.000000 -0.750000 -0.875000
v -1.000000 -0.750000 -0.625000
v -1.000000 -0.875000 -0.750000
v -1.000000 -0.625000 -0.750000
v -1.000000 -0.250000 0.625000
v -1.000000 -0.250000 0.875000
v -1.000000 -0.375000 0.750000
v -1.000000 -0.125000 0.750000
v -1.000000 -0.750000 0.625000
v -1.000000 -0.750000 0.875000
v -1.000000 -0.875000 0.750000
v -1.000000 -0.625000 0.750000
v -1.000000 -0.750000 0.125000
v -1.000000 -0.750000 0.375000
v -1.000000 -0.875000 0.250000
v -1.000000 -0.625000 0.250000
v -1.000000 0.750000 0.625000
v -1.000000 0.750000 0.875000
v -1.000000 0.625000 0.750000
v -1.000000 0.875000 0.750000
v -1.000000 0.250000 0.625000
v -1.000000 0.250000 0.875000
v -1.000000 0.125000 0.750000
v -1.000000 0.375000 0.750000
v -1.000000 0.250000 0.125000
v -1.000000 0.250000 0.375000
v -1.000000 0.125000 0.250000
v -1.000000 0.375000 0.250000
v -1.000000 0.750000 0.125000
v -1.000000 0.750000 0.375000
v -1.000000 0.625000 0.250000
v -1.000000 0.875000 0.250000
v -1.000000 -0.250000 0.125000
v -1.000000 -0.250000 0.375000
v -1.000000 -0.375000 0.250000
v -1.000000 -0.125000 0.250000
v -1.000000 -0.250000 -0.875000
v -1.000000 -0.250000 -0.625000
v -1.000000 -0.375000 -0.750000
v -1.000000 -0.125000 -0.750000
v -0.125000 0.750000 -1.000000
v -0.375000 0.750000 -1.000000
v -0.250000 0.625000 -1.000000
v -0.250000 0.875000 -1.000000
v -0.125000 -0.250000 -1.000000
v -0.375000 -0.250000 -1.000000
v -0.250000 -0.375000 -1.000000
v -0.250000 -0.125000 -1.000000
v 0.875000 -0.250000 -1.000000
v 0.625000 -0.250000 -1.000000
v 0.750000 -0.375000 -1.000000
v 0.750000 -0.125000 -1.000000
v 1.000000 0.750000 -0.125000
v 1.000000 0.750000 -0.375000
v 1.000000 0.625000 -0.250000
v 1.000000 0.875000 -0.250000
v 1.000000 -0.250000 -0.125000
v 1.000000 -0.250000 -0.375000
v 1.000000 -0.375000 -0.250000
v 1.000000 -0.125000 -0.250000
v 1.000000 -0.250000 0.875000
v 1.000000 -0.250000 0.625000
v 1.000000 -0.375000 0.750000
v 1.000000 -0.125000 0.750000
v 0.125000 0.750000 1.000000
v 0.375000 0.750000 1.000000
v 0.250000 0.625000 1.000000
v 0.250000 0.875000 1.000000
v 0.125000 -0.250000 1.000000
v 0.375000 -0.250000 1.000000
v 0.250000 -0.375000 1.000000
v 0.250000 -0.125000 1.000000
v -0.875000 -0.250000 1.000000
v -0.625000 -0.250000 1.000000
v -0.750000 -0.375000 1.000000
v -0.750000 -0.125000 1.000000
v 0.750000 -1.000000 -0.125000
v 0.750000 -1.000000 -0.375000
v 0.625000 -1.000000 -0.250000
v 0.875000 -1.000000 -0.250000
v -0.250000 -1.000000 -0.125000
v -0.250000 -1.000000 -0.375000
v -0.375000 -1.000000 -0.250000
v -0.125000 -1.000000 -0.250000
v -0.250000 -1.000000 0.875000
v -0.250000 -1.000000 0.625000
v -0.375000 -1.000000 0.750000
v -0.125000 -1.000000 0.750000
v -0.750000 1.000000 -0.125000
v -0.750000 1.000000 -0.375000
v -0.625000 1.000000 -0.250000
v -0.875000 1.000000 -0.250000
v 0.250000 1.000000 -0.125000
v 0.250000 1.000000 -0.375000
v 0.375000 1.000000 -0.250000
v 0.125000 1.000000 -0.250000
v 0.250000 1.000000 0.875000
v 0.250000 1.000000 0.625000
v 0.375000 1.000000 0.750000
v 0.125000 1.000000 0.750000
v -0.750000 1.000000 0.875000
v -0.750000 1.000000 0.625000
v -0.625000 1.000000 0.750000
v -0.875000 1.000000 0.750000
v 0.750000 -1.000000 0.875000
v 0.750000 -1.000000 0.625000
v 0.625000 -1.000000 0.750000
v 0.875000 -1.000000 0.750000
v -0.875000 0.750000 1.000000
v -0.625000 0.750000 1.000000
v -0.750000 0.625000 1.000000
v -0.750000 0.875000 1.000000
v 1.000000 0.750000 0.875000
v 1.000000 0.750000 0.625000
v 1.000000 0.625000 0.750000
v 1.000000 0.875000 0.750000
v 0.875000 0.750000 -1.000000
v 0.625000 0.750000 -1.000000
v 0.750000 0.625000 -1.000000
v 0.750000 0.875000 -1.000000
v -1.000000 0.750000 -0.875000
v -1.000000 0.750000 -0.625000
v -1.000000 0.625000 -0.750000
v -1.000000 0.875000 -0.750000
v -1.000000 0.875000 -0.625000
v -1.000000 0.625000 -0.625000
v -1.000000 0.625000 -0.875000
v 0.625000 0.875000 -1.000000
v 0.625000 0.625000 -1.000000
v 0.875000 0.625000 -1.000000
v 1.000000 0.875000 0.625000
v 1.000000 0.625000 0.625000
v 1.000000 0.625000 0.875000
v -0.625000 0.875000 1.000000
v -0.625000 0.625000 1.000000
v -0.875000 0.625000 1.000000
v 0.875000 -1.000000 0.625000
v 0.625000 -1.000000 0.625000
v 0.625000 -1.000000 0.875000
v -0.875000 1.000000 0.625000
v -0.625000 1.000000 0.625000
v -0.625000 1.000000 0.875000
v 0.125000 1.000000 0.625000
v 0.375000 1.000000 0.625000
v 0.375000 1.000000 0.875000
v 0.125000 1.000000 -0.375000
v 0.375000 1.000000 -0.375000
v 0.375000 1.000000 -0.125000
v -0.875000 1.000000 -0.375000
v -0.625000 1.000000 -0.375000
v -0.625000 1.000000 -0.125000
v -0.125000 -1.000000 0.625000
v -0.375000 -1.000000 0.625000
v -0.375000 -1.000000 0.875000
v -0.125000 -1.000000 -0.375000
v -0.375000 -1.000000 -0.375000
v -0.375000 -1.000000 -0.125000
v 0.875000 -1.000000 -0.375000
v 0.625000 -1.000000 -0.375000
v 0.625000 -1.000000 -0.125000
v -0.625000 -0.125000 1.000000
v -0.625000 -0.375000 1.000000
v -0.875000 -0.375000 1.000000
v 0.375000 -0.125000 1.000000
v 0.375000 -0.375000 1.000000
v 0.125000 -0.375000 1.000000
v 0.375000 0.875000 1.000000
v 0.375000 0.625000 1.000000
v 0.125000 0.625000 1.000000
v 1.000000 -0.125000 0.625000
v 1.000000 -0.375000 0.625000
v 1.000000 -0.375000 0.875000
v 1.000000 -0.125000 -0.375000
v 1.000000 -0.375000 -0.375000
v 1.000000 -0.375000 -0.125000
v 1.000000 0.875000 -0.375000
v 1.000000 0.625000 -0.375000
v 1.000000 0.625000 -0.125000
v 0.625000 -0.125000 -1.000000
v 0.625000 -0.375000 -1.000000
v 0.875000 -0.375000 -1.000000
v -0.375000 -0.125000 -1.000000
v -0.375000 -0.375000 -1.000000
v -0.125000 -0.375000 -1.000000
v -0.375000 0.875000 -1.000000
v -0.375000 0.625000 -1.000000
v -0.125000 0.625000 -1.000000
v -1.000000 -0.125000 -0.625000
v -1.000000 -0.375000 -0.625000
v -1.000000 -0.375000 -0.875000
v -1.000000 -0.125000 0.375000
v -1.000000 -0.375000 0.375000
v -1.000000 -0.375000 0.125000
v -1.000000 0.875000 0.375000
v -1.000000 0.625000 0.375000
v -1.000000 0.625000 0.125000
v -1.000000 0.375000 0.375000
v -1.000000 0.125000 0.375000
v -1.000000 0.125000 0.125000
v -1.000000 0.375000 0.875000
v -1.000000 0.125000 0.875000
v -1.000000 0.125000 0.625000
v -1.000000 0.875000 0.875000
v -1.000000 0.625000 0.875000
v -1.000000 0.625000 0.625000
v -1.000000 -0.625000 0.375000
v -1.000000 -0.875000 0.375000
v -1.000000 -0.875000 0.125000
v -1.000000 -0.625000 0.875000
v -1.000000 -0.875000 0.875000
v -1.000000 -0.875000 0.625000
v -1.000000 -0.125000 0.875000
v -1.000000 -0.375000 0.875000
v -1.000000 -0.375000 0.625000
v -1.000000 -0.625000 -0.625000
v -1.000000 -0.875000 -0.625000
v -1.000000 -0.875000 -0.875000
v -1.000000 -0.625000 -0.125000
v -1.000000 -0.875000 -0.125000
v -1.000000 -0.875000 -0.375000
v -1.000000 -0.125000 -0.125000
v -1.000000 -0.375000 -0.125000
v -1.000000 -0.375000 -0.375000
v -0.375000 0.375000 -1.000000
v -0.375000 0.125000 -1.000000
v -0.125000 0.125000 -1.000000
v -0.875000 0.375000 -1.000000
v -0.875000 0.125000 -1.000000
v -0.625000 0.125000 -1.000000
v -0.875000 0.875000 -1.000000
v -0.875000 0.625000 -1.000000
v -0.625000 0.625000 -1.000000
v -0.375000 -0.625000 -1.000000
v -0.375000 -0.875000 -1.000000
v -0.125000 -0.875000 -1.000000
v -0.875000 -0.625000 -1.000000
v -0.875000 -0.875000 -1.000000
v -0.625000 -0.875000 -1.000000
v -0.875000 -0.125000 -1.000000
v -0.875000 -0.375000 -1.000000
v -0.625000 -0.375000 -1.000000
v 0.625000 -0.625000 -1.000000
v 0.625000 -0.875000 -1.000000
v 0.875000 -0.875000 -1.000000
v 0.125000 -0.625000 -1.000000
v 0.125000 -0.875000 -1.000000
v 0.375000 -0.875000 -1.000000
v 0.125000 -0.125000 -1.000000
v 0.125000 -0.375000 -1.000000
v 0.375000 -0.375000 -1.000000
v 1.000000 0.375000 -0.375000
v 1.000000 0.125000 -0.375000
v 1.000000 0.125000 -0.125000
v 1.000000 0.375000 -0.875000
v 1.000000 0.125000 -0.875000
v 1.000000 0.125000 -0.625000
v 1.000000 0.875000 -0.875000
v 1.000000 0.625000 -0.875000
v 1.000000 0.625000 -0.625000
v 1.000000 -0.625000 -0.375000
v 1.000000 -0.875000 -0.375000
v 1.000000 -0.875000 -0.125000
v 1.000000 -0.625000 -0.875000
v 1.000000 -0.875000 -0.875000
v 1.000000 -0.875000 -0.625000
v 1.000000 -0.125000 -0.875000
v 1.000000 -0.375000 -0.875000
v 1.000000 -0.375000 -0.625000
v 1.000000 -0.625000 0.625000
v 1.000000 -0.875000 0.625000
v 1.000000 -0.875000 0.875000
v 1.000000 -0.625000 0.125000
v 1.000000 -0.875000 0.125000
v 1.000000 -0.875000 0.375000
v 1.000000 -0.125000 0.125000
v 1.000000 -0.375000 0.125000
v 1.000000 -0.375000 0.375000
v 0.375000 0.375000 1.000000
v 0.375000 0.125000 1.000000
v 0.125000 0.125000 1.000000
v 0.875000 0.375000 1.000000
v 0.875000 0.125000 1.000000
v 0.625000 0.125000 1.000000
v 0.875000 0.875000 1.000000
v 0.875000 0.625000 1.000000
v 0.625000 0.625000 1.000000
v 0.375000 -0.625000 1.000000
v 0.375000 -0.875000 1.000000
v 0.125000 -0.875000 1.000000
v 0.875000 -0.625000 1.000000
v 0.875000 -0.875000 1.000000
v 0.625000 -0.875000 1.000000
v 0.875000 -0.125000 1.000000
v 0.875000 -0.375000 1.000000
v 0.625000 -0.375000 1.000000
v -0.625000 -0.625000 1.000000
v -0.625000 -0.875000 1.000000
v -0.875000 -0.875000 1.000000
v -0.125000 -0.625000 1.000000
v -0.125000 -0.875000 1.000000
v -0.375000 -0.875000 1.000000
v -0.125000 -0.125000 1.000000
v -0.125000 -0.375000 1.000000
v -0.375000 -0.375000 1.000000
v 0.375000 -1.000000 -0.375000
v 0.125000 -1.000000 -0.375000
v 0.125000 -1.000000 -0.125000
v 0.375000 -1.000000 -0.875000
v 0.125000 -1.000000 -0.875000
v 0.125000 -1.000000 -0.625000
v 0.875000 -1.000000 -0.875000
v 0.625000 -1.000000 -0.875000
v 0.625000 -1.000000 -0.625000
v -0.625000 -1.000000 -0.375000
v -0.875000 -1.000000 -0.375000
v -0.875000 -1.000000 -0.125000
v -0.625000 -1.000000 -0.875000
v -0.875000 -1.000000 -0.875000
v -0.875000 -1.000000 -0.625000
v -0.125000 -1.000000 -0.875000
v -0.375000 -1.000000 -0.875000
v -0.375000 -1.000000 -0.625000
v -0.625000 -1.000000 0.625000
v -0.875000 -1.000000 0.625000
v -0.875000 -1.000000 0.875000
v -0.625000 -1.000000 0.125000
v -0.875000 -1.000000 0.125000
v -0.875000 -1.000000 0.375000
v -0.125000 -1.000000 0.125000
v -0.375000 -1.000000 0.125000
v -0.375000 -1.000000 0.375000
v -0.375000 1.000000 -0.375000
v -0.125000 1.000000 -0.375000
v -0.125000 1.000000 -0.125000
v -0.375000 1.000000 -0.875000
v -0.125000 1.000000 -0.875000
v -0.125000 1.000000 -0.625000
v -0.875000 1.000000 -0.875000
v -0.625000 1.000000 -0.875000
v -0.625000 1.000000 -0.625000
v 0.625000 1.000000 -0.375000
v 0.875000 1.000000 -0.375000
v 0.875000 1.000000 -0.125000
v 0.625000 1.000000 -0.875000
v 0.875000 1.000000 -0.875000
v 0.875000 1.000000 -0.625000
v 0.125000 1.000000 -0.875000
v 0.375000 1.000000 -0.875000
v 0.375000 1.000000 -0.625000
v 0.625000 1.000000 0.625000
v 0.875000 1.000000 0.625000
v 0.875000 1.000000 0.875000
v 0.625000 1.000000 0.125000
v 0.875000 1.000000 0.125000
v 0.875000 1.000000 0.375000
v 0.125000 1.000000 0.125000
v 0.375000 1.000000 0.125000
v 0.375000 1.000000 0.375000
v -0.375000 1.000000 0.625000
v -0.125000 1.000000 0.625000
v -0.125000 1.000000 0.875000
v -0.375000 1.000000 0.125000
v -0.125000 1.000000 0.125000
v -0.125000 1.000000 0.375000
v -0.875000 1.000000 0.125000
v -0.625000 1.000000 0.125000
v -0.625000 1.000000 0.375000
v 0.375000 -1.000000 0.625000
v 0.125000 -1.000000 0.625000
v 0.125000 -1.000000 0.875000
v 0.375000 -1.000000 0.125000
v 0.125000 -1.000000 0.125000
v 0.125000 -1.000000 0.375000
v 0.875000 -1.000000 0.125000
v 0.625000 -1.000000 0.125000
v 0.625000 -1.000000 0.375000
v -0.625000 0.375000 1.000000
v -0.625000 0.125000 1.000000
v -0.875000 0.125000 1.000000
v -0.125000 0.375000 1.000000
v -0.125000 0.125000 1.000000
v -0.375000 0.125000 1.000000
v -0.125000 0.875000 1.000000
v -0.125000 0.625000 1.000000
v -0.375000 0.625000 1.000000
v 1.000000 0.375000 0.625000
v 1.000000 0.125000 0.625000
v 1.000000 0.125000 0.875000
v 1.000000 0.375000 0.125000
v 1.000000 0.125000 0.125000
v 1.000000 0.125000 0.375000
v 1.000000 0.875000 0.125000
v 1.000000 0.625000 0.125000
v 1.000000 0.625000 0.375000
v 0.625000 0.375000 -1.000000
v 0.625000 0.125000 -1.000000
v 0.875000 0.125000 -1.000000
v 0.125000 0.375000 -1.000000
v 0.125000 0.125000 -1.000000
v 0.375000 0.125000 -1.000000
v 0.125000 0.875000 -1.000000
v 0.125000 0.625000 -1.000000
v 0.375000 0.625000 -1.000000
v -1.000000 0.375000 -0.625000
v -1.000000 0.125000 -0.625000
v -1.000000 0.125000 -0.875000
v -1.000000 0.375000 -0.125000
v -1.000000 0.125000 -0.125000
v -1.000000 0.125000 -0.375000
v -1.000000 0.875000 -0.125000
v -1.000000 0.625000 -0.125000
v -1.000000 0.625000 -0.375000
v -1.000000 0.875000 -0.375000
v -1.000000 0.375000 -0.375000
v -1.000000 0.375000 -0.875000
v 0.375000 0.875000 -1.000000
v 0.375000 0.375000 -1.000000
v 0.875000 0.375000 -1.000000
v 1.000000 0.875000 0.375000
v 1.000000 0.375000 0.375000
v 1.000000 0.375000 0.875000
v -0.375000 0.875000 1.000000
v -0.375000 0.375000 1.000000
v -0.875000 0.375000 1.000000
v 0.875000 -1.000000 0.375000
v 0.375000 -1.000000 0.375000
v 0.375000 -1.000000 0.875000
v -0.875000 1.000000 0.375000
v -0.375000 1.000000 0.375000
v -0.375000 1.000000 0.875000
v 0.125000 1.000000 0.375000
v 0.625000 1.000000 0.375000
v 0.625000 1.000000 0.875000
v 0.125000 1.000000 -0.625000
v 0.625000 1.000000 -0.625000
v 0.625000 1.000000 -0.125000
v -0.875000 1.000000 -0.625000
v -0.375000 1.000000 -0.625000
v -0.375000 1.000000 -0.125000
v -0.125000 -1.000000 0.375000
v -0.625000 -1.000000 0.375000
v -0.625000 -1.000000 0.875000
v -0.125000 -1.000000 -0.625000
v -0.625000 -1.000000 -0.625000
v -0.625000 -1.000000 -0.125000
v 0.875000 -1.000000 -0.625000
v 0.375000 -1.000000 -0.625000
v 0.375000 -1.000000 -0.125000
v -0.375000 -0.125000 1.000000
v -0.375000 -0.625000 1.000000
v -0.875000 -0.625000 1.000000
v 0.625000 -0.125000 1.000000
v 0.625000 -0.625000 1.000000
v 0.125000 -0.625000 1.000000
v 0.625000 0.875000 1.000000
v 0.625000 0.375000 1.000000
v 0.125000 0.375000 1.000000
v 1.000000 -0.125000 0.375000
v 1.000000 -0.625000 0.375000
v 1.000000 -0.625000 0.875000
v 1.000000 -0.125000 -0.625000
v 1.000000 -0.625000 -0.625000
v 1.000000 -0.625000 -0.125000
v 1.000000 0.875000 -0.625000
v 1.000000 0.375000 -0.625000
v 1.000000 0.375000 -0.125000
v 0.375000 -0.125000 -1.000000
v 0.375000 -0.625000 -1.000000
v 0.875000 -0.625000 -1.000000
v -0.625000 -0.125000 -1.000000
v -0.625000 -0.625000 -1.000000
v -0.125000 -0.625000 -1.000000
v -0.625000 0.875000 -1.000000
v -0.625000 0.375000 -1.000000
v -0.125000 0.375000 -1.000000
v -1.000000 -0.125000 -0.375000
v -1.000000 -0.625000 -0.375000
v -1.000000 -0.625000 -0.875000
v -1.000000 -0.125000 0.625000
v -1.000000 -0.625000 0.625000
v -1.000000 -0.625000 0.125000
v -1.000000 0.875000 0.625000
v -1.000000 0.375000 0.625000
v -1.000000 0.375000 0.125000
v -1.000000 0.875000 0.125000
v -1.000000 -0.125000 0.125000
v -1.000000 -0.125000 -0.875000
v -0.125000 0.875000 -1.000000
v -0.125000 -0.125000 -1.000000
v 0.875000 -0.125000 -1.000000
v 1.000000 0.875000 -0.125000
v 1.000000 -0.125000 -0.125000
v 1.000000 -0.125000 0.875000
v 0.125000 0.875000 1.000000
v 0.125000 -0.125000 1.000000
v -0.875000 -0.125000 1.000000
v 0.875000 -1.000000 -0.125000
v -0.125000 -1.000000 -0.125000
v -0.125000 -1.000000 0.875000
v -0.875000 1.000000 -0.125000
v 0.125000 1.000000 -0.125000
v 0.125000 1.000000 0.875000
v -0.875000 1.000000 0.875000
v 0.875000 -1.000000 0.875000
v -0.875000 0.875000 1.000000
v 1.000000 0.875000 0.875000
v 0.875000 0.875000 -1.000000
v -1.000000 0.875000 -0.875000
v -0.880000 -1.000000 0.880000
v -0.880000 -0.880000 1.000000
v -1.000000 -0.880000 0.880000
v -0.880000 -0.997694 0.903411
v -0.880000 -0.990866 0.925922
v -0.880000 -0.979776 0.946668
v -0.880000 -0.964853 0.964853
v -0.903411 -0.997694 0.880000
v -0.904128 -0.994983 0.904429
v -0.904165 -0.987682 0.927124
v -0.903954 -0.976803 0.946749
v -0.903835 -0.963213 0.963111
v -0.925922 -0.990866 0.880000
v -0.927056 -0.987650 0.904436
v -0.926455 -0.980367 0.926565
v -0.925050 -0.970570 0.944557
v -0.924244 -0.958887 0.958862
v -0.946668 -0.979776 0.880000
v -0.946864 -0.976686 0.904101
v -0.944576 -0.970524 0.925114
v -0.941313 -0.962955 0.941313
v -0.939572 -0.953659 0.953659
v -0.949282 -0.949282 0.949282
v -0.903411 -0.880000 0.997694
v -0.925922 -0.880000 0.990866
v -0.946668 -0.880000 0.979776
v -0.964853 -0.880000 0.964853
v -0.880000 -0.903411 0.997694
v -0.904429 -0.904128 0.994983
v -0.927124 -0.904165 0.987682
v -0.946749 -0.903954 0.976803
v -0.963111 -0.903835 0.963213
v -0.880000 -0.925922 0.990866
v -0.904436 -0.927056 0.987650
v -0.926565 -0.926455 0.980367
v -0.944557 -0.925050 0.970570
v -0.958862 -0.924244 0.958887
v -0.880000 -0.946668 0.979776
v -0.904101 -0.946864 0.976686
v -0.925114 -0.944576 0.970524
v -0.941313 -0.941313 0.962955
v -0.953659 -0.939572 0.953659
v -0.997694 -0.903411 0.880000
v -0.990866 -0.925922 0.880000
v -0.979776 -0.946668 0.880000
v -0.964853 -0.964853 0.880000
v -0.997694 -0.880000 0.903411
v -0.994983 -0.904429 0.904128
v -0.987682 -0.927124 0.904165
v -0.976803 -0.946749 0.903954
v -0.963213 -0.963111 0.903835
v -0.990866 -0.880000 0.925922
v -0.987650 -0.904436 0.927056
v -0.980367 -0.926565 0.926455
v -0.970570 -0.944557 0.925050
v -0.958887 -0.958862 0.924244
v -0.979776 -0.880000 0.946668
v -0.976686 -0.904101 0.946864
v -0.970524 -0.925114 0.944576
v -0.962955 -0.941313 0.941313
v -0.953659 -0.953659 0.939572
v -1.000000 0.880000 0.880000
v -0.880000 0.880000 1.000000
v -0.880000 1.000000 0.880000
v -0.997694 0.880000 0.903411
v -0.990866 0.880000 0.925922
v -0.979776 0.880000 0.946668
v -0.964853 0.880000 0.964853
v -0.997694 0.903411 0.880000
v -0.994983 0.904128 0.904429
v -0.987682 0.904165 0.927124
v -0.976803 0.903954 0.946749
v -0.963213 0.903835 0.963111
v -0.990866 0.925922 0.880000
v -0.987650 0.927056 0.904436
v -0.980367 0.926455 0.926565
v -0.970570 0.925050 0.944557
v -0.958887 0.924244 0.958862
v -0.979776 0.946668 0.880000
v -0.976686 0.946864 0.904101
v -0.970524 0.944576 0.925114
v -0.962955 0.941313 0.941313
v -0.953659 0.939572 0.953659
v -0.949282 0.949282 0.949282
v -0.880000 0.903411 0.997694
v -0.880000 0.925922 0.990866
v -0.880000 0.946668 0.979776
v -0.880000 0.964853 0.964853
v -0.903411 0.880000 0.997694
v -0.904128 0.904429 0.994983
v -0.904165 0.927124 0.987682
v -0.903954 0.946749 0.976803
v -0.903835 0.963111 0.963213
v -0.925922 0.880000 0.990866
v -0.927056 0.904436 0.987650
v -0.926455 0.926565 0.980367
v -0.925050 0.944557 0.970570
v -0.924244 0.958862 0.958887
v -0.946668 0.880000 0.979776
v -0.946864 0.904101 0.976686
v -0.944576 0.925114 0.970524
v -0.941313 0.941313 0.962955
v -0.939572 0.953659 0.953659
v -0.903411 0.997694 0.880000
v -0.925922 0.990866 0.880000
v -0.946668 0.979776 0.880000
v -0.964853 0.964853 0.880000
v -0.880000 0.997694 0.903411
v -0.904429 0.994983 0.904128
v -0.927124 0.987682 0.904165
v -0.946749 0.976803 0.903954
v -0.963111 0.963213 0.903835
v -0.880000 0.990866 0.925922
v -0.904436 0.987650 0.927056
v -0.926565 0.980367 0.926455
v -0.944557 0.970570 0.925050
v -0.958862 0.958887 0.924244
v -0.880000 0.979776 0.946668
v -0.904101 0.976686 0.946864
v -0.925114 0.970524 0.944576
v -0.941313 0.962955 0.941313
v -0.953659 0.953659 0.939572
v -1.000000 -0.880000 -0.880000
v -0.880000 -0.880000 -1.000000
v -0.880000 -1.000000 -0.880000
v -0.997694 -0.880000 -0.903411
v -0.990866 -0.880000 -0.925922
v -0.979776 -0.880000 -0.946668
v -0.964853 -0.880000 -0.964853
v -0.997694 -0.903411 -0.880000
v -0.994983 -0.904128 -0.904429
v -0.987682 -0.904165 -0.927124
v -0.976803 -0.903954 -0.946749
v -0.963213 -0.903835 -0.963111
v -0.990866 -0.925922 -0.880000
v -0.987650 -0.927056 -0.904436
v -0.980367 -0.926455 -0.926565
v -0.970570 -0.925050 -0.944557
v -0.958887 -0.924244 -0.958862
v -0.979776 -0.946668 -0.880000
v -0.976686 -0.946864 -0.904101
v -0.970524 -0.944576 -0.925114
v -0.962955 -0.941313 -0.941313
v -0.953659 -0.939572 -0.953659
v -0.949282 -0.949282 -0.949282
v -0.880000 -0.903411 -0.997694
v -0.880000 -0.925922 -0.990866
v -0.880000 -0.946668 -0.979776
v -0.880000 -0.964853 -0.964853
v -0.903411 -0.880000 -0.997694
v -0.904128 -0.904429 -0.994983
v -0.904165 -0.927124 -0.987682
v -0.903954 -0.946749 -0.976803
v -0.903835 -0.963111 -0.963213
v -0.925922 -0.880000 -0.990866
v -0.927056 -0.904436 -0.987650
v -0.926455 -0.926565 -0.980367
v -0.925050 -0.944557 -0.970570
v -0.924244 -0.958862 -0.958887
v -0.946668 -0.880000 -0.979776
v -0.946864 -0.904101 -0.976686
v -0.944576 -0.925114 -0.970524
v -0.941313 -0.941313 -0.962955
v -0.939572 -0.953659 -0.953659
v -0.903411 -0.997694 -0.880000
v -0.925922 -0.990866 -0.880000
v -0.946668 -0.979776 -0.880000
v -0.964853 -0.964853 -0.880000
v -0.880000 -0.997694 -0.903411
v -0.904429 -0.994983 -0.904128
v -0.927124 -0.987682 -0.904165
v -0.946749 -0.976803 -0.903954
v -0.963111 -0.963213 -0.903835
v -0.880000 -0.990866 -0.925922
v -0.904436 -0.987650 -0.927056
v -0.926565 -0.980367 -0.926455
v -0.944557 -0.970570 -0.925050
v -0.958862 -0.958887 -0.924244
v -0.880000 -0.979776 -0.946668
v -0.904101 -0.976686 -0.946864
v -0.925114 -0.970524 -0.944576
v -0.941313 -0.962955 -0.941313
v -0.953659 -0.953659 -0.939572
v -0.880000 1.000000 -0.880000
v -0.880000 0.880000 -1.000000
v -1.000000 0.880000 -0.880000
v -0.880000 0.997694 -0.903411
v -0.880000 0.990866 -0.925922
v -0.880000 0.979776 -0.946668
v -0.880000 0.964853 -0.964853
v -0.903411 0.997694 -0.880000
v -0.904128 0.994983 -0.904429
v -0.904165 0.987682 -0.927124
v -0.903954 0.976803 -0.946749
v -0.903835 0.963213 -0.963111
v -0.925922 0.990866 -0.880000
v -0.927056 0.987650 -0.904436
v -0.926455 0.980367 -0.926565
v -0.925050 0.970570 -0.944557
v -0.924244 0.958887 -0.958862
v -0.946668 0.979776 -0.880000
v -0.946864 0.976686 -0.904101
v -0.944576 0.970524 -0.925114
v -0.941313 0.962955 -0.941313
v -0.939572 0.953659 -0.953659
v -0.949282 0.949282 -0.949282
v -0.903411 0.880000 -0.997694
v -0.925922 0.880000 -0.990866
v -0.946668 0.880000 -0.979776
v -0.964853 0.880000 -0.964853
v -0.880000 0.903411 -0.997694
v -0.904429 0.904128 -0.994983
v -0.927124 0.904165 -0.987682
v -0.946749 0.903954 -0.976803
v -0.963111 0.903835 -0.963213
v -0.880000 0.925922 -0.990866
v -0.904436 0.927056 -0.987650
v -0.926565 0.926455 -0.980367
v -0.944557 0.925050 -0.970570
v -0.958862 0.924244 -0.958887
v -0.880000 0.946668 -0.979776
v -0.904101 0.946864 -0.976686
v -0.925114 0.944576 -0.970524
v -0.941313 0.941313 -0.962955
v -0.953659 0.939572 -0.953659
v -0.997694 0.903411 -0.880000
v -0.990866 0.925922 -0.880000
v -0.979776 0.946668 -0.880000
v -0.964853 0.964853 -0.880000
v -0.997694 0.880000 -0.903411
v -0.994983 0.904429 -0.904128
v -0.987682 0.927124 -0.904165
v -0.976803 0.946749 -0.903954
v -0.963213 0.963111 -0.903835
v -0.990866 0.880000 -0.925922
v -0.987650 0.904436 -0.927056
v -0.980367 0.926565 -0.926455
v -0.970570 0.944557 -0.925050
v -0.958887 0.958862 -0.924244
v -0.979776 0.880000 -0.946668
v -0.976686 0.904101 -0.946864
v -0.970524 0.925114 -0.944576
v -0.962955 0.941313 -0.941313
v -0.953659 0.953659 -0.939572
v 1.000000 -0.880000 0.880000
v 0.880000 -0.880000 1.000000
v 0.880000 -1.000000 0.880000
v 0.997694 -0.880000 0.903411
v 0.990866 -0.880000 0.925922
v 0.979776 -0.880000 0.946668
v 0.964853 -0.880000 0.964853
v 0.997694 -0.903411 0.880000
v 0.994983 -0.904128 0.904429
v 0.987682 -0.904165 0.927124
v 0.976803 -0.903954 0.946749
v 0.963213 -0.903835 0.963111
v 0.990866 -0.925922 0.880000
v 0.987650 -0.927056 0.904436
v 0.980367 -0.926455 0.926565
v 0.970570 -0.925050 0.944557
v 0.958887 -0.924244 0.958862
v 0.979776 -0.946668 0.880000
v 0.976686 -0.946864 0.904101
v 0.970524 -0.944576 0.925114
v 0.962955 -0.941313 0.941313
v 0.953659 -0.939572 0.953659
v 0.949282 -0.949282 0.949282
v 0.880000 -0.903411 0.997694
v 0.880000 -0.925922 0.990866
v 0.880000 -0.946668 0.979776
v 0.880000 -0.964853 0.964853
v 0.903411 -0.880000 0.997694
v 0.904128 -0.904429 0.994983
v 0.904165 -0.927124 0.987682
v 0.903954 -0.946749 0.976803
v 0.903835 -0.963111 0.963213
v 0.925922 -0.880000 0.990866
v 0.927056 -0.904436 0.987650
v 0.926455 -0.926565 0.980367
v 0.925050 -0.944557 0.970570
v 0.924244 -0.958862 0.958887
v 0.946668 -0.880000 0.979776
v 0.946864 -0.904101 0.976686
v 0.944576 -0.925114 0.970524
v 0.941313 -0.941313 0.962955
v 0.939572 -0.953659 0.953659
v 0.903411 -0.997694 0.880000
v 0.925922 -0.990866 0.880000
v 0.946668 -0.979776 0.880000
v 0.964853 -0.964853 0.880000
v 0.880000 -0.997694 0.903411
v 0.904429 -0.994983 0.904128
v 0.927124 -0.987682 0.904165
v 0.946749 -0.976803 0.903954
v 0.963111 -0.963213 0.903835
v 0.880000 -0.990866 0.925922
v 0.904436 -0.987650 0.927056
v 0.926565 -0.980367 0.926455
v 0.944557 -0.970570 0.925050
v 0.958862 -0.958887 0.924244
v 0.880000 -0.979776 0.946668
v 0.904101 -0.976686 0.946864
v 0.925114 -0.970524 0.944576
v 0.941313 -0.962955 0.941313
v 0.953659 -0.953659 0.939572
v 0.880000 1.000000 0.880000
v 0.880000 0.880000 1.000000
v 1.000000 0.880000 0.880000
v 0.880000 0.997694 0.903411
v 0.880000 0.990866 0.925922
v 0.880000 0.979776 0.946668
v 0.880000 0.964853 0.964853
v 0.903411 0.997694 0.880000
v 0.904128 0.994983 0.904429
v 0.904165 0.987682 0.927124
v 0.903954 0.976803 0.946749
v 0.903835 0.963213 0.963111
v 0.925922 0.990866 0.880000
v 0.927056 0.987650 0.904436
v 0.926455 0.980367 0.926565
v 0.925050 0.970570 0.944557
v 0.924244 0.958887 0.958862
v 0.946668 0.979776 0.880000
v 0.946864 0.976686 0.904101
v 0.944576 0.970524 0.925114
v 0.941313 0.962955 0.941313
v 0.939572 0.953659 0.953659
v 0.949282 0.949282 0.949282
v 0.903411 0.880000 0.997694
v 0.925922 0.880000 0.990866
v 0.946668 0.880000 0.979776
v 0.964853 0.880000 0.964853
v 0.880000 0.903411 0.997694
v 0.904429 0.904128 0.994983
v 0.927124 0.904165 0.987682
v 0.946749 0.903954 0.976803
v 0.963111 0.903835 0.963213
v 0.880000 0.925922 0.990866
v 0.904436 0.927056 0.987650
v 0.926565 0.926455 0.980367
v 0.944557 0.925050 0.970570
v 0.958862 0.924244 0.958887
v 0.880000 0.946668 0.979776
v 0.904101 0.946864 0.976686
v 0.925114 0.944576 0.970524
v 0.941313 0.941313 0.962955
v 0.953659 0.939572 0.953659
v 0.997694 0.903411 0.880000
v 0.990866 0.925922 0.880000
v 0.979776 0.946668 0.880000
v 0.964853 0.964853 0.880000
v 0.997694 0.880000 0.903411
v 0.994983 0.904429 0.904128
v 0.987682 0.927124 0.904165
v 0.976803 0.946749 0.903954
v 0.963213 0.963111 0.903835
v 0.990866 0.880000 0.925922
v 0.987650 0.904436 0.927056
v 0.980367 0.926565 0.926455
v 0.970570 0.944557 0.925050
v 0.958887 0.958862 0.924244
v 0.979776 0.880000 0.946668
v 0.976686 0.904101 0.946864
v 0.970524 0.925114 0.944576
v 0.962955 0.941313 0.941313
v 0.953659 0.953659 0.939572
v 0.880000 -0.880000 -1.000000
v 1.000000 -0.880000 -0.880000
v 0.880000 -1.000000 -0.880000
v 0.903411 -0.880000 -0.997694
v 0.925922 -0.880000 -0.990866
v 0.946668 -0.880000 -0.979776
v 0.964853 -0.880000 -0.964853
v 0.880000 -0.903411 -0.997694
v 0.904429 -0.904128 -0.994983
v 0.927124 -0.904165 -0.987682
v 0.946749 -0.903954 -0.976803
v 0.963111 -0.903835 -0.963213
v 0.880000 -0.925922 -0.990866
v 0.904436 -0.927056 -0.987650
v 0.926565 -0.926455 -0.980367
v 0.944557 -0.925050 -0.970570
v 0.958862 -0.924244 -0.958887
v 0.880000 -0.946668 -0.979776
v 0.904101 -0.946864 -0.976686
v 0.925114 -0.944576 -0.970524
v 0.941313 -0.941313 -0.962955
v 0.953659 -0.939572 -0.953659
v 0.949282 -0.949282 -0.949282
v 0.997694 -0.903411 -0.880000
v 0.990866 -0.925922 -0.880000
v 0.979776 -0.946668 -0.880000
v 0.964853 -0.964853 -0.880000
v 0.997694 -0.880000 -0.903411
v 0.994983 -0.904429 -0.904128
v 0.987682 -0.927124 -0.904165
v 0.976803 -0.946749 -0.903954
v 0.963213 -0.963111 -0.903835
v 0.990866 -0.880000 -0.925922
v 0.987650 -0.904436 -0.927056
v 0.980367 -0.926565 -0.926455
v 0.970570 -0.944557 -0.925050
v 0.958887 -0.958862 -0.924244
v 0.979776 -0.880000 -0.946668
v 0.976686 -0.904101 -0.946864
v 0.970524 -0.925114 -0.944576
v 0.962955 -0.941313 -0.941313
v 0.953659 -0.953659 -0.939572
v 0.880000 -0.997694 -0.903411
v 0.880000 -0.990866 -0.925922
v 0.880000 -0.979776 -0.946668
v 0.880000 -0.964853 -0.964853
v 0.903411 -0.997694 -0.880000
v 0.904128 -0.994983 -0.904429
v 0.904165 -0.987682 -0.927124
v 0.903954 -0.976803 -0.946749
v 0.903835 -0.963213 -0.963111
v 0.925922 -0.990866 -0.880000
v 0.927056 -0.987650 -0.904436
v 0.926455 -0.980367 -0.926565
v 0.925050 -0.970570 -0.944557
v 0.924244 -0.958887 -0.958862
v 0.946668 -0.979776 -0.880000
v 0.946864 -0.976686 -0.904101
v 0.944576 -0.970524 -0.925114
v 0.941313 -0.962955 -0.941313
v 0.939572 -0.953659 -0.953659
v 0.880000 1.000000 -0.880000
v 1.000000 0.880000 -0.880000
v 0.880000 0.880000 -1.000000
v 0.903411 0.997694 -0.880000
v 0.925922 0.990866 -0.880000
v 0.946668 0.979776 -0.880000
v 0.964853 0.964853 -0.880000
v 0.880000 0.997694 -0.903411
v 0.904429 0.994983 -0.904128
v 0.927124 0.987682 -0.904165
v 0.946749 0.976803 -0.903954
v 0.963111 0.963213 -0.903835
v 0.880000 0.990866 -0.925922
v 0.904436 0.987650 -0.927056
v 0.926565 0.980367 -0.926455
v 0.944557 0.970570 -0.925050
v 0.958862 0.958887 -0.924244
v 0.880000 0.979776 -0.946668
v 0.904101 0.976686 -0.946864
v 0.925114 0.970524 -0.944576
v 0.941313 0.962955 -0.941313
v 0.953659 0.953659 -0.939572
v 0.949282 0.949282 -0.949282
v 0.997694 0.880000 -0.903411
v 0.990866 0.880000 -0.925922
v 0.979776 0.880000 -0.946668
v 0.964853 0.880000 -0.964853
v 0.997694 0.903411 -0.880000
v 0.994983 0.904128 -0.904429
v 0.987682 0.904165 -0.927124
v 0.976803 0.903954 -0.946749
v 0.963213 0.903835 -0.963111
v 0.990866 0.925922 -0.880000
v 0.987650 0.927056 -0.904436
v 0.980367 0.926455 -0.926565
v 0.970570 0.925050 -0.944557
v 0.958887 0.924244 -0.958862
v 0.979776 0.946668 -0.880000
v 0.976686 0.946864 -0.904101
v 0.970524 0.944576 -0.925114
v 0.962955 0.941313 -0.941313
v 0.953659 0.939572 -0.953659
v 0.880000 0.903411 -0.997694
v 0.880000 0.925922 -0.990866
v 0.880000 0.946668 -0.979776
v 0.880000 0.964853 -0.964853
v 0.903411 0.880000 -0.997694
v 0.904128 0.904429 -0.994983
v 0.904165 0.927124 -0.987682
v 0.903954 0.946749 -0.976803
v 0.903835 0.963111 -0.963213
v 0.925922 0.880000 -0.990866
v 0.927056 0.904436 -0.987650
v 0.926455 0.926565 -0.980367
v 0.925050 0.944557 -0.970570
v 0.924244 0.958862 -0.958887
v 0.946668 0.880000 -0.979776
v 0.946864 0.904101 -0.976686
v 0.944576 0.925114 -0.970524
v 0.941313 0.941313 -0.962955
v 0.939572 0.953659 -0.953659
v -0.880000 -1.000000 0.000000
v -1.000000 -0.880000 0.000000
v -0.903411 -0.997694 0.000000
v -0.925922 -0.990866 0.000000
v -0.946668 -0.979776 0.000000
v -0.964853 -0.964853 0.000000
v -0.979776 -0.946668 0.000000
v -0.990866 -0.925922 0.000000
v -0.997694 -0.903411 0.000000
v -0.880000 0.000000 1.000000
v -1.000000 0.000000 0.880000
v -0.903411 0.000000 0.997694
v -0.925922 0.000000 0.990866
v -0.946668 0.000000 0.979776
v -0.964853 0.000000 0.964853
v -0.979776 0.000000 0.946668
v -0.990866 0.000000 0.925922
v -0.997694 0.000000 0.903411
v -0.880000 1.000000 0.000000
v -1.000000 0.880000 0.000000
v -0.903411 0.997694 0.000000
v -0.925922 0.990866 0.000000
v -0.946668 0.979776 0.000000
v -0.964853 0.964853 0.000000
v -0.979776 0.946668 0.000000
v -0.990866 0.925922 0.000000
v -0.997694 0.903411 0.000000
v -0.880000 0.000000 -1.000000
v -1.000000 0.000000 -0.880000
v -0.903411 0.000000 -0.997694
v -0.925922 0.000000 -0.990866
v -0.946668 0.000000 -0.979776
v -0.964853 0.000000 -0.964853
v -0.979776 0.000000 -0.946668
v -0.990866 0.000000 -0.925922
v -0.997694 0.000000 -0.903411
v 0.000000 -1.000000 -0.880000
v 0.000000 -0.880000 -1.000000
v 0.000000 -0.997694 -0.903411
v 0.000000 -0.990866 -0.925922
v 0.000000 -0.979776 -0.946668
v 0.000000 -0.964853 -0.964853
v 0.000000 -0.946668 -0.979776
v 0.000000 -0.925922 -0.990866
v 0.000000 -0.903411 -0.997694
v 0.000000 1.000000 -0.880000
v 0.000000 0.880000 -1.000000
v 0.000000 0.997694 -0.903411
v 0.000000 0.990866 -0.925922
v 0.000000 0.979776 -0.946668
v 0.000000 0.964853 -0.964853
v 0.000000 0.946668 -0.979776
v 0.000000 0.925922 -0.990866
v 0.000000 0.903411 -0.997694
v 1.000000 0.000000 -0.880000
v 0.880000 0.000000 -1.000000
v 0.997694 0.000000 -0.903411
v 0.990866 0.000000 -0.925922
v 0.979776 0.000000 -0.946668
v 0.964853 0.000000 -0.964853
v 0.946668 0.000000 -0.979776
v 0.925922 0.000000 -0.990866
v 0.903411 0.000000 -0.997694
v 0.880000 -1.000000 0.000000
v 1.000000 -0.880000 0.000000
v 0.903411 -0.997694 0.000000
v 0.925922 -0.990866 0.000000
v 0.946668 -0.979776 0.000000
v 0.964853 -0.964853 0.000000
v 0.979776 -0.946668 0.000000
v 0.990866 -0.925922 0.000000
v 0.997694 -0.903411 0.000000
v 0.880000 1.000000 0.000000
v 1.000000 0.880000 0.000000
v 0.903411 0.997694 0.000000
v 0.925922 0.990866 0.000000
v 0.946668 0.979776 0.000000
v 0.964853 0.964853 0.000000
v 0.979776 0.946668 0.000000
v 0.990866 0.925922 0.000000
v 0.997694 0.903411 0.000000
v 0.880000 0.000000 1.000000
v 1.000000 0.000000 0.880000
v 0.903411 0.000000 0.997694
v 0.925922 0.000000 0.990866
v 0.946668 0.000000 0.979776
v 0.964853 0.000000 0.964853
v 0.979776 0.000000 0.946668
v 0.990866 0.000000 0.925922
v 0.997694 0.000000 0.903411
v 0.000000 -1.000000 0.880000
v 0.000000 -0.880000 1.000000
v 0.000000 -0.997694 0.903411
v 0.000000 -0.990866 0.925922
v 0.000000 -0.979776 0.946668
v 0.000000 -0.964853 0.964853
v 0.000000 -0.946668 0.979776
v 0.000000 -0.925922 0.990866
v 0.000000 -0.903411 0.997694
v 0.000000 1.000000 0.880000
v 0.000000 0.880000 1.000000
v 0.000000 0.997694 0.903411
v 0.000000 0.990866 0.925922
v 0.000000 0.979776 0.946668
v 0.000000 0.964853 0.964853
v 0.000000 0.946668 0.979776
v 0.000000 0.925922 0.990866
v 0.000000 0.903411 0.997694
v -0.880000 -1.000000 0.500000
v -1.000000 -0.880000 0.500000
v -0.903411 -0.997694 0.500000
v -0.925922 -0.990866 0.500000
v -0.946668 -0.979776 0.500000
v -0.964853 -0.964853 0.500000
v -0.979776 -0.946668 0.500000
v -0.990866 -0.925922 0.500000
v -0.997694 -0.903411 0.500000
v -0.880000 0.500000 1.000000
v -1.000000 0.500000 0.880000
v -0.903411 0.500000 0.997694
v -0.925922 0.500000 0.990866
v -0.946668 0.500000 0.979776
v -0.964853 0.500000 0.964853
v -0.979776 0.500000 0.946668
v -0.990866 0.500000 0.925922
v -0.997694 0.500000 0.903411
v -0.880000 1.000000 -0.500000
v -1.000000 0.880000 -0.500000
v -0.903411 0.997694 -0.500000
v -0.925922 0.990866 -0.500000
v -0.946668 0.979776 -0.500000
v -0.964853 0.964853 -0.500000
v -0.979776 0.946668 -0.500000
v -0.990866 0.925922 -0.500000
v -0.997694 0.903411 -0.500000
v -0.880000 -0.500000 -1.000000
v -1.000000 -0.500000 -0.880000
v -0.903411 -0.500000 -0.997694
v -0.925922 -0.500000 -0.990866
v -0.946668 -0.500000 -0.979776
v -0.964853 -0.500000 -0.964853
v -0.979776 -0.500000 -0.946668
v -0.990866 -0.500000 -0.925922
v -0.997694 -0.500000 -0.903411
v -0.500000 -1.000000 -0.880000
v -0.500000 -0.880000 -1.000000
v -0.500000 -0.997694 -0.903411
v -0.500000 -0.990866 -0.925922
v -0.500000 -0.979776 -0.946668
v -0.500000 -0.964853 -0.964853
v -0.500000 -0.946668 -0.979776
v -0.500000 -0.925922 -0.990866
v -0.500000 -0.903411 -0.997694
v 0.500000 1.000000 -0.880000
v 0.500000 0.880000 -1.000000
v 0.500000 0.997694 -0.903411
v 0.500000 0.990866 -0.925922
v 0.500000 0.979776 -0.946668
v 0.500000 0.964853 -0.964853
v 0.500000 0.946668 -0.979776
v 0.500000 0.925922 -0.990866
v 0.500000 0.903411 -0.997694
v 1.000000 -0.500000 -0.880000
v 0.880000 -0.500000 -1.000000
v 0.997694 -0.500000 -0.903411
v 0.990866 -0.500000 -0.925922
v 0.979776 -0.500000 -0.946668
v 0.964853 -0.500000 -0.964853
v 0.946668 -0.500000 -0.979776
v 0.925922 -0.500000 -0.990866
v 0.903411 -0.500000 -0.997694
v 0.880000 -1.000000 -0.500000
v 1.000000 -0.880000 -0.500000
v 0.903411 -0.997694 -0.500000
v 0.925922 -0.990866 -0.500000
v 0.946668 -0.979776 -0.500000
v 0.964853 -0.964853 -0.500000
v 0.979776 -0.946668 -0.500000
v 0.990866 -0.925922 -0.500000
v 0.997694 -0.903411 -0.500000
v 0.880000 1.000000 0.500000
v 1.000000 0.880000 0.500000
v 0.903411 0.997694 0.500000
v 0.925922 0.990866 0.500000
v 0.946668 0.979776 0.500000
v 0.964853 0.964853 0.500000
v 0.979776 0.946668 0.500000
v 0.990866 0.925922 0.500000
v 0.997694 0.903411 0.500000
v 0.880000 -0.500000 1.000000
v 1.000000 -0.500000 0.880000
v 0.903411 -0.500000 0.997694
v 0.925922 -0.500000 0.990866
v 0.946668 -0.500000 0.979776
v 0.964853 -0.500000 0.964853
v 0.979776 -0.500000 0.946668
v 0.990866 -0.500000 0.925922
v 0.997694 -0.500000 0.903411
v 0.500000 -1.000000 0.880000
v 0.500000 -0.880000 1.000000
v 0.500000 -0.997694 0.903411
v 0.500000 -0.990866 0.925922
v 0.500000 -0.979776 0.946668
v 0.500000 -0.964853 0.964853
v 0.500000 -0.946668 0.979776
v 0.500000 -0.925922 0.990866
v 0.500000 -0.903411 0.997694
v -0.500000 1.000000 0.880000
v -0.500000 0.880000 1.000000
v -0.500000 0.997694 0.903411
v -0.500000 0.990866 0.925922
v -0.500000 0.979776 0.946668
v -0.500000 0.964853 0.964853
v -0.500000 0.946668 0.979776
v -0.500000 0.925922 0.990866
v -0.500000 0.903411 0.997694
v -0.880000 -1.000000 -0.500000
v -1.000000 -0.880000 -0.500000
v -0.903411 -0.997694 -0.500000
v -0.925922 -0.990866 -0.500000
v -0.946668 -0.979776 -0.500000
v -0.964853 -0.964853 -0.500000
v -0.979776 -0.946668 -0.500000
v -0.990866 -0.925922 -0.500000
v -0.997694 -0.903411 -0.500000
v -0.880000 -0.500000 1.000000
v -1.000000 -0.500000 0.880000
v -0.903411 -0.500000 0.997694
v -0.925922 -0.500000 0.990866
v -0.946668 -0.500000 0.979776
v -0.964853 -0.500000 0.964853
v -0.979776 -0.500000 0.946668
v -0.990866 -0.500000 0.925922
v -0.997694 -0.500000 0.903411
v -0.880000 1.000000 0.500000
v -1.000000 0.880000 0.500000
v -0.903411 0.997694 0.500000
v -0.925922 0.990866 0.500000
v -0.946668 0.979776 0.500000
v -0.964853 0.964853 0.500000
v -0.979776 0.946668 0.500000
v -0.990866 0.925922 0.500000
v -0.997694 0.903411 0.500000
v -0.880000 0.500000 -1.000000
v -1.000000 0.500000 -0.880000
v -0.903411 0.500000 -0.997694
v -0.925922 0.500000 -0.990866
v -0.946668 0.500000 -0.979776
v -0.964853 0.500000 -0.964853
v -0.979776 0.500000 -0.946668
v -0.990866 0.500000 -0.925922
v -0.997694 0.500000 -0.903411
v 0.500000 -1.000000 -0.880000
v 0.500000 -0.880000 -1.000000
v 0.500000 -0.997694 -0.903411
v 0.500000 -0.990866 -0.925922
v 0.500000 -0.979776 -0.946668
v 0.500000 -0.964853 -0.964853
v 0.500000 -0.946668 -0.979776
v 0.500000 -0.925922 -0.990866
v 0.500000 -0.903411 -0.997694
v -0.500000 1.000000 -0.880000
v -0.500000 0.880000 -1.000000
v -0.500000 0.997694 -0.903411
v -0.500000 0.990866 -0.925922
v -0.500000 0.979776 -0.946668
v -0.500000 0.964853 -0.964853
v -0.500000 0.946668 -0.979776
v -0.500000 0.925922 -0.990866
v -0.500000 0.903411 -0.997694
v 1.000000 0.500000 -0.880000
v 0.880000 0.500000 -1.000000
v 0.997694 0.500000 -0.903411
v 0.990866 0.500000 -0.925922
v 0.979776 0.500000 -0.946668
v 0.964853 0.500000 -0.964853
v 0.946668 0.500000 -0.979776
v 0.925922 0.500000 -0.990866
v 0.903411 0.500000 -0.997694
v 0.880000 -1.000000 0.500000
v 1.000000 -0.880000 0.500000
v 0.903411 -0.997694 0.500000
v 0.925922 -0.990866 0.500000
v 0.946668 -0.979776 0.500000
v 0.964853 -0.964853 0.500000
v 0.979776 -0.946668 0.500000
v 0.990866 -0.925922 0.500000
v 0.997694 -0.903411 0.500000
v 0.880000 1.000000 -0.500000
v 1.000000 0.880000 -0.500000
v 0.903411 0.997694 -0.500000
v 0.925922 0.990866 -0.500000
v 0.946668 0.979776 -0.500000
v 0.964853 0.964853 -0.500000
v 0.979776 0.946668 -0.500000
v 0.990866 0.925922 -0.500000
v 0.997694 0.903411 -0.500000
v 0.880000 0.500000 1.000000
v 1.000000 0.500000 0.880000
v 0.903411 0.500000 0.997694
v 0.925922 0.500000 0.990866
v 0.946668 0.500000 0.979776
v 0.964853 0.500000 0.964853
v 0.979776 0.500000 0.946668
v 0.990866 0.500000 0.925922
v 0.997694 0.500000 0.903411
v -0.500000 -1.000000 0.880000
v -0.500000 -0.880000 1.000000
v -0.500000 -0.997694 0.903411
v -0.500000 -0.990866 0.925922
v -0.500000 -0.979776 0.946668
v -0.500000 -0.964853 0.964853
v -0.500000 -0.946668 0.979776
v -0.500000 -0.925922 0.990866
v -0.500000 -0.903411 0.997694
v 0.500000 1.000000 0.880000
v 0.500000 0.880000 1.000000
v 0.500000 0.997694 0.903411
v 0.500000 0.990866 0.925922
v 0.500000 0.979776 0.946668
v 0.500000 0.964853 0.964853
v 0.500000 0.946668 0.979776
v 0.500000 0.925922 0.990866
v 0.500000 0.903411 0.997694
v -0.880000 -1.000000 0.750000
v -1.000000 -0.880000 0.750000
v -0.903411 -0.997694 0.750000
v -0.925922 -0.990866 0.750000
v -0.946668 -0.979776 0.750000
v -0.964853 -0.964853 0.750000
v -0.979776 -0.946668 0.750000
v -0.990866 -0.925922 0.750000
v -0.997694 -0.903411 0.750000
v -0.880000 0.750000 1.000000
v -1.000000 0.750000 0.880000
v -0.903411 0.750000 0.997694
v -0.925922 0.750000 0.990866
v -0.946668 0.750000 0.979776
v -0.964853 0.750000 0.964853
v -0.979776 0.750000 0.946668
v -0.990866 0.750000 0.925922
v -0.997694 0.750000 0.903411
v -0.880000 1.000000 -0.750000
v -1.000000 0.880000 -0.750000
v -0.903411 0.997694 -0.750000
v -0.925922 0.990866 -0.750000
v -0.946668 0.979776 -0.750000
v -0.964853 0.964853 -0.750000
v -0.979776 0.946668 -0.750000
v -0.990866 0.925922 -0.750000
v -0.997694 0.903411 -0.750000
v -0.880000 -0.750000 -1.000000
v -1.000000 -0.750000 -0.880000
v -0.903411 -0.750000 -0.997694
v -0.925922 -0.750000 -0.990866
v -0.946668 -0.750000 -0.979776
v -0.964853 -0.750000 -0.964853
v -0.979776 -0.750000 -0.946668
v -0.990866 -0.750000 -0.925922
v -0.997694 -0.750000 -0.903411
v -0.750000 -1.000000 -0.880000
v -0.750000 -0.880000 -1.000000
v -0.750000 -0.997694 -0.903411
v -0.750000 -0.990866 -0.925922
v -0.750000 -0.979776 -0.946668
v -0.750000 -0.964853 -0.964853
v -0.750000 -0.946668 -0.979776
v -0.750000 -0.925922 -0.990866
v -0.750000 -0.903411 -0.997694
v 0.750000 1.000000 -0.880000
v 0.750000 0.880000 -1.000000
v 0.750000 0.997694 -0.903411
v 0.750000 0.990866 -0.925922
v 0.750000 0.979776 -0.946668
v 0.750000 0.964853 -0.964853
v 0.750000 0.946668 -0.979776
v 0.750000 0.925922 -0.990866
v 0.750000 0.903411 -0.997694
v 1.000000 -0.750000 -0.880000
v 0.880000 -0.750000 -1.000000
v 0.997694 -0.750000 -0.903411
v 0.990866 -0.750000 -0.925922
v 0.979776 -0.750000 -0.946668
v 0.964853 -0.750000 -0.964853
v 0.946668 -0.750000 -0.979776
v 0.925922 -0.750000 -0.990866
v 0.903411 -0.750000 -0.997694
v 0.880000 -1.000000 -0.750000
v 1.000000 -0.880000 -0.750000
v 0.903411 -0.997694 -0.750000
v 0.925922 -0.990866 -0.750000
v 0.946668 -0.979776 -0.750000
v 0.964853 -0.964853 -0.750000
v 0.979776 -0.946668 -0.750000
v 0.990866 -0.925922 -0.750000
v 0.997694 -0.903411 -0.750000
v 0.880000 1.000000 0.750000
v 1.000000 0.880000 0.750000
v 0.903411 0.997694 0.750000
v 0.925922 0.990866 0.750000
v 0.946668 0.979776 0.750000
v 0.964853 0.964853 0.750000
v 0.979776 0.946668 0.750000
v 0.990866 0.925922 0.750000
v 0.997694 0.903411 0.750000
v 0.880000 -0.750000 1.000000
v 1.000000 -0.750000 0.880000
v 0.903411 -0.750000 0.997694
v 0.925922 -0.750000 0.990866
v 0.946668 -0.750000 0.979776
v 0.964853 -0.750000 0.964853
v 0.979776 -0.750000 0.946668
v 0.990866 -0.750000 0.925922
v 0.997694 -0.750000 0.903411
v 0.750000 -1.000000 0.880000
v 0.750000 -0.880000 1.000000
v 0.750000 -0.997694 0.903411
v 0.750000 -0.990866 0.925922
v 0.750000 -0.979776 0.946668
v 0.750000 -0.964853 0.964853
v 0.750000 -0.946668 0.979776
v 0.750000 -0.925922 0.990866
v 0.750000 -0.903411 0.997694
v -0.750000 1.000000 0.880000
v -0.750000 0.880000 1.000000
v -0.750000 0.997694 0.903411
v -0.750000 0.990866 0.925922
v -0.750000 0.979776 0.946668
v -0.750000 0.964853 0.964853
v -0.750000 0.946668 0.979776
v -0.750000 0.925922 0.990866
v -0.750000 0.903411 0.997694
v -0.880000 -1.000000 -0.250000
v -1.000000 -0.880000 -0.250000
v -0.903411 -0.997694 -0.250000
v -0.925922 -0.990866 -0.250000
v -0.946668 -0.979776 -0.250000
v -0.964853 -0.964853 -0.250000
v -0.979776 -0.946668 -0.250000
v -0.990866 -0.925922 -0.250000
v -0.997694 -0.903411 -0.250000
v -0.880000 -0.250000 1.000000
v -1.000000 -0.250000 0.880000
v -0.903411 -0.250000 0.997694
v -0.925922 -0.250000 0.990866
v -0.946668 -0.250000 0.979776
v -0.964853 -0.250000 0.964853
v -0.979776 -0.250000 0.946668
v -0.990866 -0.250000 0.925922
v -0.997694 -0.250000 0.903411
v -0.880000 1.000000 0.250000
v -1.000000 0.880000 0.250000
v -0.903411 0.997694 0.250000
v -0.925922 0.990866 0.250000
v -0.946668 0.979776 0.250000
v -0.964853 0.964853 0.250000
v -0.979776 0.946668 0.250000
v -0.990866 0.925922 0.250000
v -0.997694 0.903411 0.250000
v -0.880000 0.250000 -1.000000
v -1.000000 0.250000 -0.880000
v -0.903411 0.250000 -0.997694
v -0.925922 0.250000 -0.990866
v -0.946668 0.250000 -0.979776
v -0.964853 0.250000 -0.964853
v -0.979776 0.250000 -0.946668
v -0.990866 0.250000 -0.925922
v -0.997694 0.250000 -0.903411
v 0.250000 -1.000000 -0.880000
v 0.250000 -0.880000 -1.000000
v 0.250000 -0.997694 -0.903411
v 0.250000 -0.990866 -0.925922
v 0.250000 -0.979776 -0.946668
v 0.250000 -0.964853 -0.964853
v 0.250000 -0.946668 -0.979776
v 0.250000 -0.925922 -0.990866
v 0.250000 -0.903411 -0.997694
v -0.250000 1.000000 -0.880000
v -0.250000 0.880000 -1.000000
v -0.250000 0.997694 -0.903411
v -0.250000 0.990866 -0.925922
v -0.250000 0.979776 -0.946668
v -0.250000 0.964853 -0.964853
v -0.250000 0.946668 -0.979776
v -0.250000 0.925922 -0.990866
v -0.250000 0.903411 -0.997694
v 1.000000 0.250000 -0.880000
v 0.880000 0.250000 -1.000000
v 0.997694 0.250000 -0.903411
v 0.990866 0.250000 -0.925922
v 0.979776 0.250000 -0.946668
v 0.964853 0.250000 -0.964853
v 0.946668 0.250000 -0.979776
v 0.925922 0.250000 -0.990866
v 0.903411 0.250000 -0.997694
v 0.880000 -1.000000 0.250000
v 1.000000 -0.880000 0.250000
v 0.903411 -0.997694 0.250000
v 0.925922 -0.990866 0.250000
v 0.946668 -0.979776 0.250000
v 0.964853 -0.964853 0.250000
v 0.979776 -0.946668 0.250000
v 0.990866 -0.925922 0.250000
v 0.997694 -0.903411 0.250000
v 0.880000 1.000000 -0.250000
v 1.000000 0.880000 -0.250000
v 0.903411 0.997694 -0.250000
v 0.925922 0.990866 -0.250000
v 0.946668 0.979776 -0.250000
v 0.964853 0.964853 -0.250000
v 0.979776 0.946668 -0.250000
v 0.990866 0.925922 -0.250000
v 0.997694 0.903411 -0.250000
v 0.880000 0.250000 1.000000
v 1.000000 0.250000 0.880000
v 0.903411 0.250000 0.997694
v 0.925922 0.250000 0.990866
v 0.946668 0.250000 0.979776
v 0.964853 0.250000 0.964853
v 0.979776 0.250000 0.946668
v 0.990866 0.250000 0.925922
v 0.997694 0.250000 0.903411
v -0.250000 -1.000000 0.880000
v -0.250000 -0.880000 1.000000
v -0.250000 -0.997694 0.903411
v -0.250000 -0.990866 0.925922
v -0.250000 -0.979776 0.946668
v -0.250000 -0.964853 0.964853
v -0.250000 -0.946668 0.979776
v -0.250000 -0.925922 0.990866
v -0.250000 -0.903411 0.997694
v 0.250000 1.000000 0.880000
v 0.250000 0.880000 1.000000
v 0.250000 0.997694 0.903411
v 0.250000 0.990866 0.925922
v 0.250000 0.979776 0.946668
v 0.250000 0.964853 0.964853
v 0.250000 0.946668 0.979776
v 0.250000 0.925922 0.990866
v 0.250000 0.903411 0.997694
v -0.880000 -1.000000 0.250000
v -1.000000 -0.880000 0.250000
v -0.903411 -0.997694 0.250000
v -0.925922 -0.990866 0.250000
v -0.946668 -0.979776 0.250000
v -0.964853 -0.964853 0.250000
v -0.979776 -0.946668 0.250000
v -0.990866 -0.925922 0.250000
v -0.997694 -0.903411 0.250000
v -0.880000 0.250000 1.000000
v -1.000000 0.250000 0.880000
v -0.903411 0.250000 0.997694
v -0.925922 0.250000 0.990866
v -0.946668 0.250000 0.979776
v -0.964853 0.250000 0.964853
v -0.979776 0.250000 0.946668
v -0.990866 0.250000 0.925922
v -0.997694 0.250000 0.903411
v -0.880000 1.000000 -0.250000
v -1.000000 0.880000 -0.250000
v -0.903411 0.997694 -0.250000
v -0.925922 0.990866 -0.250000
v -0.946668 0.979776 -0.250000
v -0.964853 0.964853 -0.250000
v -0.979776 0.946668 -0.250000
v -0.990866 0.925922 -0.250000
v -0.997694 0.903411 -0.250000
v -0.880000 -0.250000 -1.000000
v -1.000000 -0.250000 -0.880000
v -0.903411 -0.250000 -0.997694
v -0.925922 -0.250000 -0.990866
v -0.946668 -0.250000 -0.979776
v -0.964853 -0.250000 -0.964853
v -0.979776 -0.250000 -0.946668
v -0.990866 -0.250000 -0.925922
v -0.997694 -0.250000 -0.903411
v -0.250000 -1.000000 -0.880000
v -0.250000 -0.880000 -1.000000
v -0.250000 -0.997694 -0.903411
v -0.250000 -0.990866 -0.925922
v -0.250000 -0.979776 -0.946668
v -0.250000 -0.964853 -0.964853
v -0.250000 -0.946668 -0.979776
v -0.250000 -0.925922 -0.990866
v -0.250000 -0.903411 -0.997694
v 0.250000 1.000000 -0.880000
v 0.250000 0.880000 -1.000000
v 0.250000 0.997694 -0.903411
v 0.250000 0.990866 -0.925922
v 0.250000 0.979776 -0.946668
v 0.250000 0.964853 -0.964853
v 0.250000 0.946668 -0.979776
v 0.250000 0.925922 -0.990866
v 0.250000 0.903411 -0.997694
v 1.000000 -0.250000 -0.880000
v 0.880000 -0.250000 -1.000000
v 0.997694 -0.250000 -0.903411
v 0.990866 -0.250000 -0.925922
v 0.979776 -0.250000 -0.946668
v 0.964853 -0.250000 -0.964853
v 0.946668 -0.250000 -0.979776
v 0.925922 -0.250000 -0.990866
v 0.903411 -0.250000 -0.997694
v 0.880000 -1.000000 -0.250000
v 1.000000 -0.880000 -0.250000
v 0.903411 -0.997694 -0.250000
v 0.925922 -0.990866 -0.250000
v 0.946668 -0.979776 -0.250000
v 0.964853 -0.964853 -0.250000
v 0.979776 -0.946668 -0.250000
v 0.990866 -0.925922 -0.250000
v 0.997694 -0.903411 -0.250000
v 0.880000 1.000000 0.250000
v 1.000000 0.880000 0.250000
v 0.903411 0.997694 0.250000
v 0.925922 0.990866 0.250000
v 0.946668 0.979776 0.250000
v 0.964853 0.964853 0.250000
v 0.979776 0.946668 0.250000
v 0.990866 0.925922 0.250000
v 0.997694 0.903411 0.250000
v 0.880000 -0.250000 1.000000
v 1.000000 -0.250000 0.880000
v 0.903411 -0.250000 0.997694
v 0.925922 -0.250000 0.990866
v 0.946668 -0.250000 0.979776
v 0.964853 -0.250000 0.964853
v 0.979776 -0.250000 0.946668
v 0.990866 -0.250000 0.925922
v 0.997694 -0.250000 0.903411
v 0.250000 -1.000000 0.880000
v 0.250000 -0.880000 1.000000
v 0.250000 -0.997694 0.903411
v 0.250000 -0.990866 0.925922
v 0.250000 -0.979776 0.946668
v 0.250000 -0.964853 0.964853
v 0.250000 -0.946668 0.979776
v 0.250000 -0.925922 0.990866
v 0.250000 -0.903411 0.997694
v -0.250000 1.000000 0.880000
v -0.250000 0.880000 1.000000
v -0.250000 0.997694 0.903411
v -0.250000 0.990866 0.925922
v -0.250000 0.979776 0.946668
v -0.250000 0.964853 0.964853
v -0.250000 0.946668 0.979776
v -0.250000 0.925922 0.990866
v -0.250000 0.903411 0.997694
v -0.880000 -1.000000 -0.750000
v -1.000000 -0.880000 -0.750000
v -0.903411 -0.997694 -0.750000
v -0.925922 -0.990866 -0.750000
v -0.946668 -0.979776 -0.750000
v -0.964853 -0.964853 -0.750000
v -0.979776 -0.946668 -0.750000
v -0.990866 -0.925922 -0.750000
v -0.997694 -0.903411 -0.750000
v -0.880000 -0.750000 1.000000
v -1.000000 -0.750000 0.880000
v -0.903411 -0.750000 0.997694
v -0.925922 -0.750000 0.990866
v -0.946668 -0.750000 0.979776
v -0.964853 -0.750000 0.964853
v -0.979776 -0.750000 0.946668
v -0.990866 -0.750000 0.925922
v -0.997694 -0.750000 0.903411
v -0.880000 1.000000 0.750000
v -1.000000 0.880000 0.750000
v -0.903411 0.997694 0.750000
v -0.925922 0.990866 0.750000
v -0.946668 0.979776 0.750000
v -0.964853 0.964853 0.750000
v -0.979776 0.946668 0.750000
v -0.990866 0.925922 0.750000
v -0.997694 0.903411 0.750000
v -0.880000 0.750000 -1.000000
v -1.000000 0.750000 -0.880000
v -0.903411 0.750000 -0.997694
v -0.925922 0.750000 -0.990866
v -0.946668 0.750000 -0.979776
v -0.964853 0.750000 -0.964853
v -0.979776 0.750000 -0.946668
v -0.990866 0.750000 -0.925922
v -0.997694 0.750000 -0.903411
v 0.750000 -1.000000 -0.880000
v 0.750000 -0.880000 -1.000000
v 0.750000 -0.997694 -0.903411
v 0.750000 -0.990866 -0.925922
v 0.750000 -0.979776 -0.946668
v 0.750000 -0.964853 -0.964853
v 0.750000 -0.946668 -0.979776
v 0.750000 -0.925922 -0.990866
v 0.750000 -0.903411 -0.997694
v -0.750000 1.000000 -0.880000
v -0.750000 0.880000 -1.000000
v -0.750000 0.997694 -0.903411
v -0.750000 0.990866 -0.925922
v -0.750000 0.979776 -0.946668
v -0.750000 0.964853 -0.964853
v -0.750000 0.946668 -0.979776
v -0.750000 0.925922 -0.990866
v -0.750000 0.903411 -0.997694
v 1.000000 0.750000 -0.880000
v 0.880000 0.750000 -1.000000
v 0.997694 0.750000 -0.903411
v 0.990866 0.750000 -0.925922
v 0.979776 0.750000 -0.946668
v 0.964853 0.750000 -0.964853
v 0.946668 0.750000 -0.979776
v 0.925922 0.750000 -0.990866
v 0.903411 0.750000 -0.997694
v 0.880000 -1.000000 0.750000
v 1.000000 -0.880000 0.750000
v 0.903411 -0.997694 0.750000
v 0.925922 -0.990866 0.750000
v 0.946668 -0.979776 0.750000
v 0.964853 -0.964853 0.750000
v 0.979776 -0.946668 0.750000
v 0.990866 -0.925922 0.750000
v 0.997694 -0.903411 0.750000
v 0.880000 1.000000 -0.750000
v 1.000000 0.880000 -0.750000
v 0.903411 0.997694 -0.750000
v 0.925922 0.990866 -0.750000
v 0.946668 0.979776 -0.750000
v 0.964853 0.964853 -0.750000
v 0.979776 0.946668 -0.750000
v 0.990866 0.925922 -0.750000
v 0.997694 0.903411 -0.750000
v 0.880000 0.750000 1.000000
v 1.000000 0.750000 0.880000
v 0.903411 0.750000 0.997694
v 0.925922 0.750000 0.990866
v 0.946668 0.750000 0.979776
v 0.964853 0.750000 0.964853
v 0.979776 0.750000 0.946668
v 0.990866 0.750000 0.925922
v 0.997694 0.750000 0.903411
v -0.750000 -1.000000 0.880000
v -0.750000 -0.880000 1.000000
v -0.750000 -0.997694 0.903411
v -0.750000 -0.990866 0.925922
v -0.750000 -0.979776 0.946668
v -0.750000 -0.964853 0.964853
v -0.750000 -0.946668 0.979776
v -0.750000 -0.925922 0.990866
v -0.750000 -0.903411 0.997694
v 0.750000 1.000000 0.880000
v 0.750000 0.880000 1.000000
v 0.750000 0.997694 0.903411
v 0.750000 0.990866 0.925922
v 0.750000 0.979776 0.946668
v 0.750000 0.964853 0.964853
v 0.750000 0.946668 0.979776
v 0.750000 0.925922 0.990866
v 0.750000 0.903411 0.997694
v -1.000000 -0.880000 0.875000
v -0.880000 -1.000000 0.875000
v -0.997694 -0.903411 0.875000
v -0.990866 -0.925922 0.875000
v -0.979776 -0.946668 0.875000
v -0.964853 -0.964853 0.875000
v -0.946668 -0.979776 0.875000
v -0.925922 -0.990866 0.875000
v -0.903411 -0.997694 0.875000
v -1.000000 0.875000 0.880000
v -0.880000 0.875000 1.000000
v -0.997694 0.875000 0.903411
v -0.990866 0.875000 0.925922
v -0.979776 0.875000 0.946668
v -0.964853 0.875000 0.964853
v -0.946668 0.875000 0.979776
v -0.925922 0.875000 0.990866
v -0.903411 0.875000 0.997694
v -1.000000 0.880000 -0.875000
v -0.880000 1.000000 -0.875000
v -0.997694 0.903411 -0.875000
v -0.990866 0.925922 -0.875000
v -0.979776 0.946668 -0.875000
v -0.964853 0.964853 -0.875000
v -0.946668 0.979776 -0.875000
v -0.925922 0.990866 -0.875000
v -0.903411 0.997694 -0.875000
v -1.000000 -0.875000 -0.880000
v -0.880000 -0.875000 -1.000000
v -0.997694 -0.875000 -0.903411
v -0.990866 -0.875000 -0.925922
v -0.979776 -0.875000 -0.946668
v -0.964853 -0.875000 -0.964853
v -0.946668 -0.875000 -0.979776
v -0.925922 -0.875000 -0.990866
v -0.903411 -0.875000 -0.997694
v -0.875000 -0.880000 -1.000000
v -0.875000 -1.000000 -0.880000
v -0.875000 -0.903411 -0.997694
v -0.875000 -0.925922 -0.990866
v -0.875000 -0.946668 -0.979776
v -0.875000 -0.964853 -0.964853
v -0.875000 -0.979776 -0.946668
v -0.875000 -0.990866 -0.925922
v -0.875000 -0.997694 -0.903411
v 0.875000 0.880000 -1.000000
v 0.875000 1.000000 -0.880000
v 0.875000 0.903411 -0.997694
v 0.875000 0.925922 -0.990866
v 0.875000 0.946668 -0.979776
v 0.875000 0.964853 -0.964853
v 0.875000 0.979776 -0.946668
v 0.875000 0.990866 -0.925922
v 0.875000 0.997694 -0.903411
v 0.880000 -0.875000 -1.000000
v 1.000000 -0.875000 -0.880000
v 0.903411 -0.875000 -0.997694
v 0.925922 -0.875000 -0.990866
v 0.946668 -0.875000 -0.979776
v 0.964853 -0.875000 -0.964853
v 0.979776 -0.875000 -0.946668
v 0.990866 -0.875000 -0.925922
v 0.997694 -0.875000 -0.903411
v 1.000000 -0.880000 -0.875000
v 0.880000 -1.000000 -0.875000
v 0.997694 -0.903411 -0.875000
v 0.990866 -0.925922 -0.875000
v 0.979776 -0.946668 -0.875000
v 0.964853 -0.964853 -0.875000
v 0.946668 -0.979776 -0.875000
v 0.925922 -0.990866 -0.875000
v 0.903411 -0.997694 -0.875000
v 1.000000 0.880000 0.875000
v 0.880000 1.000000 0.875000
v 0.997694 0.903411 0.875000
v 0.990866 0.925922 0.875000
v 0.979776 0.946668 0.875000
v 0.964853 0.964853 0.875000
v 0.946668 0.979776 0.875000
v 0.925922 0.990866 0.875000
v 0.903411 0.997694 0.875000
v 1.000000 -0.875000 0.880000
v 0.880000 -0.875000 1.000000
v 0.997694 -0.875000 0.903411
v 0.990866 -0.875000 0.925922
v 0.979776 -0.875000 0.946668
v 0.964853 -0.875000 0.964853
v 0.946668 -0.875000 0.979776
v 0.925922 -0.875000 0.990866
v 0.903411 -0.875000 0.997694
v 0.875000 -0.880000 1.000000
v 0.875000 -1.000000 0.880000
v 0.875000 -0.903411 0.997694
v 0.875000 -0.925922 0.990866
v 0.875000 -0.946668 0.979776
v 0.875000 -0.964853 0.964853
v 0.875000 -0.979776 0.946668
v 0.875000 -0.990866 0.925922
v 0.875000 -0.997694 0.903411
v -0.875000 0.880000 1.000000
v -0.875000 1.000000 0.880000
v -0.875000 0.903411 0.997694
v -0.875000 0.925922 0.990866
v -0.875000 0.946668 0.979776
v -0.875000 0.964853 0.964853
v -0.875000 0.979776 0.946668
v -0.875000 0.990866 0.925922
v -0.875000 0.997694 0.903411
v -1.000000 -0.880000 -0.125000
v -0.880000 -1.000000 -0.125000
v -0.997694 -0.903411 -0.125000
v -0.990866 -0.925922 -0.125000
v -0.979776 -0.946668 -0.125000
v -0.964853 -0.964853 -0.125000
v -0.946668 -0.979776 -0.125000
v -0.925922 -0.990866 -0.125000
v -0.903411 -0.997694 -0.125000
v -1.000000 -0.125000 0.880000
v -0.880000 -0.125000 1.000000
v -0.997694 -0.125000 0.903411
v -0.990866 -0.125000 0.925922
v -0.979776 -0.125000 0.946668
v -0.964853 -0.125000 0.964853
v -0.946668 -0.125000 0.979776
v -0.925922 -0.125000 0.990866
v -0.903411 -0.125000 0.997694
v -1.000000 0.880000 0.125000
v -0.880000 1.000000 0.125000
v -0.997694 0.903411 0.125000
v -0.990866 0.925922 0.125000
v -0.979776 0.946668 0.125000
v -0.964853 0.964853 0.125000
v -0.946668 0.979776 0.125000
v -0.925922 0.990866 0.125000
v -0.903411 0.997694 0.125000
v -1.000000 0.125000 -0.880000
v -0.880000 0.125000 -1.000000
v -0.997694 0.125000 -0.903411
v -0.990866 0.125000 -0.925922
v -0.979776 0.125000 -0.946668
v -0.964853 0.125000 -0.964853
v -0.946668 0.125000 -0.979776
v -0.925922 0.125000 -0.990866
v -0.903411 0.125000 -0.997694
v 0.125000 -0.880000 -1.000000
v 0.125000 -1.000000 -0.880000
v 0.125000 -0.903411 -0.997694
v 0.125000 -0.925922 -0.990866
v 0.125000 -0.946668 -0.979776
v 0.125000 -0.964853 -0.964853
v 0.125000 -0.979776 -0.946668
v 0.125000 -0.990866 -0.925922
v 0.125000 -0.997694 -0.903411
v -0.125000 0.880000 -1.000000
v -0.125000 1.000000 -0.880000
v -0.125000 0.903411 -0.997694
v -0.125000 0.925922 -0.990866
v -0.125000 0.946668 -0.979776
v -0.125000 0.964853 -0.964853
v -0.125000 0.979776 -0.946668
v -0.125000 0.990866 -0.925922
v -0.125000 0.997694 -0.903411
v 0.880000 0.125000 -1.000000
v 1.000000 0.125000 -0.880000
v 0.903411 0.125000 -0.997694
v 0.925922 0.125000 -0.990866
v 0.946668 0.125000 -0.979776
v 0.964853 0.125000 -0.964853
v 0.979776 0.125000 -0.946668
v 0.990866 0.125000 -0.925922
v 0.997694 0.125000 -0.903411
v 1.000000 -0.880000 0.125000
v 0.880000 -1.000000 0.125000
v 0.997694 -0.903411 0.125000
v 0.990866 -0.925922 0.125000
v 0.979776 -0.946668 0.125000
v 0.964853 -0.964853 0.125000
v 0.946668 -0.979776 0.125000
v 0.925922 -0.990866 0.125000
v 0.903411 -0.997694 0.125000
v 1.000000 0.880000 -0.125000
v 0.880000 1.000000 -0.125000
v 0.997694 0.903411 -0.125000
v 0.990866 0.925922 -0.125000
v 0.979776 0.946668 -0.125000
v 0.964853 0.964853 -0.125000
v 0.946668 0.979776 -0.125000
v 0.925922 0.990866 -0.125000
v 0.903411 0.997694 -0.125000
v 1.000000 0.125000 0.880000
v 0.880000 0.125000 1.000000
v 0.997694 0.125000 0.903411
v 0.990866 0.125000 0.925922
v 0.979776 0.125000 0.946668
v 0.964853 0.125000 0.964853
v 0.946668 0.125000 0.979776
v 0.925922 0.125000 0.990866
v 0.903411 0.125000 0.997694
v -0.125000 -0.880000 1.000000
v -0.125000 -1.000000 0.880000
v -0.125000 -0.903411 0.997694
v -0.125000 -0.925922 0.990866
v -0.125000 -0.946668 0.979776
v -0.125000 -0.964853 0.964853
v -0.125000 -0.979776 0.946668
v -0.125000 -0.990866 0.925922
v -0.125000 -0.997694 0.903411
v 0.125000 0.880000 1.000000
v 0.125000 1.000000 0.880000
v 0.125000 0.903411 0.997694
v 0.125000 0.925922 0.990866
v 0.125000 0.946668 0.979776
v 0.125000 0.964853 0.964853
v 0.125000 0.979776 0.946668
v 0.125000 0.990866 0.925922
v 0.125000 0.997694 0.903411
v -1.000000 -0.880000 0.375000
v -0.880000 -1.000000 0.375000
v -0.997694 -0.903411 0.375000
v -0.990866 -0.925922 0.375000
v -0.979776 -0.946668 0.375000
v -0.964853 -0.964853 0.375000
v -0.946668 -0.979776 0.375000
v -0.925922 -0.990866 0.375000
v -0.903411 -0.997694 0.375000
v -1.000000 0.375000 0.880000
v -0.880000 0.375000 1.000000
v -0.997694 0.375000 0.903411
v -0.990866 0.375000 0.925922
v -0.979776 0.375000 0.946668
v -0.964853 0.375000 0.964853
v -0.946668 0.375000 0.979776
v -0.925922 0.375000 0.990866
v -0.903411 0.375000 0.997694
v -1.000000 0.880000 -0.375000
v -0.880000 1.000000 -0.375000
v -0.997694 0.903411 -0.375000
v -0.990866 0.925922 -0.375000
v -0.979776 0.946668 -0.375000
v -0.964853 0.964853 -0.375000
v -0.946668 0.979776 -0.375000
v -0.925922 0.990866 -0.375000
v -0.903411 0.997694 -0.375000
v -1.000000 -0.375000 -0.880000
v -0.880000 -0.375000 -1.000000
v -0.997694 -0.375000 -0.903411
v -0.990866 -0.375000 -0.925922
v -0.979776 -0.375000 -0.946668
v -0.964853 -0.375000 -0.964853
v -0.946668 -0.375000 -0.979776
v -0.925922 -0.375000 -0.990866
v -0.903411 -0.375000 -0.997694
v -0.375000 -0.880000 -1.000000
v -0.375000 -1.000000 -0.880000
v -0.375000 -0.903411 -0.997694
v -0.375000 -0.925922 -0.990866
v -0.375000 -0.946668 -0.979776
v -0.375000 -0.964853 -0.964853
v -0.375000 -0.979776 -0.946668
v -0.375000 -0.990866 -0.925922
v -0.375000 -0.997694 -0.903411
v 0.375000 0.880000 -1.000000
v 0.375000 1.000000 -0.880000
v 0.375000 0.903411 -0.997694
v 0.375000 0.925922 -0.990866
v 0.375000 0.946668 -0.979776
v 0.375000 0.964853 -0.964853
v 0.375000 0.979776 -0.946668
v 0.375000 0.990866 -0.925922
v 0.375000 0.997694 -0.903411
v 0.880000 -0.375000 -1.000000
v 1.000000 -0.375000 -0.880000
v 0.903411 -0.375000 -0.997694
v 0.925922 -0.375000 -0.990866
v 0.946668 -0.375000 -0.979776
v 0.964853 -0.375000 -0.964853
v 0.979776 -0.375000 -0.946668
v 0.990866 -0.375000 -0.925922
v 0.997694 -0.375000 -0.903411
v 1.000000 -0.880000 -0.375000
v 0.880000 -1.000000 -0.375000
v 0.997694 -0.903411 -0.375000
v 0.990866 -0.925922 -0.375000
v 0.979776 -0.946668 -0.375000
v 0.964853 -0.964853 -0.375000
v 0.946668 -0.979776 -0.375000
v 0.925922 -0.990866 -0.375000
v 0.903411 -0.997694 -0.375000
v 1.000000 0.880000 0.375000
v 0.880000 1.000000 0.375000
v 0.997694 0.903411 0.375000
v 0.990866 0.925922 0.375000
v 0.979776 0.946668 0.375000
v 0.964853 0.964853 0.375000
v 0.946668 0.979776 0.375000
v 0.925922 0.990866 0.375000
v 0.903411 0.997694 0.375000
v 1.000000 -0.375000 0.880000
v 0.880000 -0.375000 1.000000
v 0.997694 -0.375000 0.903411
v 0.990866 -0.375000 0.925922
v 0.979776 -0.375000 0.946668
v 0.964853 -0.375000 0.964853
v 0.946668 -0.375000 0.979776
v 0.925922 -0.375000 0.990866
v 0.903411 -0.375000 0.997694
v 0.375000 -0.880000 1.000000
v 0.375000 -1.000000 0.880000
v 0.375000 -0.903411 0.997694
v 0.375000 -0.925922 0.990866
v 0.375000 -0.946668 0.979776
v 0.375000 -0.964853 0.964853
v 0.375000 -0.979776 0.946668
v 0.375000 -0.990866 0.925922
v 0.375000 -0.997694 0.903411
v -0.375000 0.880000 1.000000
v -0.375000 1.000000 0.880000
v -0.375000 0.903411 0.997694
v -0.375000 0.925922 0.990866
v -0.375000 0.946668 0.979776
v -0.375000 0.964853 0.964853
v -0.375000 0.979776 0.946668
v -0.375000 0.990866 0.925922
v -0.375000 0.997694 0.903411
v -1.000000 -0.880000 -0.625000
v -0.880000 -1.000000 -0.625000
v -0.997694 -0.903411 -0.625000
v -0.990866 -0.925922 -0.625000
v -0.979776 -0.946668 -0.625000
v -0.964853 -0.964853 -0.625000
v -0.946668 -0.979776 -0.625000
v -0.925922 -0.990866 -0.625000
v -0.903411 -0.997694 -0.625000
v -1.000000 -0.625000 0.880000
v -0.880000 -0.625000 1.000000
v -0.997694 -0.625000 0.903411
v -0.990866 -0.625000 0.925922
v -0.979776 -0.625000 0.946668
v -0.964853 -0.625000 0.964853
v -0.946668 -0.625000 0.979776
v -0.925922 -0.625000 0.990866
v -0.903411 -0.625000 0.997694
v -1.000000 0.880000 0.625000
v -0.880000 1.000000 0.625000
v -0.997694 0.903411 0.625000
v -0.990866 0.925922 0.625000
v -0.979776 0.946668 0.625000
v -0.964853 0.964853 0.625000
v -0.946668 0.979776 0.625000
v -0.925922 0.990866 0.625000
v -0.903411 0.997694 0.625000
v -1.000000 0.625000 -0.880000
v -0.880000 0.625000 -1.000000
v -0.997694 0.625000 -0.903411
v -0.990866 0.625000 -0.925922
v -0.979776 0.625000 -0.946668
v -0.964853 0.625000 -0.964853
v -0.946668 0.625000 -0.979776
v -0.925922 0.625000 -0.990866
v -0.903411 0.625000 -0.997694
v 0.625000 -0.880000 -1.000000
v 0.625000 -1.000000 -0.880000
v 0.625000 -0.903411 -0.997694
v 0.625000 -0.925922 -0.990866
v 0.625000 -0.946668 -0.979776
v 0.625000 -0.964853 -0.964853
v 0.625000 -0.979776 -0.946668
v 0.625000 -0.990866 -0.925922
v 0.625000 -0.997694 -0.903411
v -0.625000 0.880000 -1.000000
v -0.625000 1.000000 -0.880000
v -0.625000 0.903411 -0.997694
v -0.625000 0.925922 -0.990866
v -0.625000 0.946668 -0.979776
v -0.625000 0.964853 -0.964853
v -0.625000 0.979776 -0.946668
v -0.625000 0.990866 -0.925922
v -0.625000 0.997694 -0.903411
v 0.880000 0.625000 -1.000000
v 1.000000 0.625000 -0.880000
v 0.903411 0.625000 -0.997694
v 0.925922 0.625000 -0.990866
v 0.946668 0.625000 -0.979776
v 0.964853 0.625000 -0.964853
v 0.979776 0.625000 -0.946668
v 0.990866 0.625000 -0.925922
v 0.997694 0.625000 -0.903411
v 1.000000 -0.880000 0.625000
v 0.880000 -1.000000 0.625000
v 0.997694 -0.903411 0.625000
v 0.990866 -0.925922 0.625000
v 0.979776 -0.946668 0.625000
v 0.964853 -0.964853 0.625000
v 0.946668 -0.979776 0.625000
v 0.925922 -0.990866 0.625000
v 0.903411 -0.997694 0.625000
v 1.000000 0.880000 -0.625000
v 0.880000 1.000000 -0.625000
v 0.997694 0.903411 -0.625000
v 0.990866 0.925922 -0.625000
v 0.979776 0.946668 -0.625000
v 0.964853 0.964853 -0.625000
v 0.946668 0.979776 -0.625000
v 0.925922 0.990866 -0.625000
v 0.903411 0.997694 -0.625000
v 1.000000 0.625000 0.880000
v 0.880000 0.625000 1.000000
v 0.997694 0.625000 0.903411
v 0.990866 0.625000 0.925922
v 0.979776 0.625000 0.946668
v 0.964853 0.625000 0.964853
v 0.946668 0.625000 0.979776
v 0.925922 0.625000 0.990866
v 0.903411 0.625000 0.997694
v -0.625000 -0.880000 1.000000
v -0.625000 -1.000000 0.880000
v -0.625000 -0.903411 0.997694
v -0.625000 -0.925922 0.990866
v -0.625000 -0.946668 0.979776
v -0.625000 -0.964853 0.964853
v -0.625000 -0.979776 0.946668
v -0.625000 -0.990866 0.925922
v -0.625000 -0.997694 0.903411
v 0.625000 0.880000 1.000000
v 0.625000 1.000000 0.880000
v 0.625000 0.903411 0.997694
v 0.625000 0.925922 0.990866
v 0.625000 0.946668 0.979776
v 0.625000 0.964853 0.964853
v 0.625000 0.979776 0.946668
v 0.625000 0.990866 0.925922
v 0.625000 0.997694 0.903411
v -1.000000 -0.880000 0.625000
v -0.880000 -1.000000 0.625000
v -0.997694 -0.903411 0.625000
v -0.990866 -0.925922 0.625000
v -0.979776 -0.946668 0.625000
v -0.964853 -0.964853 0.625000
v -0.946668 -0.979776 0.625000
v -0.925922 -0.990866 0.625000
v -0.903411 -0.997694 0.625000
v -1.000000 0.625000 0.880000
v -0.880000 0.625000 1.000000
v -0.997694 0.625000 0.903411
v -0.990866 0.625000 0.925922
v -0.979776 0.625000 0.946668
v -0.964853 0.625000 0.964853
v -0.946668 0.625000 0.979776
v -0.925922 0.625000 0.990866
v -0.903411 0.625000 0.997694
v -1.000000 0.880000 -0.625000
v -0.880000 1.000000 -0.625000
v -0.997694 0.903411 -0.625000
v -0.990866 0.925922 -0.625000
v -0.979776 0.946668 -0.625000
v -0.964853 0.964853 -0.625000
v -0.946668 0.979776 -0.625000
v -0.925922 0.990866 -0.625000
v -0.903411 0.997694 -0.625000
v -1.000000 -0.625000 -0.880000
v -0.880000 -0.625000 -1.000000
v -0.997694 -0.625000 -0.903411
v -0.990866 -0.625000 -0.925922
v -0.979776 -0.625000 -0.946668
v -0.964853 -0.625000 -0.964853
v -0.946668 -0.625000 -0.979776
v -0.925922 -0.625000 -0.990866
v -0.903411 -0.625000 -0.997694
v -0.625000 -0.880000 -1.000000
v -0.625000 -1.000000 -0.880000
v -0.625000 -0.903411 -0.997694
v -0.625000 -0.925922 -0.990866
v -0.625000 -0.946668 -0.979776
v -0.625000 -0.964853 -0.964853
v -0.625000 -0.979776 -0.946668
v -0.625000 -0.990866 -0.925922
v -0.625000 -0.997694 -0.903411
v 0.625000 0.880000 -1.000000
v 0.625000 1.000000 -0.880000
v 0.625000 0.903411 -0.997694
v 0.625000 0.925922 -0.990866
v 0.625000 0.946668 -0.979776
v 0.625000 0.964853 -0.964853
v 0.625000 0.979776 -0.946668
v 0.625000 0.990866 -0.925922
v 0.625000 0.997694 -0.903411
v 0.880000 -0.625000 -1.000000
v 1.000000 -0.625000 -0.880000
v 0.903411 -0.625000 -0.997694
v 0.925922 -0.625000 -0.990866
v 0.946668 -0.625000 -0.979776
v 0.964853 -0.625000 -0.964853
v 0.979776 -0.625000 -0.946668
v 0.990866 -0.625000 -0.925922
v 0.997694 -0.625000 -0.903411
v 1.000000 -0.880000 -0.625000
v 0.880000 -1.000000 -0.625000
v 0.997694 -0.903411 -0.625000
v 0.990866 -0.925922 -0.625000
v 0.979776 -0.946668 -0.625000
v 0.964853 -0.964853 -0.625000
v 0.946668 -0.979776 -0.625000
v 0.925922 -0.990866 -0.625000
v 0.903411 -0.997694 -0.625000
v 1.000000 0.880000 0.625000
v 0.880000 1.000000 0.625000
v 0.997694 0.903411 0.625000
v 0.990866 0.925922 0.625000
v 0.979776 0.946668 0.625000
v 0.964853 0.964853 0.625000
v 0.946668 0.979776 0.625000
v 0.925922 0.990866 0.625000
v 0.903411 0.997694 0.625000
v 1.000000 -0.625000 0.880000
v 0.880000 -0.625000 1.000000
v 0.997694 -0.625000 0.903411
v 0.990866 -0.625000 0.925922
v 0.979776 -0.625000 0.946668
v 0.964853 -0.625000 0.964853
v 0.946668 -0.625000 0.979776
v 0.925922 -0.625000 0.990866
v 0.903411 -0.625000 0.997694
v 0.625000 -0.880000 1.000000
v 0.625000 -1.000000 0.880000
v 0.625000 -0.903411 0.997694
v 0.625000 -0.925922 0.990866
v 0.625000 -0.946668 0.979776
v 0.625000 -0.964853 0.964853
v 0.625000 -0.979776 0.946668
v 0.625000 -0.990866 0.925922
v 0.625000 -0.997694 0.903411
v -0.625000 0.880000 1.000000
v -0.625000 1.000000 0.880000
v -0.625000 0.903411 0.997694
v -0.625000 0.925922 0.990866
v -0.625000 0.946668 0.979776
v -0.625000 0.964853 0.964853
v -0.625000 0.979776 0.946668
v -0.625000 0.990866 0.925922
v -0.625000 0.997694 0.903411
v -1.000000 -0.880000 -0.375000
v -0.880000 -1.000000 -0.375000
v -0.997694 -0.903411 -0.375000
v -0.990866 -0.925922 -0.375000
v -0.979776 -0.946668 -0.375000
v -0.964853 -0.964853 -0.375000
v -0.946668 -0.979776 -0.375000
v -0.925922 -0.990866 -0.375000
v -0.903411 -0.997694 -0.375000
v -1.000000 -0.375000 0.880000
v -0.880000 -0.375000 1.000000
v -0.997694 -0.375000 0.903411
v -0.990866 -0.375000 0.925922
v -0.979776 -0.375000 0.946668
v -0.964853 -0.375000 0.964853
v -0.946668 -0.375000 0.979776
v -0.925922 -0.375000 0.990866
v -0.903411 -0.375000 0.997694
v -1.000000 0.880000 0.375000
v -0.880000 1.000000 0.375000
v -0.997694 0.903411 0.375000
v -0.990866 0.925922 0.375000
v -0.979776 0.946668 0.375000
v -0.964853 0.964853 0.375000
v -0.946668 0.979776 0.375000
v -0.925922 0.990866 0.375000
v -0.903411 0.997694 0.375000
v -1.000000 0.375000 -0.880000
v -0.880000 0.375000 -1.000000
v -0.997694 0.375000 -0.903411
v -0.990866 0.375000 -0.925922
v -0.979776 0.375000 -0.946668
v -0.964853 0.375000 -0.964853
v -0.946668 0.375000 -0.979776
v -0.925922 0.375000 -0.990866
v -0.903411 0.375000 -0.997694
v 0.375000 -0.880000 -1.000000
v 0.375000 -1.000000 -0.880000
v 0.375000 -0.903411 -0.997694
v 0.375000 -0.925922 -0.990866
v 0.375000 -0.946668 -0.979776
v 0.375000 -0.964853 -0.964853
v 0.375000 -0.979776 -0.946668
v 0.375000 -0.990866 -0.925922
v 0.375000 -0.997694 -0.903411
v -0.375000 0.880000 -1.000000
v -0.375000 1.000000 -0.880000
v -0.375000 0.903411 -0.997694
v -0.375000 0.925922 -0.990866
v -0.375000 0.946668 -0.979776
v -0.375000 0.964853 -0.964853
v -0.375000 0.979776 -0.946668
v -0.375000 0.990866 -0.925922
v -0.375000 0.997694 -0.903411
v 0.880000 0.375000 -1.000000
v 1.000000 0.375000 -0.880000
v 0.903411 0.375000 -0.997694
v 0.925922 0.375000 -0.990866
v 0.946668 0.375000 -0.979776
v 0.964853 0.375000 -0.964853
v 0.979776 0.375000 -0.946668
v 0.990866 0.375000 -0.925922
v 0.997694 0.375000 -0.903411
v 1.000000 -0.880000 0.375000
v 0.880000 -1.000000 0.375000
v 0.997694 -0.903411 0.375000
v 0.990866 -0.925922 0.375000
v 0.979776 -0.946668 0.375000
v 0.964853 -0.964853 0.375000
v 0.946668 -0.979776 0.375000
v 0.925922 -0.990866 0.375000
v 0.903411 -0.997694 0.375000
v 1.000000 0.880000 -0.375000
v 0.880000 1.000000 -0.375000
v 0.997694 0.903411 -0.375000
v 0.990866 0.925922 -0.375000
v 0.979776 0.946668 -0.375000
v 0.964853 0.964853 -0.375000
v 0.946668 0.979776 -0.375000
v 0.925922 0.990866 -0.375000
v 0.903411 0.997694 -0.375000
v 1.000000 0.375000 0.880000
v 0.880000 0.375000 1.000000
v 0.997694 0.375000 0.903411
v 0.990866 0.375000 0.925922
v 0.979776 0.375000 0.946668
v 0.964853 0.375000 0.964853
v 0.946668 0.375000 0.979776
v 0.925922 0.375000 0.990866
v 0.903411 0.375000 0.997694
v -0.375000 -0.880000 1.000000
v -0.375000 -1.000000 0.880000
v -0.375000 -0.903411 0.997694
v -0.375000 -0.925922 0.990866
v -0.375000 -0.946668 0.979776
v -0.375000 -0.964853 0.964853
v -0.375000 -0.979776 0.946668
v -0.375000 -0.990866 0.925922
v -0.375000 -0.997694 0.903411
v 0.375000 0.880000 1.000000
v 0.375000 1.000000 0.880000
v 0.375000 0.903411 0.997694
v 0.375000 0.925922 0.990866
v 0.375000 0.946668 0.979776
v 0.375000 0.964853 0.964853
v 0.375000 0.979776 0.946668
v 0.375000 0.990866 0.925922
v 0.375000 0.997694 0.903411
v -1.000000 -0.880000 0.125000
v -0.880000 -1.000000 0.125000
v -0.997694 -0.903411 0.125000
v -0.990866 -0.925922 0.125000
v -0.979776 -0.946668 0.125000
v -0.964853 -0.964853 0.125000
v -0.946668 -0.979776 0.125000
v -0.925922 -0.990866 0.125000
v -0.903411 -0.997694 0.125000
v -1.000000 0.125000 0.880000
v -0.880000 0.125000 1.000000
v -0.997694 0.125000 0.903411
v -0.990866 0.125000 0.925922
v -0.979776 0.125000 0.946668
v -0.964853 0.125000 0.964853
v -0.946668 0.125000 0.979776
v -0.925922 0.125000 0.990866
v -0.903411 0.125000 0.997694
v -1.000000 0.880000 -0.125000
v -0.880000 1.000000 -0.125000
v -0.997694 0.903411 -0.125000
v -0.990866 0.925922 -0.125000
v -0.979776 0.946668 -0.125000
v -0.964853 0.964853 -0.125000
v -0.946668 0.979776 -0.125000
v -0.925922 0.990866 -0.125000
v -0.903411 0.997694 -0.125000
v -1.000000 -0.125000 -0.880000
v -0.880000 -0.125000 -1.000000
v -0.997694 -0.125000 -0.903411
v -0.990866 -0.125000 -0.925922
v -0.979776 -0.125000 -0.946668
v -0.964853 -0.125000 -0.964853
v -0.946668 -0.125000 -0.979776
v -0.925922 -0.125000 -0.990866
v -0.903411 -0.125000 -0.997694
v -0.125000 -0.880000 -1.000000
v -0.125000 -1.000000 -0.880000
v -0.125000 -0.903411 -0.997694
v -0.125000 -0.925922 -0.990866
v -0.125000 -0.946668 -0.979776
v -0.125000 -0.964853 -0.964853
v -0.125000 -0.979776 -0.946668
v -0.125000 -0.990866 -0.925922
v -0.125000 -0.997694 -0.903411
v 0.125000 0.880000 -1.000000
v 0.125000 1.000000 -0.880000
v 0.125000 0.903411 -0.997694
v 0.125000 0.925922 -0.990866
v 0.125000 0.946668 -0.979776
v 0.125000 0.964853 -0.964853
v 0.125000 0.979776 -0.946668
v 0.125000 0.990866 -0.925922
v 0.125000 0.997694 -0.903411
v 0.880000 -0.125000 -1.000000
v 1.000000 -0.125000 -0.880000
v 0.903411 -0.125000 -0.997694
v 0.925922 -0.125000 -0.990866
v 0.946668 -0.125000 -0.979776
v 0.964853 -0.125000 -0.964853
v 0.979776 -0.125000 -0.946668
v 0.990866 -0.125000 -0.925922
v 0.997694 -0.125000 -0.903411
v 1.000000 -0.880000 -0.125000
v 0.880000 -1.000000 -0.125000
v 0.997694 -0.903411 -0.125000
v 0.990866 -0.925922 -0.125000
v 0.979776 -0.946668 -0.125000
v 0.964853 -0.964853 -0.125000
v 0.946668 -0.979776 -0.125000
v 0.925922 -0.990866 -0.125000
v 0.903411 -0.997694 -0.125000
v 1.000000 0.880000 0.125000
v 0.880000 1.000000 0.125000
v 0.997694 0.903411 0.125000
v 0.990866 0.925922 0.125000
v 0.979776 0.946668 0.125000
v 0.964853 0.964853 0.125000
v 0.946668 0.979776 0.125000
v 0.925922 0.990866 0.125000
v 0.903411 0.997694 0.125000
v 1.000000 -0.125000 0.880000
v 0.880000 -0.125000 1.000000
v 0.997694 -0.125000 0.903411
v 0.990866 -0.125000 0.925922
v 0.979776 -0.125000 0.946668
v 0.964853 -0.125000 0.964853
v 0.946668 -0.125000 0.979776
v 0.925922 -0.125000 0.990866
v 0.903411 -0.125000 0.997694
v 0.125000 -0.880000 1.000000
v 0.125000 -1.000000 0.880000
v 0.125000 -0.903411 0.997694
v 0.125000 -0.925922 0.990866
v 0.125000 -0.946668 0.979776
v 0.125000 -0.964853 0.964853
v 0.125000 -0.979776 0.946668
v 0.125000 -0.990866 0.925922
v 0.125000 -0.997694 0.903411
v -0.125000 0.880000 1.000000
v -0.125000 1.000000 0.880000
v -0.125000 0.903411 0.997694
v -0.125000 0.925922 0.990866
v -0.125000 0.946668 0.979776
v -0.125000 0.964853 0.964853
v -0.125000 0.979776 0.946668
v -0.125000 0.990866 0.925922
v -0.125000 0.997694 0.903411
v -1.000000 -0.880000 -0.875000
v -0.880000 -1.000000 -0.875000
v -0.997694 -0.903411 -0.875000
v -0.990866 -0.925922 -0.875000
v -0.979776 -0.946668 -0.875000
v -0.964853 -0.964853 -0.875000
v -0.946668 -0.979776 -0.875000
v -0.925922 -0.990866 -0.875000
v -0.903411 -0.997694 -0.875000
v -1.000000 -0.875000 0.880000
v -0.880000 -0.875000 1.000000
v -0.997694 -0.875000 0.903411
v -0.990866 -0.875000 0.925922
v -0.979776 -0.875000 0.946668
v -0.964853 -0.875000 0.964853
v -0.946668 -0.875000 0.979776
v -0.925922 -0.875000 0.990866
v -0.903411 -0.875000 0.997694
v -1.000000 0.880000 0.875000
v -0.880000 1.000000 0.875000
v -0.997694 0.903411 0.875000
v -0.990866 0.925922 0.875000
v -0.979776 0.946668 0.875000
v -0.964853 0.964853 0.875000
v -0.946668 0.979776 0.875000
v -0.925922 0.990866 0.875000
v -0.903411 0.997694 0.875000
v -1.000000 0.875000 -0.880000
v -0.880000 0.875000 -1.000000
v -0.997694 0.875000 -0.903411
v -0.990866 0.875000 -0.925922
v -0.979776 0.875000 -0.946668
v -0.964853 0.875000 -0.964853
v -0.946668 0.875000 -0.979776
v -0.925922 0.875000 -0.990866
v -0.903411 0.875000 -0.997694
v 0.875000 -0.880000 -1.000000
v 0.875000 -1.000000 -0.880000
v 0.875000 -0.903411 -0.997694
v 0.875000 -0.925922 -0.990866
v 0.875000 -0.946668 -0.979776
v 0.875000 -0.964853 -0.964853
v 0.875000 -0.979776 -0.946668
v 0.875000 -0.990866 -0.925922
v 0.875000 -0.997694 -0.903411
v -0.875000 0.880000 -1.000000
v -0.875000 1.000000 -0.880000
v -0.875000 0.903411 -0.997694
v -0.875000 0.925922 -0.990866
v -0.875000 0.946668 -0.979776
v -0.875000 0.964853 -0.964853
v -0.875000 0.979776 -0.946668
v -0.875000 0.990866 -0.925922
v -0.875000 0.997694 -0.903411
v 0.880000 0.875000 -1.000000
v 1.000000 0.875000 -0.880000
v 0.903411 0.875000 -0.997694
v 0.925922 0.875000 -0.990866
v 0.946668 0.875000 -0.979776
v 0.964853 0.875000 -0.964853
v 0.979776 0.875000 -0.946668
v 0.990866 0.875000 -0.925922
v 0.997694 0.875000 -0.903411
v 1.000000 -0.880000 0.875000
v 0.880000 -1.000000 0.875000
v 0.997694 -0.903411 0.875000
v 0.990866 -0.925922 0.875000
v 0.979776 -0.946668 0.875000
v 0.964853 -0.964853 0.875000
v 0.946668 -0.979776 0.875000
v 0.925922 -0.990866 0.875000
v 0.903411 -0.997694 0.875000
v 1.000000 0.880000 -0.875000
v 0.880000 1.000000 -0.875000
v 0.997694 0.903411 -0.875000
v 0.990866 0.925922 -0.875000
v 0.979776 0.946668 -0.875000
v 0.964853 0.964853 -0.875000
v 0.946668 0.979776 -0.875000
v 0.925922 0.990866 -0.875000
v 0.903411 0.997694 -0.875000
v 1.000000 0.875000 0.880000
v 0.880000 0.875000 1.000000
v 0.997694 0.875000 0.903411
v 0.990866 0.875000 0.925922
v 0.979776 0.875000 0.946668
v 0.964853 0.875000 0.964853
v 0.946668 0.875000 0.979776
v 0.925922 0.875000 0.990866
v 0.903411 0.875000 0.997694
v -0.875000 -0.880000 1.000000
v -0.875000 -1.000000 0.880000
v -0.875000 -0.903411 0.997694
v -0.875000 -0.925922 0.990866
v -0.875000 -0.946668 0.979776
v -0.875000 -0.964853 0.964853
v -0.875000 -0.979776 0.946668
v -0.875000 -0.990866 0.925922
v -0.875000 -0.997694 0.903411
v 0.875000 0.880000 1.000000
v 0.875000 1.000000 0.880000
v 0.875000 0.903411 0.997694
v 0.875000 0.925922 0.990866
v 0.875000 0.946668 0.979776
v 0.875000 0.964853 0.964853
v 0.875000 0.979776 0.946668
v 0.875000 0.990866 0.925922
v 0.875000 0.997694 0.903411
vn -0.0000 1.0000 -0.0000
vn -0.0000 -1.0000 -0.0000
vn -0.0000 -0.0000 1.0000
vn 1.0000 -0.0000 -0.0000
vn -0.0000 -0.0000 -1.0000
vn -1.0000 -0.0000 -0.0000
vn -0.0501 -0.9975 0.0501
vn -0.0501 -0.0501 0.9975
vn -0.9975 -0.0501 0.0501
vn -0.0513 -0.9792 0.1961
vn -0.0505 -0.9223 0.3832
vn -0.0490 -0.8302 0.5554
vn -0.0483 -0.7063 0.7063
vn -0.1963 -0.9792 0.0517
vn -0.2010 -0.9584 0.2024
vn -0.1983 -0.8996 0.3892
vn -0.1925 -0.8101 0.5538
vn -0.1896 -0.6946 0.6939
vn -0.3831 -0.9223 0.0513
vn -0.3886 -0.8995 0.1998
vn -0.3801 -0.8429 0.3808
vn -0.3653 -0.7626 0.5339
vn -0.3575 -0.6606 0.6602
vn -0.5553 -0.8302 0.0494
vn -0.5543 -0.8095 0.1934
vn -0.5340 -0.7623 0.3658
vn -0.5039 -0.7015 0.5040
vn -0.4866 -0.6178 0.6177
vn -0.5774 -0.5774 0.5774
vn -0.1961 -0.0513 0.9792
vn -0.3832 -0.0505 0.9223
vn -0.5554 -0.0490 0.8302
vn -0.7063 -0.0483 0.7063
vn -0.0517 -0.1963 0.9792
vn -0.2024 -0.2010 0.9584
vn -0.3892 -0.1983 0.8996
vn -0.5538 -0.1925 0.8101
vn -0.6939 -0.1896 0.6946
vn -0.0513 -0.3831 0.9223
vn -0.1998 -0.3886 0.8995
vn -0.3808 -0.3801 0.8429
vn -0.5339 -0.3653 0.7626
vn -0.6602 -0.3575 0.6606
vn -0.0494 -0.5553 0.8302
vn -0.1934 -0.5543 0.8095
vn -0.3658 -0.5340 0.7623
vn -0.5040 -0.5039 0.7015
vn -0.6177 -0.4866 0.6178
vn -0.9792 -0.1961 0.0513
vn -0.9223 -0.3832 0.0505
vn -0.8302 -0.5554 0.0490
vn -0.7063 -0.7063 0.0483
vn -0.9792 -0.0517 0.1963
vn -0.9584 -0.2024 0.2010
vn -0.8996 -0.3892 0.1983
vn -0.8101 -0.5538 0.1925
vn -0.6946 -0.6939 0.1896
vn -0.9223 -0.0513 0.3831
vn -0.8995 -0.1998 0.3886
vn -0.8429 -0.3808 0.3801
vn -0.7626 -0.5339 0.3653
vn -0.6606 -0.6602 0.3575
vn -0.8302 -0.0494 0.5553
vn -0.8095 -0.1934 0.5543
vn -0.7623 -0.3658 0.5340
vn -0.7015 -0.5040 0.5039
vn -0.6178 -0.6177 0.4866
vn -0.9975 0.0501 0.0501
vn -0.0501 0.0501 0.9975
vn -0.0501 0.9975 0.0501
vn -0.9792 0.0513 0.1961
vn -0.9223 0.0505 0.3832
vn -0.8302 0.0490 0.5554
vn -0.7063 0.0483 0.7063
vn -0.9792 0.1963 0.0517
vn -0.9584 0.2010 0.2024
vn -0.8996 0.1983 0.3892
vn -0.8101 0.1925 0.5538
vn -0.6946 0.1896 0.6939
vn -0.9223 0.3831 0.0513
vn -0.8995 0.3886 0.1998
vn -0.8429 0.3801 0.3808
vn -0.7626 0.3653 0.5339
vn -0.6606 0.3575 0.6602
vn -0.8302 0.5553 0.0494
vn -0.8095 0.5543 0.1934
vn -0.7623 0.5340 0.3658
vn -0.7015 0.5039 0.5040
vn -0.6178 0.4866 0.6177
vn -0.5774 0.5774 0.5774
vn -0.0513 0.1961 0.9792
vn -0.0505 0.3832 0.9223
vn -0.0490 0.5554 0.8302
vn -0.0483 0.7063 0.7063
vn -0.1963 0.0517 0.9792
vn -0.2010 0.2024 0.9584
vn -0.1983 0.3892 0.8996
vn -0.1925 0.5538 0.8101
vn -0.1896 0.6939 0.6946
vn -0.3831 0.0513 0.9223
vn -0.3886 0.1998 0.8995
vn -0.3801 0.3808 0.8429
vn -0.3653 0.5339 0.7626
vn -0.3575 0.6602 0.6606
vn -0.5553 0.0494 0.8302
vn -0.5543 0.1934 0.8095
vn -0.5340 0.3658 0.7623
vn -0.5039 0.5040 0.7015
vn -0.4866 0.6177 0.6178
vn -0.1961 0.9792 0.0513
vn -0.3832 0.9223 0.0505
vn -0.5554 0.8302 0.0490
vn -0.7063 0.7063 0.0483
vn -0.0517 0.9792 0.1963
vn -0.2024 0.9584 0.2010
vn -0.3892 0.8996 0.1983
vn -0.5538 0.8101 0.1925
vn -0.6939 0.6946 0.1896
vn -0.0513 0.9223 0.3831
vn -0.1998 0.8995 0.3886
vn -0.3808 0.8429 0.3801
vn -0.5339 0.7626 0.3653
vn -0.6602 0.6606 0.3575
vn -0.0494 0.8302 0.5553
vn -0.1934 0.8095 0.5543
vn -0.3658 0.7623 0.5340
vn -0.5040 0.7015 0.5039
vn -0.6177 0.6178 0.4866
vn -0.9975 -0.0501 -0.0501
vn -0.0501 -0.0501 -0.9975
vn -0.0501 -0.9975 -0.0501
vn -0.9792 -0.0513 -0.1961
vn -0.9223 -0.0505 -0.3832
vn -0.8302 -0.0490 -0.5554
vn -0.7063 -0.0483 -0.7063
vn -0.9792 -0.1963 -0.0517
vn -0.9584 -0.2010 -0.2024
vn -0.8996 -0.1983 -0.3892
vn -0.8101 -0.1925 -0.5538
vn -0.6946 -0.1896 -0.6939
vn -0.9223 -0.3831 -0.0513
vn -0.8995 -0.3886 -0.1998
vn -0.8429 -0.3801 -0.3808
vn -0.7626 -0.3653 -0.5339
vn -0.6606 -0.3575 -0.6602
vn -0.8302 -0.5553 -0.0494
vn -0.8095 -0.5543 -0.1934
vn -0.7623 -0.5340 -0.3658
vn -0.7015 -0.5039 -0.5040
vn -0.6178 -0.4866 -0.6177
vn -0.5774 -0.5774 -0.5774
vn -0.0513 -0.1961 -0.9792
vn -0.0505 -0.3832 -0.9223
vn -0.0490 -0.5554 -0.8302
vn -0.0483 -0.7063 -0.7063
vn -0.1963 -0.0517 -0.9792
vn -0.2010 -0.2024 -0.9584
vn -0.1983 -0.3892 -0.8996
vn -0.1925 -0.5538 -0.8101
vn -0.1896 -0.6939 -0.6946
vn -0.3831 -0.0513 -0.9223
vn -0.3886 -0.1998 -0.8995
vn -0.3801 -0.3808 -0.8429
vn -0.3653 -0.5339 -0.7626
vn -0.3575 -0.6602 -0.6606
vn -0.5553 -0.0494 -0.8302
vn -0.5543 -0.1934 -0.8095
vn -0.5340 -0.3658 -0.7623
vn -0.5039 -0.5040 -0.7015
vn -0.4866 -0.6177 -0.6178
vn -0.1961 -0.9792 -0.0513
vn -0.3832 -0.9223 -0.0505
vn -0.5554 -0.8302 -0.0490
vn -0.7063 -0.7063 -0.0483
vn -0.0517 -0.9792 -0.1963
vn -0.2024 -0.9584 -0.2010
vn -0.3892 -0.8996 -0.1983
vn -0.5538 -0.8101 -0.1925
vn -0.6939 -0.6946 -0.1896
vn -0.0513 -0.9223 -0.3831
vn -0.1998 -0.8995 -0.3886
vn -0.3808 -0.8429 -0.3801
vn -0.5339 -0.7626 -0.3653
vn -0.6602 -0.6606 -0.3575
vn -0.0494 -0.8302 -0.5553
vn -0.1934 -0.8095 -0.5543
vn -0.3658 -0.7623 -0.5340
vn -0.5040 -0.7015 -0.5039
vn -0.6177 -0.6178 -0.4866
vn -0.0501 0.9975 -0.0501
vn -0.0501 0.0501 -0.9975
vn -0.9975 0.0501 -0.0501
vn -0.0513 0.9792 -0.1961
vn -0.0505 0.9223 -0.3832
vn -0.0490 0.8302 -0.5554
vn -0.0483 0.7063 -0.7063
vn -0.1963 0.9792 -0.0517
vn -0.2010 0.9584 -0.2024
vn -0.1983 0.8996 -0.3892
vn -0.1925 0.8101 -0.5538
vn -0.1896 0.6946 -0.6939
vn -0.3831 0.9223 -0.0513
vn -0.3886 0.8995 -0.1998
vn -0.3801 0.8429 -0.3808
vn -0.3653 0.7626 -0.5339
vn -0.3575 0.6606 -0.6602
vn -0.5553 0.8302 -0.0494
vn -0.5543 0.8095 -0.1934
vn -0.5340 0.7623 -0.3658
vn -0.5039 0.7015 -0.5040
vn -0.4866 0.6178 -0.6177
vn -0.5774 0.5774 -0.5774
vn -0.1961 0.0513 -0.9792
vn -0.3832 0.0505 -0.9223
vn -0.5554 0.0490 -0.8302
vn -0.7063 0.0483 -0.7063
vn -0.0517 0.1963 -0.9792
vn -0.2024 0.2010 -0.9584
vn -0.3892 0.1983 -0.8996
vn -0.5538 0.1925 -0.8101
vn -0.6939 0.1896 -0.6946
vn -0.0513 0.3831 -0.9223
vn -0.1998 0.3886 -0.8995
vn -0.3808 0.3801 -0.8429
vn -0.5339 0.3653 -0.7626
vn -0.6602 0.3575 -0.6606
vn -0.0494 0.5553 -0.8302
vn -0.1934 0.5543 -0.8095
vn -0.3658 0.5340 -0.7623
vn -0.5040 0.5039 -0.7015
vn -0.6177 0.4866 -0.6178
vn -0.9792 0.1961 -0.0513
vn -0.9223 0.3832 -0.0505
vn -0.8302 0.5554 -0.0490
vn -0.7063 0.7063 -0.0483
vn -0.9792 0.0517 -0.1963
vn -0.9584 0.2024 -0.2010
vn -0.8996 0.3892 -0.1983
vn -0.8101 0.5538 -0.1925
vn -0.6946 0.6939 -0.1896
vn -0.9223 0.0513 -0.3831
vn -0.8995 0.1998 -0.3886
vn -0.8429 0.3808 -0.3801
vn -0.7626 0.5339 -0.3653
vn -0.6606 0.6602 -0.3575
vn -0.8302 0.0494 -0.5553
vn -0.8095 0.1934 -0.5543
vn -0.7623 0.3658 -0.5340
vn -0.7015 0.5040 -0.5039
vn -0.6178 0.6177 -0.4866
vn 0.9975 -0.0501 0.0501
vn 0.0501 -0.0501 0.9975
vn 0.0501 -0.9975 0.0501
vn 0.9792 -0.0513 0.1961
vn 0.9223 -0.0505 0.3832
vn 0.8302 -0.0490 0.5554
vn 0.7063 -0.0483 0.7063
vn 0.9792 -0.1963 0.0517
vn 0.9584 -0.2010 0.2024
vn 0.8996 -0.1983 0.3892
vn 0.8101 -0.1925 0.5538
vn 0.6946 -0.1896 0.6939
vn 0.9223 -0.3831 0.0513
vn 0.8995 -0.3886 0.1998
vn 0.8429 -0.3801 0.3808
vn 0.7626 -0.3653 0.5339
vn 0.6606 -0.3575 0.6602
vn 0.8302 -0.5553 0.0494
vn 0.8095 -0.5543 0.1934
vn 0.7623 -0.5340 0.3658
vn 0.7015 -0.5039 0.5040
vn 0.6178 -0.4866 0.6177
vn 0.5774 -0.5774 0.5774
vn 0.0513 -0.1961 0.9792
vn 0.0505 -0.3832 0.9223
vn 0.0490 -0.5554 0.8302
vn 0.0483 -0.7063 0.7063
vn 0.1963 -0.0517 0.9792
vn 0.2010 -0.2024 0.9584
vn 0.1983 -0.3892 0.8996
vn 0.1925 -0.5538 0.8101
vn 0.1896 -0.6939 0.6946
vn 0.3831 -0.0513 0.9223
vn 0.3886 -0.1998 0.8995
vn 0.3801 -0.3808 0.8429
vn 0.3653 -0.5339 0.7626
vn 0.3575 -0.6602 0.6606
vn 0.5553 -0.0494 0.8302
vn 0.5543 -0.1934 0.8095
vn 0.5340 -0.3658 0.7623
vn 0.5039 -0.5040 0.7015
vn 0.4866 -0.6177 0.6178
vn 0.1961 -0.9792 0.0513
vn 0.3832 -0.9223 0.0505
vn 0.5554 -0.8302 0.0490
vn 0.7063 -0.7063 0.0483
vn 0.0517 -0.9792 0.1963
vn 0.2024 -0.9584 0.2010
vn 0.3892 -0.8996 0.1983
vn 0.5538 -0.8101 0.1925
vn 0.6939 -0.6946 0.1896
vn 0.0513 -0.9223 0.3831
vn 0.1998 -0.8995 0.3886
vn 0.3808 -0.8429 0.3801
vn 0.5339 -0.7626 0.3653
vn 0.6602 -0.6606 0.3575
vn 0.0494 -0.8302 0.5553
vn 0.1934 -0.8095 0.5543
vn 0.3658 -0.7623 0.5340
vn 0.5040 -0.7015 0.5039
vn 0.6177 -0.6178 0.4866
vn 0.0501 0.9975 0.0501
vn 0.0501 0.0501 0.9975
vn 0.9975 0.0501 0.0501
vn 0.0513 0.9792 0.1961
vn 0.0505 0.9223 0.3832
vn 0.0490 0.8302 0.5554
vn 0.0483 0.7063 0.7063
vn 0.1963 0.9792 0.0517
vn 0.2010 0.9584 0.2024
vn 0.1983 0.8996 0.3892
vn 0.1925 0.8101 0.5538
vn 0.1896 0.6946 0.6939
vn 0.3831 0.9223 0.0513
vn 0.3886 0.8995 0.1998
vn 0.3801 0.8429 0.3808
vn 0.3653 0.7626 0.5339
vn 0.3575 0.6606 0.6602
vn 0.5553 0.8302 0.0494
vn 0.5543 0.8095 0.1934
vn 0.5340 0.7623 0.3658
vn 0.5039 0.7015 0.5040
vn 0.4866 0.6178 0.6177
vn 0.5774 0.5774 0.5774
vn 0.1961 0.0513 0.9792
vn 0.3832 0.0505 0.9223
vn 0.5554 0.0490 0.8302
vn 0.7063 0.0483 0.7063
vn 0.0517 0.1963 0.9792
vn 0.2024 0.2010 0.9584
vn 0.3892 0.1983 0.8996
vn 0.5538 0.1925 0.8101
vn 0.6939 0.1896 0.6946
vn 0.0513 0.3831 0.9223
vn 0.1998 0.3886 0.8995
vn 0.3808 0.3801 0.8429
vn 0.5339 0.3653 0.7626
vn 0.6602 0.3575 0.6606
vn 0.0494 0.5553 0.8302
vn 0.1934 0.5543 0.8095
vn 0.3658 0.5340 0.7623
vn 0.5040 0.5039 0.7015
vn 0.6177 0.4866 0.6178
vn 0.9792 0.1961 0.0513
vn 0.9223 0.3832 0.0505
vn 0.8302 0.5554 0.0490
vn 0.7063 0.7063 0.0483
vn 0.9792 0.0517 0.1963
vn 0.9584 0.2024 0.2010
vn 0.8996 0.3892 0.1983
vn 0.8101 0.5538 0.1925
vn 0.6946 0.6939 0.1896
vn 0.9223 0.0513 0.3831
vn 0.8995 0.1998 0.3886
vn 0.8429 0.3808 0.3801
vn 0.7626 0.5339 0.3653
vn 0.6606 0.6602 0.3575
vn 0.8302 0.0494 0.5553
vn 0.8095 0.1934 0.5543
vn 0.7623 0.3658 0.5340
vn 0.7015 0.5040 0.5039
vn 0.6178 0.6177 0.4866
vn 0.0501 -0.0501 -0.9975
vn 0.9975 -0.0501 -0.0501
vn 0.0501 -0.9975 -0.0501
vn 0.1961 -0.0513 -0.9792
vn 0.3832 -0.0505 -0.9223
vn 0.5554 -0.0490 -0.8302
vn 0.7063 -0.0483 -0.7063
vn 0.0517 -0.1963 -0.9792
vn 0.2024 -0.2010 -0.9584
vn 0.3892 -0.1983 -0.8996
vn 0.5538 -0.1925 -0.8101
vn 0.6939 -0.1896 -0.6946
vn 0.0513 -0.3831 -0.9223
vn 0.1998 -0.3886 -0.8995
vn 0.3808 -0.3801 -0.8429
vn 0.5339 -0.3653 -0.7626
vn 0.6602 -0.3575 -0.6606
vn 0.0494 -0.5553 -0.8302
vn 0.1934 -0.5543 -0.8095
vn 0.3658 -0.5340 -0.7623
vn 0.5040 -0.5039 -0.7015
vn 0.6177 -0.4866 -0.6178
vn 0.5774 -0.5774 -0.5774
vn 0.9792 -0.1961 -0.0513
vn 0.9223 -0.3832 -0.0505
vn 0.8302 -0.5554 -0.0490
vn 0.7063 -0.7063 -0.0483
vn 0.9792 -0.0517 -0.1963
vn 0.9584 -0.2024 -0.2010
vn 0.8996 -0.3892 -0.1983
vn 0.8101 -0.5538 -0.1925
vn 0.6946 -0.6939 -0.1896
vn 0.9223 -0.0513 -0.3831
vn 0.8995 -0.1998 -0.3886
vn 0.8429 -0.3808 -0.3801
vn 0.7626 -0.5339 -0.3653
vn 0.6606 -0.6602 -0.3575
vn 0.8302 -0.0494 -0.5553
vn 0.8095 -0.1934 -0.5543
vn 0.7623 -0.3658 -0.5340
vn 0.7015 -0.5040 -0.5039
vn 0.6178 -0.6177 -0.4866
vn 0.0513 -0.9792 -0.1961
vn 0.0505 -0.9223 -0.3832
vn 0.0490 -0.8302 -0.5554
vn 0.0483 -0.7063 -0.7063
vn 0.1963 -0.9792 -0.0517
vn 0.2010 -0.9584 -0.2024
vn 0.1983 -0.8996 -0.3892
vn 0.1925 -0.8101 -0.5538
vn 0.1896 -0.6946 -0.6939
vn 0.3831 -0.9223 -0.0513
vn 0.3886 -0.8995 -0.1998
vn 0.3801 -0.8429 -0.3808
vn 0.3653 -0.7626 -0.5339
vn 0.3575 -0.6606 -0.6602
vn 0.5553 -0.8302 -0.0494
vn 0.5543 -0.8095 -0.1934
vn 0.5340 -0.7623 -0.3658
vn 0.5039 -0.7015 -0.5040
vn 0.4866 -0.6178 -0.6177
vn 0.0501 0.9975 -0.0501
vn 0.9975 0.0501 -0.0501
vn 0.0501 0.0501 -0.9975
vn 0.1961 0.9792 -0.0513
vn 0.3832 0.9223 -0.0505
vn 0.5554 0.8302 -0.0490
vn 0.7063 0.7063 -0.0483
vn 0.0517 0.9792 -0.1963
vn 0.2024 0.9584 -0.2010
vn 0.3892 0.8996 -0.1983
vn 0.5538 0.8101 -0.1925
vn 0.6939 0.6946 -0.1896
vn 0.0513 0.9223 -0.3831
vn 0.1998 0.8995 -0.3886
vn 0.3808 0.8429 -0.3801
vn 0.5339 0.7626 -0.3653
vn 0.6602 0.6606 -0.3575
vn 0.0494 0.8302 -0.5553
vn 0.1934 0.8095 -0.5543
vn 0.3658 0.7623 -0.5340
vn 0.5040 0.7015 -0.5039
vn 0.6177 0.6178 -0.4866
vn 0.5774 0.5774 -0.5774
vn 0.9792 0.0513 -0.1961
vn 0.9223 0.0505 -0.3832
vn 0.8302 0.0490 -0.5554
vn 0.7063 0.0483 -0.7063
vn 0.9792 0.1963 -0.0517
vn 0.9584 0.2010 -0.2024
vn 0.8996 0.1983 -0.3892
vn 0.8101 0.1925 -0.5538
vn 0.6946 0.1896 -0.6939
vn 0.9223 0.3831 -0.0513
vn 0.8995 0.3886 -0.1998
vn 0.8429 0.3801 -0.3808
vn 0.7626 0.3653 -0.5339
vn 0.6606 0.3575 -0.6602
vn 0.8302 0.5553 -0.0494
vn 0.8095 0.5543 -0.1934
vn 0.7623 0.5340 -0.3658
vn 0.7015 0.5039 -0.5040
vn 0.6178 0.4866 -0.6177
vn 0.0513 0.1961 -0.9792
vn 0.0505 0.3832 -0.9223
vn 0.0490 0.5554 -0.8302
vn 0.0483 0.7063 -0.7063
vn 0.1963 0.0517 -0.9792
vn 0.2010 0.2024 -0.9584
vn 0.1983 0.3892 -0.8996
vn 0.1925 0.5538 -0.8101
vn 0.1896 0.6939 -0.6946
vn 0.3831 0.0513 -0.9223
vn 0.3886 0.1998 -0.8995
vn 0.3801 0.3808 -0.8429
vn 0.3653 0.5339 -0.7626
vn 0.3575 0.6602 -0.6606
vn 0.5553 0.0494 -0.8302
vn 0.5543 0.1934 -0.8095
vn 0.5340 0.3658 -0.7623
vn 0.5039 0.5040 -0.7015
vn 0.4866 0.6177 -0.6178
vn -0.0491 -0.9988 -0.0000
vn -0.9988 -0.0491 -0.0000
vn -0.1951 -0.9808 -0.0000
vn -0.3827 -0.9239 -0.0000
vn -0.5556 -0.8315 -0.0000
vn -0.7071 -0.7071 -0.0000
vn -0.8315 -0.5556 -0.0000
vn -0.9239 -0.3827 -0.0000
vn -0.9808 -0.1951 -0.0000
vn -0.0491 -0.0000 0.9988
vn -0.9988 -0.0000 0.0491
vn -0.1951 -0.0000 0.9808
vn -0.3827 -0.0000 0.9239
vn -0.5556 -0.0000 0.8315
vn -0.7071 -0.0000 0.7071
vn -0.8315 -0.0000 0.5556
vn -0.9239 -0.0000 0.3827
vn -0.9808 -0.0000 0.1951
vn -0.0491 0.9988 -0.0000
vn -0.9988 0.0491 -0.0000
vn -0.1951 0.9808 -0.0000
vn -0.3827 0.9239 -0.0000
vn -0.5556 0.8315 -0.0000
vn -0.7071 0.7071 -0.0000
vn -0.8315 0.5556 -0.0000
vn -0.9239 0.3827 -0.0000
vn -0.9808 0.1951 -0.0000
vn -0.0491 -0.0000 -0.9988
vn -0.9988 -0.0000 -0.0491
vn -0.1951 -0.0000 -0.9808
vn -0.3827 -0.0000 -0.9239
vn -0.5556 -0.0000 -0.8315
vn -0.7071 -0.0000 -0.7071
vn -0.8315 -0.0000 -0.5556
vn -0.9239 -0.0000 -0.3827
vn -0.9808 -0.0000 -0.1951
vn -0.0000 -0.9988 -0.0491
vn -0.0000 -0.0491 -0.9988
vn -0.0000 -0.9808 -0.1951
vn -0.0000 -0.9239 -0.3827
vn -0.0000 -0.8315 -0.5556
vn -0.0000 -0.7071 -0.7071
vn -0.0000 -0.5556 -0.8315
vn -0.0000 -0.3827 -0.9239
vn -0.0000 -0.1951 -0.9808
vn -0.0000 0.9988 -0.0491
vn -0.0000 0.0491 -0.9988
vn -0.0000 0.9808 -0.1951
vn -0.0000 0.9239 -0.3827
vn -0.0000 0.8315 -0.5556
vn -0.0000 0.7071 -0.7071
vn -0.0000 0.5556 -0.8315
vn -0.0000 0.3827 -0.9239
vn -0.0000 0.1951 -0.9808
vn 0.9988 -0.0000 -0.0491
vn 0.0491 -0.0000 -0.9988
vn 0.9808 -0.0000 -0.1951
vn 0.9239 -0.0000 -0.3827
vn 0.8315 -0.0000 -0.5556
vn 0.7071 -0.0000 -0.7071
vn 0.5556 -0.0000 -0.8315
vn 0.3827 -0.0000 -0.9239
vn 0.1951 -0.0000 -0.9808
vn 0.0491 -0.9988 -0.0000
vn 0.9988 -0.0491 -0.0000
vn 0.1951 -0.9808 -0.0000
vn 0.3827 -0.9239 -0.0000
vn 0.5556 -0.8315 -0.0000
vn 0.7071 -0.7071 -0.0000
vn 0.8315 -0.5556 -0.0000
vn 0.9239 -0.3827 -0.0000
vn 0.9808 -0.1951 -0.0000
vn 0.0491 0.9988 -0.0000
vn 0.9988 0.0491 -0.0000
vn 0.1951 0.9808 -0.0000
vn 0.3827 0.9239 -0.0000
vn 0.5556 0.8315 -0.0000
vn 0.7071 0.7071 -0.0000
vn 0.8315 0.5556 -0.0000
vn 0.9239 0.3827 -0.0000
vn 0.9808 0.1951 -0.0000
vn 0.0491 -0.0000 0.9988
vn 0.9988 -0.0000 0.0491
vn 0.1951 -0.0000 0.9808
vn 0.3827 -0.0000 0.9239
vn 0.5556 -0.0000 0.8315
vn 0.7071 -0.0000 0.7071
vn 0.8315 -0.0000 0.5556
vn 0.9239 -0.0000 0.3827
vn 0.9808 -0.0000 0.1951
vn -0.0000 -0.9988 0.0491
vn -0.0000 -0.0491 0.9988
vn -0.0000 -0.9808 0.1951
vn -0.0000 -0.9239 0.3827
vn -0.0000 -0.8315 0.5556
vn -0.0000 -0.7071 0.7071
vn -0.0000 -0.5556 0.8315
vn -0.0000 -0.3827 0.9239
vn -0.0000 -0.1951 0.9808
vn -0.0000 0.9988 0.0491
vn -0.0000 0.0491 0.9988
vn -0.0000 0.9808 0.1951
vn -0.0000 0.9239 0.3827
vn -0.0000 0.8315 0.5556
vn -0.0000 0.7071 0.7071
vn -0.0000 0.5556 0.8315
vn -0.0000 0.3827 0.9239
vn -0.0000 0.1951 0.9808
vt 0.734375 0.609375
vt 0.750000 0.609375
vt 0.750000 0.625000
vt 0.734375 0.625000
vt 0.234375 0.609375
vt 0.250000 0.609375
vt 0.250000 0.625000
vt 0.234375 0.625000
vt 0.484375 0.859375
vt 0.500000 0.859375
vt 0.500000 0.875000
vt 0.484375 0.875000
vt 0.484375 0.609375
vt 0.500000 0.609375
vt 0.500000 0.625000
vt 0.484375 0.625000
vt 0.484375 0.359375
vt 0.500000 0.359375
vt 0.500000 0.375000
vt 0.484375 0.375000
vt 0.484375 0.109375
vt 0.500000 0.109375
vt 0.500000 0.125000
vt 0.484375 0.125000
vt 0.546875 0.109375
vt 0.562500 0.109375
vt 0.562500 0.125000
vt 0.546875 0.125000
vt 0.546875 0.046875
vt 0.562500 0.046875
vt 0.562500 0.062500
vt 0.546875 0.062500
vt 0.421875 0.109375
vt 0.437500 0.109375
vt 0.437500 0.125000
vt 0.421875 0.125000
vt 0.421875 0.046875
vt 0.437500 0.046875
vt 0.437500 0.062500
vt 0.421875 0.062500
vt 0.484375 0.046875
vt 0.500000 0.046875
vt 0.500000 0.062500
vt 0.484375 0.062500
vt 0.421875 0.171875
vt 0.437500 0.171875
vt 0.437500 0.187500
vt 0.421875 0.187500
vt 0.484375 0.171875
vt 0.500000 0.171875
vt 0.500000 0.187500
vt 0.484375 0.187500
vt 0.546875 0.359375
vt 0.562500 0.359375
vt 0.562500 0.375000
vt 0.546875 0.375000
vt 0.546875 0.296875
vt 0.562500 0.296875
vt 0.562500 0.312500
vt 0.546875 0.312500
vt 0.421875 0.359375
vt 0.437500 0.359375
vt 0.437500 0.375000
vt 0.421875 0.375000
vt 0.421875 0.296875
vt 0.437500 0.296875
vt 0.437500 0.312500
vt 0.421875 0.312500
vt 0.484375 0.296875
vt 0.500000 0.296875
vt 0.500000 0.312500
vt 0.484375 0.312500
vt 0.421875 0.421875
vt 0.437500 0.421875
vt 0.437500 0.437500
vt 0.421875 0.437500
vt 0.484375 0.421875
vt 0.500000 0.421875
vt 0.500000 0.437500
vt 0.484375 0.437500
vt 0.546875 0.609375
vt 0.562500 0.609375
vt 0.562500 0.625000
vt 0.546875 0.625000
vt 0.546875 0.546875
vt 0.562500 0.546875
vt 0.562500 0.562500
vt 0.546875 0.562500
vt 0.421875 0.609375
vt 0.437500 0.609375
vt 0.437500 0.625000
vt 0.421875 0.625000
vt 0.421875 0.546875
vt 0.437500 0.546875
vt 0.437500 0.562500
vt 0.421875 0.562500
vt 0.484375 0.546875
vt 0.500000 0.546875
vt 0.500000 0.562500
vt 0.484375 0.562500
vt 0.421875 0.671875
vt 0.437500 0.671875
vt 0.437500 0.687500
vt 0.421875 0.687500
vt 0.484375 0.671875
vt 0.500000 0.671875
vt 0.500000 0.687500
vt 0.484375 0.687500
vt 0.546875 0.859375
vt 0.562500 0.859375
vt 0.562500 0.875000
vt 0.546875 0.875000
vt 0.546875 0.796875
vt 0.562500 0.796875
vt 0.562500 0.812500
vt 0.546875 0.812500
vt 0.421875 0.859375
vt 0.437500 0.859375
vt 0.437500 0.875000
vt 0.421875 0.875000
vt 0.421875 0.796875
vt 0.437500 0.796875
vt 0.437500 0.812500
vt 0.421875 0.812500
vt 0.484375 0.796875
vt 0.500000 0.796875
vt 0.500000 0.812500
vt 0.484375 0.812500
vt 0.421875 0.921875
vt 0.437500 0.921875
vt 0.437500 0.937500
vt 0.421875 0.937500
vt 0.484375 0.921875
vt 0.500000 0.921875
vt 0.500000 0.937500
vt 0.484375 0.937500
vt 0.296875 0.609375
vt 0.312500 0.609375
vt 0.312500 0.625000
vt 0.296875 0.625000
vt 0.296875 0.546875
vt 0.312500 0.546875
vt 0.312500 0.562500
vt 0.296875 0.562500
vt 0.171875 0.609375
vt 0.187500 0.609375
vt 0.187500 0.625000
vt 0.171875 0.625000
vt 0.171875 0.546875
vt 0.187500 0.546875
vt 0.187500 0.562500
vt 0.171875 0.562500
vt 0.234375 0.546875
vt 0.250000 0.546875
vt 0.250000 0.562500
vt 0.234375 0.562500
vt 0.171875 0.671875
vt 0.187500 0.671875
vt 0.187500 0.687500
vt 0.171875 0.687500
vt 0.234375 0.671875
vt 0.250000 0.671875
vt 0.250000 0.687500
vt 0.234375 0.687500
vt 0.796875 0.609375
vt 0.812500 0.609375
vt 0.812500 0.625000
vt 0.796875 0.625000
vt 0.796875 0.546875
vt 0.812500 0.546875
vt 0.812500 0.562500
vt 0.796875 0.562500
vt 0.671875 0.609375
vt 0.687500 0.609375
vt 0.687500 0.625000
vt 0.671875 0.625000
vt 0.671875 0.546875
vt 0.687500 0.546875
vt 0.687500 0.562500
vt 0.671875 0.562500
vt 0.734375 0.546875
vt 0.750000 0.546875
vt 0.750000 0.562500
vt 0.734375 0.562500
vt 0.671875 0.671875
vt 0.687500 0.671875
vt 0.687500 0.687500
vt 0.671875 0.687500
vt 0.734375 0.671875
vt 0.750000 0.671875
vt 0.750000 0.687500
vt 0.734375 0.687500
vt 0.796875 0.671875
vt 0.812500 0.671875
vt 0.812500 0.687500
vt 0.796875 0.687500
vt 0.296875 0.671875
vt 0.312500 0.671875
vt 0.312500 0.687500
vt 0.296875 0.687500
vt 0.546875 0.921875
vt 0.562500 0.921875
vt 0.562500 0.937500
vt 0.546875 0.937500
vt 0.546875 0.671875
vt 0.562500 0.671875
vt 0.562500 0.687500
vt 0.546875 0.687500
vt 0.546875 0.421875
vt 0.562500 0.421875
vt 0.562500 0.437500
vt 0.546875 0.437500
vt 0.546875 0.171875
vt 0.562500 0.171875
vt 0.562500 0.187500
vt 0.546875 0.187500
vt 0.578125 0.171875
vt 0.593750 0.171875
vt 0.593750 0.187500
vt 0.578125 0.187500
vt 0.578125 0.140625
vt 0.593750 0.140625
vt 0.593750 0.156250
vt 0.578125 0.156250
vt 0.515625 0.171875
vt 0.531250 0.171875
vt 0.531250 0.187500
vt 0.515625 0.187500
vt 0.515625 0.140625
vt 0.531250 0.140625
vt 0.531250 0.156250
vt 0.515625 0.156250
vt 0.546875 0.140625
vt 0.562500 0.140625
vt 0.562500 0.156250
vt 0.546875 0.156250
vt 0.515625 0.203125
vt 0.531250 0.203125
vt 0.531250 0.218750
vt 0.515625 0.218750
vt 0.546875 0.203125
vt 0.562500 0.203125
vt 0.562500 0.218750
vt 0.546875 0.218750
vt 0.578125 0.421875
vt 0.593750 0.421875
vt 0.593750 0.437500
vt 0.578125 0.437500
vt 0.578125 0.390625
vt 0.593750 0.390625
vt 0.593750 0.406250
vt 0.578125 0.406250
vt 0.515625 0.421875
vt 0.531250 0.421875
vt 0.531250 0.437500
vt 0.515625 0.437500
vt 0.515625 0.390625
vt 0.531250 0.390625
vt 0.531250 0.406250
vt 0.515625 0.406250
vt 0.546875 0.390625
vt 0.562500 0.390625
vt 0.562500 0.406250
vt 0.546875 0.406250
vt 0.515625 0.453125
vt 0.531250 0.453125
vt 0.531250 0.468750
vt 0.515625 0.468750
vt 0.546875 0.453125
vt 0.562500 0.453125
vt 0.562500 0.468750
vt 0.546875 0.468750
vt 0.578125 0.671875
vt 0.593750 0.671875
vt 0.593750 0.687500
vt 0.578125 0.687500
vt 0.578125 0.640625
vt 0.593750 0.640625
vt 0.593750 0.656250
vt 0.578125 0.656250
vt 0.515625 0.671875
vt 0.531250 0.671875
vt 0.531250 0.687500
vt 0.515625 0.687500
vt 0.515625 0.640625
vt 0.531250 0.640625
vt 0.531250 0.656250
vt 0.515625 0.656250
vt 0.546875 0.640625
vt 0.562500 0.640625
vt 0.562500 0.656250
vt 0.546875 0.656250
vt 0.515625 0.703125
vt 0.531250 0.703125
vt 0.531250 0.718750
vt 0.515625 0.718750
vt 0.546875 0.703125
vt 0.562500 0.703125
vt 0.562500 0.718750
vt 0.546875 0.718750
vt 0.578125 0.921875
vt 0.593750 0.921875
vt 0.593750 0.937500
vt 0.578125 0.937500
vt 0.578125 0.890625
vt 0.593750 0.890625
vt 0.593750 0.906250
vt 0.578125 0.906250
vt 0.515625 0.921875
vt 0.531250 0.921875
vt 0.531250 0.937500
vt 0.515625 0.937500
vt 0.515625 0.890625
vt 0.531250 0.890625
vt 0.531250 0.906250
vt 0.515625 0.906250
vt 0.546875 0.890625
vt 0.562500 0.890625
vt 0.562500 0.906250
vt 0.546875 0.906250
vt 0.515625 0.953125
vt 0.531250 0.953125
vt 0.531250 0.968750
vt 0.515625 0.968750
vt 0.546875 0.953125
vt 0.562500 0.953125
vt 0.562500 0.968750
vt 0.546875 0.968750
vt 0.328125 0.671875
vt 0.343750 0.671875
vt 0.343750 0.687500
vt 0.328125 0.687500
vt 0.328125 0.640625
vt 0.343750 0.640625
vt 0.343750 0.656250
vt 0.328125 0.656250
vt 0.265625 0.671875
vt 0.281250 0.671875
vt 0.281250 0.687500
vt 0.265625 0.687500
vt 0.265625 0.640625
vt 0.281250 0.640625
vt 0.281250 0.656250
vt 0.265625 0.656250
vt 0.296875 0.640625
vt 0.312500 0.640625
vt 0.312500 0.656250
vt 0.296875 0.656250
vt 0.265625 0.703125
vt 0.281250 0.703125
vt 0.281250 0.718750
vt 0.265625 0.718750
vt 0.296875 0.703125
vt 0.312500 0.703125
vt 0.312500 0.718750
vt 0.296875 0.718750
vt 0.828125 0.671875
vt 0.843750 0.671875
vt 0.843750 0.687500
vt 0.828125 0.687500
vt 0.828125 0.640625
vt 0.843750 0.640625
vt 0.843750 0.656250
vt 0.828125 0.656250
vt 0.765625 0.671875
vt 0.781250 0.671875
vt 0.781250 0.687500
vt 0.765625 0.687500
vt 0.765625 0.640625
vt 0.781250 0.640625
vt 0.781250 0.656250
vt 0.765625 0.656250
vt 0.796875 0.640625
vt 0.812500 0.640625
vt 0.812500 0.656250
vt 0.796875 0.656250
vt 0.765625 0.703125
vt 0.781250 0.703125
vt 0.781250 0.718750
vt 0.765625 0.718750
vt 0.796875 0.703125
vt 0.812500 0.703125
vt 0.812500 0.718750
vt 0.796875 0.718750
vt 0.703125 0.671875
vt 0.718750 0.671875
vt 0.718750 0.687500
vt 0.703125 0.687500
vt 0.703125 0.640625
vt 0.718750 0.640625
vt 0.718750 0.656250
vt 0.703125 0.656250
vt 0.734375 0.640625
vt 0.750000 0.640625
vt 0.750000 0.656250
vt 0.734375 0.656250
vt 0.640625 0.671875
vt 0.656250 0.671875
vt 0.656250 0.687500
vt 0.640625 0.687500
vt 0.640625 0.640625
vt 0.656250 0.640625
vt 0.656250 0.656250
vt 0.640625 0.656250
vt 0.671875 0.640625
vt 0.687500 0.640625
vt 0.687500 0.656250
vt 0.671875 0.656250
vt 0.640625 0.703125
vt 0.656250 0.703125
vt 0.656250 0.718750
vt 0.640625 0.718750
vt 0.671875 0.703125
vt 0.687500 0.703125
vt 0.687500 0.718750
vt 0.671875 0.718750
vt 0.703125 0.546875
vt 0.718750 0.546875
vt 0.718750 0.562500
vt 0.703125 0.562500
vt 0.703125 0.515625
vt 0.718750 0.515625
vt 0.718750 0.531250
vt 0.703125 0.531250
vt 0.734375 0.515625
vt 0.750000 0.515625
vt 0.750000 0.531250
vt 0.734375 0.531250
vt 0.640625 0.546875
vt 0.656250 0.546875
vt 0.656250 0.562500
vt 0.640625 0.562500
vt 0.640625 0.515625
vt 0.656250 0.515625
vt 0.656250 0.531250
vt 0.640625 0.531250
vt 0.671875 0.515625
vt 0.687500 0.515625
vt 0.687500 0.531250
vt 0.671875 0.531250
vt 0.640625 0.609375
vt 0.656250 0.609375
vt 0.656250 0.625000
vt 0.640625 0.625000
vt 0.640625 0.578125
vt 0.656250 0.578125
vt 0.656250 0.593750
vt 0.640625 0.593750
vt 0.671875 0.578125
vt 0.687500 0.578125
vt 0.687500 0.593750
vt 0.671875 0.593750
vt 0.828125 0.546875
vt 0.843750 0.546875
vt 0.843750 0.562500
vt 0.828125 0.562500
vt 0.828125 0.515625
vt 0.843750 0.515625
vt 0.843750 0.531250
vt 0.828125 0.531250
vt 0.765625 0.546875
vt 0.781250 0.546875
vt 0.781250 0.562500
vt 0.765625 0.562500
vt 0.765625 0.515625
vt 0.781250 0.515625
vt 0.781250 0.531250
vt 0.765625 0.531250
vt 0.796875 0.515625
vt 0.812500 0.515625
vt 0.812500 0.531250
vt 0.796875 0.531250
vt 0.765625 0.609375
vt 0.781250 0.609375
vt 0.781250 0.625000
vt 0.765625 0.625000
vt 0.765625 0.578125
vt 0.781250 0.578125
vt 0.781250 0.593750
vt 0.765625 0.593750
vt 0.796875 0.578125
vt 0.812500 0.578125
vt 0.812500 0.593750
vt 0.796875 0.593750
vt 0.203125 0.671875
vt 0.218750 0.671875
vt 0.218750 0.687500
vt 0.203125 0.687500
vt 0.203125 0.640625
vt 0.218750 0.640625
vt 0.218750 0.656250
vt 0.203125 0.656250
vt 0.234375 0.640625
vt 0.250000 0.640625
vt 0.250000 0.656250
vt 0.234375 0.656250
vt 0.140625 0.671875
vt 0.156250 0.671875
vt 0.156250 0.687500
vt 0.140625 0.687500
vt 0.140625 0.640625
vt 0.156250 0.640625
vt 0.156250 0.656250
vt 0.140625 0.656250
vt 0.171875 0.640625
vt 0.187500 0.640625
vt 0.187500 0.656250
vt 0.171875 0.656250
vt 0.140625 0.703125
vt 0.156250 0.703125
vt 0.156250 0.718750
vt 0.140625 0.718750
vt 0.171875 0.703125
vt 0.187500 0.703125
vt 0.187500 0.718750
vt 0.171875 0.718750
vt 0.203125 0.546875
vt 0.218750 0.546875
vt 0.218750 0.562500
vt 0.203125 0.562500
vt 0.203125 0.515625
vt 0.218750 0.515625
vt 0.218750 0.531250
vt 0.203125 0.531250
vt 0.234375 0.515625
vt 0.250000 0.515625
vt 0.250000 0.531250
vt 0.234375 0.531250
vt 0.140625 0.546875
vt 0.156250 0.546875
vt 0.156250 0.562500
vt 0.140625 0.562500
vt 0.140625 0.515625
vt 0.156250 0.515625
vt 0.156250 0.531250
vt 0.140625 0.531250
vt 0.171875 0.515625
vt 0.187500 0.515625
vt 0.187500 0.531250
vt 0.171875 0.531250
vt 0.140625 0.609375
vt 0.156250 0.609375
vt 0.156250 0.625000
vt 0.140625 0.625000
vt 0.140625 0.578125
vt 0.156250 0.578125
vt 0.156250 0.593750
vt 0.140625 0.593750
vt 0.171875 0.578125
vt 0.187500 0.578125
vt 0.187500 0.593750
vt 0.171875 0.593750
vt 0.328125 0.546875
vt 0.343750 0.546875
vt 0.343750 0.562500
vt 0.328125 0.562500
vt 0.328125 0.515625
vt 0.343750 0.515625
vt 0.343750 0.531250
vt 0.328125 0.531250
vt 0.265625 0.546875
vt 0.281250 0.546875
vt 0.281250 0.562500
vt 0.265625 0.562500
vt 0.265625 0.515625
vt 0.281250 0.515625
vt 0.281250 0.531250
vt 0.265625 0.531250
vt 0.296875 0.515625
vt 0.312500 0.515625
vt 0.312500 0.531250
vt 0.296875 0.531250
vt 0.265625 0.609375
vt 0.281250 0.609375
vt 0.281250 0.625000
vt 0.265625 0.625000
vt 0.265625 0.578125
vt 0.281250 0.578125
vt 0.281250 0.593750
vt 0.265625 0.593750
vt 0.296875 0.578125
vt 0.312500 0.578125
vt 0.312500 0.593750
vt 0.296875 0.593750
vt 0.453125 0.921875
vt 0.468750 0.921875
vt 0.468750 0.937500
vt 0.453125 0.937500
vt 0.453125 0.890625
vt 0.468750 0.890625
vt 0.468750 0.906250
vt 0.453125 0.906250
vt 0.484375 0.890625
vt 0.500000 0.890625
vt 0.500000 0.906250
vt 0.484375 0.906250
vt 0.390625 0.921875
vt 0.406250 0.921875
vt 0.406250 0.937500
vt 0.390625 0.937500
vt 0.390625 0.890625
vt 0.406250 0.890625
vt 0.406250 0.906250
vt 0.390625 0.906250
vt 0.421875 0.890625
vt 0.437500 0.890625
vt 0.437500 0.906250
vt 0.421875 0.906250
vt 0.390625 0.953125
vt 0.406250 0.953125
vt 0.406250 0.968750
vt 0.390625 0.968750
vt 0.421875 0.953125
vt 0.437500 0.953125
vt 0.437500 0.968750
vt 0.421875 0.968750
vt 0.453125 0.796875
vt 0.468750 0.796875
vt 0.468750 0.812500
vt 0.453125 0.812500
vt 0.453125 0.765625
vt 0.468750 0.765625
vt 0.468750 0.781250
vt 0.453125 0.781250
vt 0.484375 0.765625
vt 0.500000 0.765625
vt 0.500000 0.781250
vt 0.484375 0.781250
vt 0.390625 0.796875
vt 0.406250 0.796875
vt 0.406250 0.812500
vt 0.390625 0.812500
vt 0.390625 0.765625
vt 0.406250 0.765625
vt 0.406250 0.781250
vt 0.390625 0.781250
vt 0.421875 0.765625
vt 0.437500 0.765625
vt 0.437500 0.781250
vt 0.421875 0.781250
vt 0.390625 0.859375
vt 0.406250 0.859375
vt 0.406250 0.875000
vt 0.390625 0.875000
vt 0.390625 0.828125
vt 0.406250 0.828125
vt 0.406250 0.843750
vt 0.390625 0.843750
vt 0.421875 0.828125
vt 0.437500 0.828125
vt 0.437500 0.843750
vt 0.421875 0.843750
vt 0.578125 0.796875
vt 0.593750 0.796875
vt 0.593750 0.812500
vt 0.578125 0.812500
vt 0.578125 0.765625
vt 0.593750 0.765625
vt 0.593750 0.781250
vt 0.578125 0.781250
vt 0.515625 0.796875
vt 0.531250 0.796875
vt 0.531250 0.812500
vt 0.515625 0.812500
vt 0.515625 0.765625
vt 0.531250 0.765625
vt 0.531250 0.781250
vt 0.515625 0.781250
vt 0.546875 0.765625
vt 0.562500 0.765625
vt 0.562500 0.781250
vt 0.546875 0.781250
vt 0.515625 0.859375
vt 0.531250 0.859375
vt 0.531250 0.875000
vt 0.515625 0.875000
vt 0.515625 0.828125
vt 0.531250 0.828125
vt 0.531250 0.843750
vt 0.515625 0.843750
vt 0.546875 0.828125
vt 0.562500 0.828125
vt 0.562500 0.843750
vt 0.546875 0.843750
vt 0.453125 0.671875
vt 0.468750 0.671875
vt 0.468750 0.687500
vt 0.453125 0.687500
vt 0.453125 0.640625
vt 0.468750 0.640625
vt 0.468750 0.656250
vt 0.453125 0.656250
vt 0.484375 0.640625
vt 0.500000 0.640625
vt 0.500000 0.656250
vt 0.484375 0.656250
vt 0.390625 0.671875
vt 0.406250 0.671875
vt 0.406250 0.687500
vt 0.390625 0.687500
vt 0.390625 0.640625
vt 0.406250 0.640625
vt 0.406250 0.656250
vt 0.390625 0.656250
vt 0.421875 0.640625
vt 0.437500 0.640625
vt 0.437500 0.656250
vt 0.421875 0.656250
vt 0.390625 0.703125
vt 0.406250 0.703125
vt 0.406250 0.718750
vt 0.390625 0.718750
vt 0.421875 0.703125
vt 0.437500 0.703125
vt 0.437500 0.718750
vt 0.421875 0.718750
vt 0.453125 0.546875
vt 0.468750 0.546875
vt 0.468750 0.562500
vt 0.453125 0.562500
vt 0.453125 0.515625
vt 0.468750 0.515625
vt 0.468750 0.531250
vt 0.453125 0.531250
vt 0.484375 0.515625
vt 0.500000 0.515625
vt 0.500000 0.531250
vt 0.484375 0.531250
vt 0.390625 0.546875
vt 0.406250 0.546875
vt 0.406250 0.562500
vt 0.390625 0.562500
vt 0.390625 0.515625
vt 0.406250 0.515625
vt 0.406250 0.531250
vt 0.390625 0.531250
vt 0.421875 0.515625
vt 0.437500 0.515625
vt 0.437500 0.531250
vt 0.421875 0.531250
vt 0.390625 0.609375
vt 0.406250 0.609375
vt 0.406250 0.625000
vt 0.390625 0.625000
vt 0.390625 0.578125
vt 0.406250 0.578125
vt 0.406250 0.593750
vt 0.390625 0.593750
vt 0.421875 0.578125
vt 0.437500 0.578125
vt 0.437500 0.593750
vt 0.421875 0.593750
vt 0.578125 0.546875
vt 0.593750 0.546875
vt 0.593750 0.562500
vt 0.578125 0.562500
vt 0.578125 0.515625
vt 0.593750 0.515625
vt 0.593750 0.531250
vt 0.578125 0.531250
vt 0.515625 0.546875
vt 0.531250 0.546875
vt 0.531250 0.562500
vt 0.515625 0.562500
vt 0.515625 0.515625
vt 0.531250 0.515625
vt 0.531250 0.531250
vt 0.515625 0.531250
vt 0.546875 0.515625
vt 0.562500 0.515625
vt 0.562500 0.531250
vt 0.546875 0.531250
vt 0.515625 0.609375
vt 0.531250 0.609375
vt 0.531250 0.625000
vt 0.515625 0.625000
vt 0.515625 0.578125
vt 0.531250 0.578125
vt 0.531250 0.593750
vt 0.515625 0.593750
vt 0.546875 0.578125
vt 0.562500 0.578125
vt 0.562500 0.593750
vt 0.546875 0.593750
vt 0.453125 0.421875
vt 0.468750 0.421875
vt 0.468750 0.437500
vt 0.453125 0.437500
vt 0.453125 0.390625
vt 0.468750 0.390625
vt 0.468750 0.406250
vt 0.453125 0.406250
vt 0.484375 0.390625
vt 0.500000 0.390625
vt 0.500000 0.406250
vt 0.484375 0.406250
vt 0.390625 0.421875
vt 0.406250 0.421875
vt 0.406250 0.437500
vt 0.390625 0.437500
vt 0.390625 0.390625
vt 0.406250 0.390625
vt 0.406250 0.406250
vt 0.390625 0.406250
vt 0.421875 0.390625
vt 0.437500 0.390625
vt 0.437500 0.406250
vt 0.421875 0.406250
vt 0.390625 0.453125
vt 0.406250 0.453125
vt 0.406250 0.468750
vt 0.390625 0.468750
vt 0.421875 0.453125
vt 0.437500 0.453125
vt 0.437500 0.468750
vt 0.421875 0.468750
vt 0.453125 0.296875
vt 0.468750 0.296875
vt 0.468750 0.312500
vt 0.453125 0.312500
vt 0.453125 0.265625
vt 0.468750 0.265625
vt 0.468750 0.281250
vt 0.453125 0.281250
vt 0.484375 0.265625
vt 0.500000 0.265625
vt 0.500000 0.281250
vt 0.484375 0.281250
vt 0.390625 0.296875
vt 0.406250 0.296875
vt 0.406250 0.312500
vt 0.390625 0.312500
vt 0.390625 0.265625
vt 0.406250 0.265625
vt 0.406250 0.281250
vt 0.390625 0.281250
vt 0.421875 0.265625
vt 0.437500 0.265625
vt 0.437500 0.281250
vt 0.421875 0.281250
vt 0.390625 0.359375
vt 0.406250 0.359375
vt 0.406250 0.375000
vt 0.390625 0.375000
vt 0.390625 0.328125
vt 0.406250 0.328125
vt 0.406250 0.343750
vt 0.390625 0.343750
vt 0.421875 0.328125
vt 0.437500 0.328125
vt 0.437500 0.343750
vt 0.421875 0.343750
vt 0.578125 0.296875
vt 0.593750 0.296875
vt 0.593750 0.312500
vt 0.578125 0.312500
vt 0.578125 0.265625
vt 0.593750 0.265625
vt 0.593750 0.281250
vt 0.578125 0.281250
vt 0.515625 0.296875
vt 0.531250 0.296875
vt 0.531250 0.312500
vt 0.515625 0.312500
vt 0.515625 0.265625
vt 0.531250 0.265625
vt 0.531250 0.281250
vt 0.515625 0.281250
vt 0.546875 0.265625
vt 0.562500 0.265625
vt 0.562500 0.281250
vt 0.546875 0.281250
vt 0.515625 0.359375
vt 0.531250 0.359375
vt 0.531250 0.375000
vt 0.515625 0.375000
vt 0.515625 0.328125
vt 0.531250 0.328125
vt 0.531250 0.343750
vt 0.515625 0.343750
vt 0.546875 0.328125
vt 0.562500 0.328125
vt 0.562500 0.343750
vt 0.546875 0.343750
vt 0.453125 0.171875
vt 0.468750 0.171875
vt 0.468750 0.187500
vt 0.453125 0.187500
vt 0.453125 0.140625
vt 0.468750 0.140625
vt 0.468750 0.156250
vt 0.453125 0.156250
vt 0.484375 0.140625
vt 0.500000 0.140625
vt 0.500000 0.156250
vt 0.484375 0.156250
vt 0.390625 0.171875
vt 0.406250 0.171875
vt 0.406250 0.187500
vt 0.390625 0.187500
vt 0.390625 0.140625
vt 0.406250 0.140625
vt 0.406250 0.156250
vt 0.390625 0.156250
vt 0.421875 0.140625
vt 0.437500 0.140625
vt 0.437500 0.156250
vt 0.421875 0.156250
vt 0.390625 0.203125
vt 0.406250 0.203125
vt 0.406250 0.218750
vt 0.390625 0.218750
vt 0.421875 0.203125
vt 0.437500 0.203125
vt 0.437500 0.218750
vt 0.421875 0.218750
vt 0.453125 0.046875
vt 0.468750 0.046875
vt 0.468750 0.062500
vt 0.453125 0.062500
vt 0.453125 0.015625
vt 0.468750 0.015625
vt 0.468750 0.031250
vt 0.453125 0.031250
vt 0.484375 0.015625
vt 0.500000 0.015625
vt 0.500000 0.031250
vt 0.484375 0.031250
vt 0.390625 0.046875
vt 0.406250 0.046875
vt 0.406250 0.062500
vt 0.390625 0.062500
vt 0.390625 0.015625
vt 0.406250 0.015625
vt 0.406250 0.031250
vt 0.390625 0.031250
vt 0.421875 0.015625
vt 0.437500 0.015625
vt 0.437500 0.031250
vt 0.421875 0.031250
vt 0.390625 0.109375
vt 0.406250 0.109375
vt 0.406250 0.125000
vt 0.390625 0.125000
vt 0.390625 0.078125
vt 0.406250 0.078125
vt 0.406250 0.093750
vt 0.390625 0.093750
vt 0.421875 0.078125
vt 0.437500 0.078125
vt 0.437500 0.093750
vt 0.421875 0.093750
vt 0.578125 0.046875
vt 0.593750 0.046875
vt 0.593750 0.062500
vt 0.578125 0.062500
vt 0.578125 0.015625
vt 0.593750 0.015625
vt 0.593750 0.031250
vt 0.578125 0.031250
vt 0.515625 0.046875
vt 0.531250 0.046875
vt 0.531250 0.062500
vt 0.515625 0.062500
vt 0.515625 0.015625
vt 0.531250 0.015625
vt 0.531250 0.031250
vt 0.515625 0.031250
vt 0.546875 0.015625
vt 0.562500 0.015625
vt 0.562500 0.031250
vt 0.546875 0.031250
vt 0.515625 0.109375
vt 0.531250 0.109375
vt 0.531250 0.125000
vt 0.515625 0.125000
vt 0.515625 0.078125
vt 0.531250 0.078125
vt 0.531250 0.093750
vt 0.515625 0.093750
vt 0.546875 0.078125
vt 0.562500 0.078125
vt 0.562500 0.093750
vt 0.546875 0.093750
vt 0.578125 0.109375
vt 0.593750 0.109375
vt 0.593750 0.125000
vt 0.578125 0.125000
vt 0.578125 0.078125
vt 0.593750 0.078125
vt 0.593750 0.093750
vt 0.578125 0.093750
vt 0.453125 0.109375
vt 0.468750 0.109375
vt 0.468750 0.125000
vt 0.453125 0.125000
vt 0.453125 0.078125
vt 0.468750 0.078125
vt 0.468750 0.093750
vt 0.453125 0.093750
vt 0.484375 0.078125
vt 0.500000 0.078125
vt 0.500000 0.093750
vt 0.484375 0.093750
vt 0.453125 0.203125
vt 0.468750 0.203125
vt 0.468750 0.218750
vt 0.453125 0.218750
vt 0.484375 0.203125
vt 0.500000 0.203125
vt 0.500000 0.218750
vt 0.484375 0.218750
vt 0.578125 0.359375
vt 0.593750 0.359375
vt 0.593750 0.375000
vt 0.578125 0.375000
vt 0.578125 0.328125
vt 0.593750 0.328125
vt 0.593750 0.343750
vt 0.578125 0.343750
vt 0.453125 0.359375
vt 0.468750 0.359375
vt 0.468750 0.375000
vt 0.453125 0.375000
vt 0.453125 0.328125
vt 0.468750 0.328125
vt 0.468750 0.343750
vt 0.453125 0.343750
vt 0.484375 0.328125
vt 0.500000 0.328125
vt 0.500000 0.343750
vt 0.484375 0.343750
vt 0.453125 0.453125
vt 0.468750 0.453125
vt 0.468750 0.468750
vt 0.453125 0.468750
vt 0.484375 0.453125
vt 0.500000 0.453125
vt 0.500000 0.468750
vt 0.484375 0.468750
vt 0.578125 0.609375
vt 0.593750 0.609375
vt 0.593750 0.625000
vt 0.578125 0.625000
vt 0.578125 0.578125
vt 0.593750 0.578125
vt 0.593750 0.593750
vt 0.578125 0.593750
vt 0.453125 0.609375
vt 0.468750 0.609375
vt 0.468750 0.625000
vt 0.453125 0.625000
vt 0.453125 0.578125
vt 0.468750 0.578125
vt 0.468750 0.593750
vt 0.453125 0.593750
vt 0.484375 0.578125
vt 0.500000 0.578125
vt 0.500000 0.593750
vt 0.484375 0.593750
vt 0.453125 0.703125
vt 0.468750 0.703125
vt 0.468750 0.718750
vt 0.453125 0.718750
vt 0.484375 0.703125
vt 0.500000 0.703125
vt 0.500000 0.718750
vt 0.484375 0.718750
vt 0.578125 0.859375
vt 0.593750 0.859375
vt 0.593750 0.875000
vt 0.578125 0.875000
vt 0.578125 0.828125
vt 0.593750 0.828125
vt 0.593750 0.843750
vt 0.578125 0.843750
vt 0.453125 0.859375
vt 0.468750 0.859375
vt 0.468750 0.875000
vt 0.453125 0.875000
vt 0.453125 0.828125
vt 0.468750 0.828125
vt 0.468750 0.843750
vt 0.453125 0.843750
vt 0.484375 0.828125
vt 0.500000 0.828125
vt 0.500000 0.843750
vt 0.484375 0.843750
vt 0.453125 0.953125
vt 0.468750 0.953125
vt 0.468750 0.968750
vt 0.453125 0.968750
vt 0.484375 0.953125
vt 0.500000 0.953125
vt 0.500000 0.968750
vt 0.484375 0.968750
vt 0.328125 0.609375
vt 0.343750 0.609375
vt 0.343750 0.625000
vt 0.328125 0.625000
vt 0.328125 0.578125
vt 0.343750 0.578125
vt 0.343750 0.593750
vt 0.328125 0.593750
vt 0.203125 0.609375
vt 0.218750 0.609375
vt 0.218750 0.625000
vt 0.203125 0.625000
vt 0.203125 0.578125
vt 0.218750 0.578125
vt 0.218750 0.593750
vt 0.203125 0.593750
vt 0.234375 0.578125
vt 0.250000 0.578125
vt 0.250000 0.593750
vt 0.234375 0.593750
vt 0.203125 0.703125
vt 0.218750 0.703125
vt 0.218750 0.718750
vt 0.203125 0.718750
vt 0.234375 0.703125
vt 0.250000 0.703125
vt 0.250000 0.718750
vt 0.234375 0.718750
vt 0.828125 0.609375
vt 0.843750 0.609375
vt 0.843750 0.625000
vt 0.828125 0.625000
vt 0.828125 0.578125
vt 0.843750 0.578125
vt 0.843750 0.593750
vt 0.828125 0.593750
vt 0.703125 0.609375
vt 0.718750 0.609375
vt 0.718750 0.625000
vt 0.703125 0.625000
vt 0.703125 0.578125
vt 0.718750 0.578125
vt 0.718750 0.593750
vt 0.703125 0.593750
vt 0.734375 0.578125
vt 0.750000 0.578125
vt 0.750000 0.593750
vt 0.734375 0.593750
vt 0.703125 0.703125
vt 0.718750 0.703125
vt 0.718750 0.718750
vt 0.703125 0.718750
vt 0.734375 0.703125
vt 0.750000 0.703125
vt 0.750000 0.718750
vt 0.734375 0.718750
vt 0.828125 0.703125
vt 0.843750 0.703125
vt 0.843750 0.718750
vt 0.828125 0.718750
vt 0.328125 0.703125
vt 0.343750 0.703125
vt 0.343750 0.718750
vt 0.328125 0.718750
vt 0.578125 0.953125
vt 0.593750 0.953125
vt 0.593750 0.968750
vt 0.578125 0.968750
vt 0.578125 0.703125
vt 0.593750 0.703125
vt 0.593750 0.718750
vt 0.578125 0.718750
vt 0.578125 0.453125
vt 0.593750 0.453125
vt 0.593750 0.468750
vt 0.578125 0.468750
vt 0.578125 0.203125
vt 0.593750 0.203125
vt 0.593750 0.218750
vt 0.578125 0.218750
vt 0.609375 0.203125
vt 0.609375 0.218750
vt 0.609375 0.187500
vt 0.578125 0.234375
vt 0.562500 0.234375
vt 0.593750 0.234375
vt 0.609375 0.453125
vt 0.609375 0.468750
vt 0.609375 0.437500
vt 0.578125 0.484375
vt 0.562500 0.484375
vt 0.593750 0.484375
vt 0.609375 0.703125
vt 0.609375 0.718750
vt 0.609375 0.687500
vt 0.578125 0.734375
vt 0.562500 0.734375
vt 0.593750 0.734375
vt 0.609375 0.953125
vt 0.609375 0.968750
vt 0.609375 0.937500
vt 0.578125 0.984375
vt 0.562500 0.984375
vt 0.593750 0.984375
vt 0.359375 0.703125
vt 0.359375 0.718750
vt 0.359375 0.687500
vt 0.328125 0.734375
vt 0.312500 0.734375
vt 0.343750 0.734375
vt 0.859375 0.703125
vt 0.859375 0.718750
vt 0.859375 0.687500
vt 0.828125 0.734375
vt 0.812500 0.734375
vt 0.843750 0.734375
vt 0.703125 0.734375
vt 0.687500 0.734375
vt 0.718750 0.734375
vt 0.859375 0.578125
vt 0.859375 0.593750
vt 0.859375 0.562500
vt 0.203125 0.734375
vt 0.187500 0.734375
vt 0.218750 0.734375
vt 0.359375 0.578125
vt 0.359375 0.593750
vt 0.359375 0.562500
vt 0.453125 0.984375
vt 0.437500 0.984375
vt 0.468750 0.984375
vt 0.609375 0.828125
vt 0.609375 0.843750
vt 0.609375 0.812500
vt 0.453125 0.734375
vt 0.437500 0.734375
vt 0.468750 0.734375
vt 0.609375 0.578125
vt 0.609375 0.593750
vt 0.609375 0.562500
vt 0.453125 0.484375
vt 0.437500 0.484375
vt 0.468750 0.484375
vt 0.609375 0.328125
vt 0.609375 0.343750
vt 0.609375 0.312500
vt 0.453125 0.234375
vt 0.437500 0.234375
vt 0.468750 0.234375
vt 0.609375 0.078125
vt 0.609375 0.093750
vt 0.609375 0.062500
vt 0.609375 0.015625
vt 0.609375 0.031250
vt 0.406250 0.234375
vt 0.390625 0.234375
vt 0.609375 0.265625
vt 0.609375 0.281250
vt 0.406250 0.484375
vt 0.390625 0.484375
vt 0.609375 0.515625
vt 0.609375 0.531250
vt 0.406250 0.734375
vt 0.390625 0.734375
vt 0.609375 0.765625
vt 0.609375 0.781250
vt 0.406250 0.984375
vt 0.390625 0.984375
vt 0.359375 0.515625
vt 0.359375 0.531250
vt 0.156250 0.734375
vt 0.140625 0.734375
vt 0.859375 0.515625
vt 0.859375 0.531250
vt 0.656250 0.734375
vt 0.640625 0.734375
vt 0.765625 0.734375
vt 0.750000 0.734375
vt 0.781250 0.734375
vt 0.859375 0.640625
vt 0.859375 0.656250
vt 0.859375 0.625000
vt 0.265625 0.734375
vt 0.250000 0.734375
vt 0.281250 0.734375
vt 0.359375 0.640625
vt 0.359375 0.656250
vt 0.359375 0.625000
vt 0.515625 0.984375
vt 0.500000 0.984375
vt 0.531250 0.984375
vt 0.609375 0.890625
vt 0.609375 0.906250
vt 0.609375 0.875000
vt 0.515625 0.734375
vt 0.500000 0.734375
vt 0.531250 0.734375
vt 0.609375 0.640625
vt 0.609375 0.656250
vt 0.609375 0.625000
vt 0.515625 0.484375
vt 0.500000 0.484375
vt 0.531250 0.484375
vt 0.609375 0.390625
vt 0.609375 0.406250
vt 0.609375 0.375000
vt 0.515625 0.234375
vt 0.500000 0.234375
vt 0.531250 0.234375
vt 0.609375 0.140625
vt 0.609375 0.156250
vt 0.609375 0.125000
vt 0.609375 0.171875
vt 0.546875 0.234375
vt 0.609375 0.421875
vt 0.546875 0.484375
vt 0.609375 0.671875
vt 0.546875 0.734375
vt 0.609375 0.921875
vt 0.546875 0.984375
vt 0.359375 0.671875
vt 0.296875 0.734375
vt 0.859375 0.671875
vt 0.796875 0.734375
vt 0.671875 0.734375
vt 0.859375 0.546875
vt 0.171875 0.734375
vt 0.359375 0.546875
vt 0.421875 0.984375
vt 0.609375 0.796875
vt 0.421875 0.734375
vt 0.609375 0.546875
vt 0.421875 0.484375
vt 0.609375 0.296875
vt 0.421875 0.234375
vt 0.609375 0.046875
vt 0.609375 0.109375
vt 0.484375 0.234375
vt 0.609375 0.359375
vt 0.484375 0.484375
vt 0.609375 0.609375
vt 0.484375 0.734375
vt 0.609375 0.859375
vt 0.484375 0.984375
vt 0.359375 0.609375
vt 0.234375 0.734375
vt 0.859375 0.609375
vt 0.734375 0.734375
vt 0.859375 0.734375
vt 0.359375 0.734375
vt 0.609375 0.984375
vt 0.609375 0.734375
vt 0.609375 0.484375
vt 0.609375 0.234375
vt 0.140000 0.735000
vt 0.140000 0.737926
vt 0.136984 0.738054
vt 0.137074 0.735000
vt 0.140000 0.740740
vt 0.136979 0.740891
vt 0.140000 0.743334
vt 0.137006 0.743344
vt 0.140000 0.750000
vt 0.137021 0.750000
vt 0.134118 0.738054
vt 0.134260 0.735000
vt 0.134193 0.740821
vt 0.134369 0.743070
vt 0.134469 0.750000
vt 0.131642 0.738013
vt 0.131666 0.735000
vt 0.131928 0.740639
vt 0.132336 0.742664
vt 0.132554 0.750000
vt 0.125000 0.737979
vt 0.125000 0.735000
vt 0.125000 0.740530
vt 0.125000 0.742446
vt 0.131340 0.750000
vt 0.390000 0.985000
vt 0.390000 0.987926
vt 0.386984 0.988054
vt 0.387074 0.985000
vt 0.390000 0.990740
vt 0.386979 0.990891
vt 0.390000 0.993334
vt 0.387006 0.993344
vt 0.390000 1.000000
vt 0.387021 1.000000
vt 0.384118 0.988054
vt 0.384260 0.985000
vt 0.384193 0.990821
vt 0.384369 0.993070
vt 0.384469 1.000000
vt 0.381642 0.988013
vt 0.381666 0.985000
vt 0.381928 0.990639
vt 0.382336 0.992664
vt 0.382554 1.000000
vt 0.375000 0.987979
vt 0.375000 0.985000
vt 0.375000 0.990530
vt 0.375000 0.992446
vt 0.381340 1.000000
vt 0.390000 0.015000
vt 0.387074 0.015000
vt 0.386946 0.011984
vt 0.390000 0.012074
vt 0.384260 0.015000
vt 0.384109 0.011979
vt 0.381666 0.015000
vt 0.381656 0.012006
vt 0.375000 0.015000
vt 0.375000 0.012021
vt 0.386946 0.009118
vt 0.390000 0.009260
vt 0.384179 0.009193
vt 0.381930 0.009369
vt 0.375000 0.009469
vt 0.386987 0.006642
vt 0.390000 0.006666
vt 0.384361 0.006928
vt 0.382336 0.007336
vt 0.375000 0.007554
vt 0.387021 0.000000
vt 0.390000 0.000000
vt 0.384469 0.000000
vt 0.382554 0.000000
vt 0.375000 0.006340
vt 0.610000 0.015000
vt 0.610000 0.012074
vt 0.613016 0.011946
vt 0.612926 0.015000
vt 0.610000 0.009260
vt 0.613021 0.009110
vt 0.610000 0.006666
vt 0.612994 0.006656
vt 0.610000 0.000000
vt 0.612979 0.000000
vt 0.615882 0.011946
vt 0.615740 0.015000
vt 0.615807 0.009179
vt 0.615631 0.006930
vt 0.615530 0.000000
vt 0.618358 0.011987
vt 0.618334 0.015000
vt 0.618072 0.009361
vt 0.617664 0.007336
vt 0.617446 0.000000
vt 0.625000 0.012021
vt 0.625000 0.015000
vt 0.625000 0.009469
vt 0.625000 0.007554
vt 0.618660 0.000000
vt 0.610000 0.985000
vt 0.612926 0.985000
vt 0.613054 0.988016
vt 0.610000 0.987926
vt 0.615740 0.985000
vt 0.615891 0.988021
vt 0.618334 0.985000
vt 0.618344 0.987994
vt 0.625000 0.985000
vt 0.625000 0.987979
vt 0.613054 0.990882
vt 0.610000 0.990740
vt 0.615821 0.990807
vt 0.618070 0.990631
vt 0.625000 0.990530
vt 0.613013 0.993358
vt 0.610000 0.993334
vt 0.615639 0.993072
vt 0.617664 0.992664
vt 0.625000 0.992446
vt 0.612979 1.000000
vt 0.610000 1.000000
vt 0.615530 1.000000
vt 0.617446 1.000000
vt 0.625000 0.993660
vt 0.860000 0.735000
vt 0.862926 0.735000
vt 0.863054 0.738016
vt 0.860000 0.737926
vt 0.865740 0.735000
vt 0.865891 0.738021
vt 0.868334 0.735000
vt 0.868344 0.737994
vt 0.875000 0.735000
vt 0.875000 0.737979
vt 0.863054 0.740882
vt 0.860000 0.740740
vt 0.865821 0.740807
vt 0.868070 0.740631
vt 0.875000 0.740530
vt 0.863013 0.743358
vt 0.860000 0.743334
vt 0.865639 0.743072
vt 0.867664 0.742664
vt 0.875000 0.742446
vt 0.862979 0.750000
vt 0.860000 0.750000
vt 0.865530 0.750000
vt 0.867446 0.750000
vt 0.875000 0.743660
vt 0.390000 0.235000
vt 0.390000 0.237926
vt 0.386984 0.238054
vt 0.387074 0.235000
vt 0.390000 0.240740
vt 0.386979 0.240890
vt 0.390000 0.243334
vt 0.387006 0.243344
vt 0.390000 0.250000
vt 0.387021 0.250000
vt 0.384118 0.238054
vt 0.384260 0.235000
vt 0.384193 0.240821
vt 0.384369 0.243070
vt 0.384469 0.250000
vt 0.381642 0.238013
vt 0.381666 0.235000
vt 0.381928 0.240639
vt 0.382336 0.242664
vt 0.382554 0.250000
vt 0.375000 0.237979
vt 0.375000 0.235000
vt 0.375000 0.240531
vt 0.375000 0.242446
vt 0.378170 0.253170
vt 0.390000 0.265000
vt 0.387074 0.265000
vt 0.386946 0.261984
vt 0.390000 0.262074
vt 0.384260 0.265000
vt 0.384109 0.261979
vt 0.381666 0.265000
vt 0.381656 0.262006
vt 0.375000 0.265000
vt 0.375000 0.262021
vt 0.386946 0.259118
vt 0.390000 0.259260
vt 0.384179 0.259193
vt 0.381930 0.259369
vt 0.375000 0.259469
vt 0.386987 0.256642
vt 0.390000 0.256666
vt 0.384361 0.256928
vt 0.382336 0.257336
vt 0.375000 0.257554
vt 0.140000 0.515000
vt 0.137074 0.515000
vt 0.136946 0.511984
vt 0.140000 0.512074
vt 0.134260 0.515000
vt 0.134110 0.511979
vt 0.131666 0.515000
vt 0.131656 0.512006
vt 0.125000 0.515000
vt 0.125000 0.512021
vt 0.136946 0.509118
vt 0.140000 0.509260
vt 0.134179 0.509193
vt 0.131930 0.509369
vt 0.125000 0.509470
vt 0.136987 0.506642
vt 0.140000 0.506666
vt 0.134361 0.506928
vt 0.132336 0.507336
vt 0.125000 0.507554
vt 0.137021 0.500000
vt 0.140000 0.500000
vt 0.134469 0.500000
vt 0.132554 0.500000
vt 0.125000 0.506340
vt 0.860000 0.515000
vt 0.860000 0.512074
vt 0.863016 0.511946
vt 0.862926 0.515000
vt 0.860000 0.509260
vt 0.863021 0.509109
vt 0.860000 0.506666
vt 0.862994 0.506656
vt 0.860000 0.500000
vt 0.862979 0.500000
vt 0.865882 0.511946
vt 0.865740 0.515000
vt 0.865807 0.509179
vt 0.865631 0.506930
vt 0.865530 0.500000
vt 0.868358 0.511987
vt 0.868334 0.515000
vt 0.868072 0.509361
vt 0.867664 0.507336
vt 0.867446 0.500000
vt 0.875000 0.512021
vt 0.875000 0.515000
vt 0.875000 0.509470
vt 0.875000 0.507554
vt 0.868660 0.500000
vt 0.610000 0.265000
vt 0.610000 0.262074
vt 0.613016 0.261946
vt 0.612926 0.265000
vt 0.610000 0.259260
vt 0.613021 0.259110
vt 0.610000 0.256666
vt 0.612994 0.256656
vt 0.610000 0.250000
vt 0.612979 0.250000
vt 0.615882 0.261946
vt 0.615740 0.265000
vt 0.615807 0.259179
vt 0.615631 0.256930
vt 0.615530 0.250000
vt 0.618358 0.261987
vt 0.618334 0.265000
vt 0.618072 0.259361
vt 0.617664 0.257336
vt 0.617446 0.250000
vt 0.625000 0.262021
vt 0.625000 0.265000
vt 0.625000 0.259469
vt 0.625000 0.257554
vt 0.621830 0.246830
vt 0.610000 0.235000
vt 0.612926 0.235000
vt 0.613054 0.238016
vt 0.610000 0.237926
vt 0.615740 0.235000
vt 0.615891 0.238021
vt 0.618334 0.235000
vt 0.618344 0.237994
vt 0.625000 0.235000
vt 0.625000 0.237979
vt 0.613054 0.240882
vt 0.610000 0.240740
vt 0.615821 0.240807
vt 0.618070 0.240631
vt 0.625000 0.240531
vt 0.613013 0.243358
vt 0.610000 0.243334
vt 0.615639 0.243072
vt 0.617664 0.242664
vt 0.625000 0.242446
vt 0.390000 0.735000
vt 0.390000 0.737926
vt 0.386984 0.738054
vt 0.387074 0.735000
vt 0.390000 0.740740
vt 0.386979 0.740891
vt 0.390000 0.743334
vt 0.387006 0.743344
vt 0.390000 0.750000
vt 0.387021 0.750000
vt 0.384118 0.738054
vt 0.384260 0.735000
vt 0.384193 0.740821
vt 0.384369 0.743070
vt 0.384469 0.750000
vt 0.381642 0.738013
vt 0.381666 0.735000
vt 0.381928 0.740639
vt 0.382336 0.742664
vt 0.382554 0.750000
vt 0.375000 0.737979
vt 0.375000 0.735000
vt 0.375000 0.740530
vt 0.375000 0.742446
vt 0.377113 0.750000
vt 0.390000 0.765000
vt 0.387074 0.765000
vt 0.386946 0.761984
vt 0.390000 0.762074
vt 0.384260 0.765000
vt 0.384109 0.761979
vt 0.381666 0.765000
vt 0.381656 0.762006
vt 0.367500 0.757500
vt 0.368990 0.756010
vt 0.386946 0.759118
vt 0.390000 0.759260
vt 0.384179 0.759193
vt 0.381930 0.759369
vt 0.370265 0.754735
vt 0.386987 0.756642
vt 0.390000 0.756666
vt 0.384361 0.756928
vt 0.382336 0.757336
vt 0.371223 0.753777
vt 0.360000 0.735000
vt 0.362926 0.735000
vt 0.363054 0.738016
vt 0.360000 0.737926
vt 0.365740 0.735000
vt 0.365891 0.738021
vt 0.368334 0.735000
vt 0.368344 0.737994
vt 0.363054 0.740882
vt 0.360000 0.740740
vt 0.365821 0.740807
vt 0.368070 0.740631
vt 0.363013 0.743358
vt 0.360000 0.743334
vt 0.365639 0.743072
vt 0.367664 0.742664
vt 0.640000 0.735000
vt 0.640000 0.737926
vt 0.636984 0.738054
vt 0.637074 0.735000
vt 0.640000 0.740740
vt 0.636979 0.740891
vt 0.640000 0.743334
vt 0.637006 0.743344
vt 0.632500 0.757500
vt 0.631010 0.756010
vt 0.634118 0.738054
vt 0.634260 0.735000
vt 0.634193 0.740821
vt 0.634369 0.743070
vt 0.629735 0.754735
vt 0.631642 0.738013
vt 0.631666 0.735000
vt 0.631928 0.740639
vt 0.632336 0.742664
vt 0.628777 0.753777
vt 0.625000 0.737979
vt 0.625000 0.735000
vt 0.625000 0.740530
vt 0.625000 0.742446
vt 0.625000 0.747887
vt 0.610000 0.765000
vt 0.610000 0.762074
vt 0.613016 0.761946
vt 0.612926 0.765000
vt 0.610000 0.759260
vt 0.613021 0.759109
vt 0.610000 0.756666
vt 0.612994 0.756656
vt 0.610000 0.750000
vt 0.612979 0.750000
vt 0.615882 0.761946
vt 0.615740 0.765000
vt 0.615807 0.759179
vt 0.615631 0.756930
vt 0.615530 0.750000
vt 0.618358 0.761987
vt 0.618334 0.765000
vt 0.618072 0.759361
vt 0.617664 0.757336
vt 0.617446 0.750000
vt 0.610000 0.735000
vt 0.612926 0.735000
vt 0.613054 0.738016
vt 0.610000 0.737926
vt 0.615740 0.735000
vt 0.615891 0.738021
vt 0.618334 0.735000
vt 0.618344 0.737994
vt 0.613054 0.740882
vt 0.610000 0.740740
vt 0.615821 0.740807
vt 0.618070 0.740631
vt 0.613013 0.743358
vt 0.610000 0.743334
vt 0.615639 0.743072
vt 0.617664 0.742664
vt 0.390000 0.485000
vt 0.390000 0.487926
vt 0.386984 0.488054
vt 0.387074 0.485000
vt 0.390000 0.490740
vt 0.386979 0.490890
vt 0.390000 0.493334
vt 0.387006 0.493344
vt 0.390000 0.500000
vt 0.387021 0.500000
vt 0.384118 0.488054
vt 0.384260 0.485000
vt 0.384193 0.490821
vt 0.384369 0.493070
vt 0.384469 0.500000
vt 0.381642 0.488013
vt 0.381666 0.485000
vt 0.381928 0.490639
vt 0.382336 0.492664
vt 0.382554 0.500000
vt 0.368990 0.493990
vt 0.367500 0.492500
vt 0.370265 0.495265
vt 0.371223 0.496223
vt 0.375000 0.502113
vt 0.390000 0.515000
vt 0.387074 0.515000
vt 0.386946 0.511984
vt 0.390000 0.512074
vt 0.384260 0.515000
vt 0.384109 0.511979
vt 0.381666 0.515000
vt 0.381656 0.512006
vt 0.375000 0.515000
vt 0.375000 0.512021
vt 0.386946 0.509118
vt 0.390000 0.509260
vt 0.384179 0.509193
vt 0.381930 0.509369
vt 0.375000 0.509470
vt 0.386987 0.506642
vt 0.390000 0.506666
vt 0.384361 0.506928
vt 0.382336 0.507336
vt 0.375000 0.507554
vt 0.360000 0.515000
vt 0.360000 0.512074
vt 0.363016 0.511946
vt 0.362926 0.515000
vt 0.360000 0.509260
vt 0.363021 0.509109
vt 0.360000 0.506666
vt 0.362994 0.506656
vt 0.365882 0.511946
vt 0.365740 0.515000
vt 0.365807 0.509179
vt 0.365631 0.506930
vt 0.368358 0.511987
vt 0.368334 0.515000
vt 0.368072 0.509361
vt 0.367664 0.507336
vt 0.640000 0.515000
vt 0.637074 0.515000
vt 0.636946 0.511984
vt 0.640000 0.512074
vt 0.634260 0.515000
vt 0.634109 0.511979
vt 0.631666 0.515000
vt 0.631656 0.512006
vt 0.625000 0.515000
vt 0.625000 0.512021
vt 0.636946 0.509118
vt 0.640000 0.509260
vt 0.634179 0.509193
vt 0.631930 0.509369
vt 0.625000 0.509470
vt 0.636987 0.506642
vt 0.640000 0.506666
vt 0.634361 0.506928
vt 0.632336 0.507336
vt 0.625000 0.507554
vt 0.631010 0.493990
vt 0.632500 0.492500
vt 0.629735 0.495265
vt 0.628777 0.496223
vt 0.622887 0.500000
vt 0.610000 0.515000
vt 0.610000 0.512074
vt 0.613016 0.511946
vt 0.612926 0.515000
vt 0.610000 0.509260
vt 0.613021 0.509109
vt 0.610000 0.506666
vt 0.612994 0.506656
vt 0.610000 0.500000
vt 0.612979 0.500000
vt 0.615882 0.511946
vt 0.615740 0.515000
vt 0.615807 0.509179
vt 0.615631 0.506930
vt 0.615530 0.500000
vt 0.618358 0.511987
vt 0.618334 0.515000
vt 0.618072 0.509361
vt 0.617664 0.507336
vt 0.617446 0.500000
vt 0.610000 0.485000
vt 0.612926 0.485000
vt 0.613054 0.488016
vt 0.610000 0.487926
vt 0.615740 0.485000
vt 0.615891 0.488021
vt 0.618334 0.485000
vt 0.618344 0.487994
vt 0.613054 0.490882
vt 0.610000 0.490740
vt 0.615821 0.490807
vt 0.618070 0.490631
vt 0.613013 0.493358
vt 0.610000 0.493334
vt 0.615639 0.493072
vt 0.617664 0.492664
vt 0.140000 0.734375
vt 0.137074 0.734375
vt 0.134260 0.734375
vt 0.131666 0.734375
vt 0.125000 0.734375
vt 0.375000 0.015625
vt 0.381666 0.015625
vt 0.384260 0.015625
vt 0.387074 0.015625
vt 0.390000 0.015625
vt 0.609375 0.985000
vt 0.609375 0.987926
vt 0.609375 0.990740
vt 0.609375 0.993334
vt 0.609375 1.000000
vt 0.609375 0.000000
vt 0.609375 0.006666
vt 0.609375 0.009260
vt 0.609375 0.012074
vt 0.609375 0.015000
vt 0.860000 0.515625
vt 0.862926 0.515625
vt 0.865740 0.515625
vt 0.868334 0.515625
vt 0.875000 0.515625
vt 0.625000 0.234375
vt 0.618334 0.234375
vt 0.615740 0.234375
vt 0.612926 0.234375
vt 0.610000 0.234375
vt 0.390625 0.265000
vt 0.390625 0.262074
vt 0.390625 0.259260
vt 0.390625 0.256666
vt 0.390625 0.250000
vt 0.390625 0.243334
vt 0.390625 0.240740
vt 0.390625 0.237926
vt 0.390625 0.235000
vt 0.140625 0.515000
vt 0.140625 0.512074
vt 0.140625 0.509260
vt 0.140625 0.506666
vt 0.140625 0.500000
vt 0.375000 0.265625
vt 0.381666 0.265625
vt 0.384260 0.265625
vt 0.387074 0.265625
vt 0.390000 0.265625
vt 0.640625 0.515000
vt 0.640625 0.512074
vt 0.640625 0.509260
vt 0.640625 0.506666
vt 0.640625 0.500000
vt 0.625000 0.484375
vt 0.618334 0.484375
vt 0.615740 0.484375
vt 0.612926 0.484375
vt 0.610000 0.484375
vt 0.390625 0.515000
vt 0.390625 0.512074
vt 0.390625 0.509260
vt 0.390625 0.506666
vt 0.390625 0.500000
vt 0.390625 0.493334
vt 0.390625 0.490740
vt 0.390625 0.487926
vt 0.390625 0.485000
vt 0.360000 0.515625
vt 0.362926 0.515625
vt 0.365740 0.515625
vt 0.368334 0.515625
vt 0.375000 0.515625
vt 0.381666 0.515625
vt 0.384260 0.515625
vt 0.387074 0.515625
vt 0.390000 0.515625
vt 0.640000 0.734375
vt 0.637074 0.734375
vt 0.634260 0.734375
vt 0.631666 0.734375
vt 0.625000 0.734375
vt 0.618334 0.734375
vt 0.615740 0.734375
vt 0.612926 0.734375
vt 0.610000 0.734375
vt 0.390625 0.765000
vt 0.390625 0.762074
vt 0.390625 0.759260
vt 0.390625 0.756666
vt 0.390625 0.750000
vt 0.390625 0.743334
vt 0.390625 0.740740
vt 0.390625 0.737926
vt 0.390625 0.735000
vt 0.359375 0.735000
vt 0.359375 0.737926
vt 0.359375 0.740740
vt 0.359375 0.743334
vt 0.359375 0.750000
vt 0.375000 0.765625
vt 0.381666 0.765625
vt 0.384260 0.765625
vt 0.387074 0.765625
vt 0.390000 0.765625
vt 0.859375 0.735000
vt 0.859375 0.737926
vt 0.859375 0.740740
vt 0.859375 0.743334
vt 0.859375 0.750000
vt 0.625000 0.984375
vt 0.618334 0.984375
vt 0.615740 0.984375
vt 0.612926 0.984375
vt 0.610000 0.984375
vt 0.140000 0.609375
vt 0.140000 0.625000
vt 0.137074 0.625000
vt 0.137074 0.609375
vt 0.134260 0.625000
vt 0.134260 0.609375
vt 0.131666 0.625000
vt 0.131666 0.609375
vt 0.125000 0.625000
vt 0.125000 0.609375
vt 0.375000 0.140625
vt 0.375000 0.125000
vt 0.381666 0.125000
vt 0.381666 0.140625
vt 0.384260 0.125000
vt 0.384260 0.140625
vt 0.387074 0.125000
vt 0.387074 0.140625
vt 0.390000 0.125000
vt 0.390000 0.140625
vt 0.484375 0.985000
vt 0.500000 0.985000
vt 0.500000 0.987926
vt 0.484375 0.987926
vt 0.500000 0.990740
vt 0.484375 0.990740
vt 0.500000 0.993334
vt 0.484375 0.993334
vt 0.500000 1.000000
vt 0.484375 1.000000
vt 0.484375 0.000000
vt 0.500000 0.000000
vt 0.500000 0.006666
vt 0.484375 0.006666
vt 0.500000 0.009260
vt 0.484375 0.009260
vt 0.500000 0.012074
vt 0.484375 0.012074
vt 0.500000 0.015000
vt 0.484375 0.015000
vt 0.860000 0.640625
vt 0.860000 0.625000
vt 0.862926 0.625000
vt 0.862926 0.640625
vt 0.865740 0.625000
vt 0.865740 0.640625
vt 0.868334 0.625000
vt 0.868334 0.640625
vt 0.875000 0.625000
vt 0.875000 0.640625
vt 0.625000 0.109375
vt 0.625000 0.125000
vt 0.618334 0.125000
vt 0.618334 0.109375
vt 0.615740 0.125000
vt 0.615740 0.109375
vt 0.612926 0.125000
vt 0.612926 0.109375
vt 0.610000 0.125000
vt 0.610000 0.109375
vt 0.515625 0.265000
vt 0.500000 0.265000
vt 0.500000 0.262074
vt 0.515625 0.262074
vt 0.500000 0.259260
vt 0.515625 0.259260
vt 0.500000 0.256666
vt 0.515625 0.256666
vt 0.500000 0.250000
vt 0.515625 0.250000
vt 0.500000 0.243334
vt 0.515625 0.243334
vt 0.500000 0.240740
vt 0.515625 0.240740
vt 0.500000 0.237926
vt 0.515625 0.237926
vt 0.500000 0.235000
vt 0.515625 0.235000
vt 0.265625 0.515000
vt 0.250000 0.515000
vt 0.250000 0.512074
vt 0.265625 0.512074
vt 0.250000 0.509260
vt 0.265625 0.509260
vt 0.250000 0.506666
vt 0.265625 0.506666
vt 0.250000 0.500000
vt 0.265625 0.500000
vt 0.375000 0.390625
vt 0.375000 0.375000
vt 0.381666 0.375000
vt 0.381666 0.390625
vt 0.384260 0.375000
vt 0.384260 0.390625
vt 0.387074 0.375000
vt 0.387074 0.390625
vt 0.390000 0.375000
vt 0.390000 0.390625
vt 0.765625 0.515000
vt 0.750000 0.515000
vt 0.750000 0.512074
vt 0.765625 0.512074
vt 0.750000 0.509260
vt 0.765625 0.509260
vt 0.750000 0.506666
vt 0.765625 0.506666
vt 0.750000 0.500000
vt 0.765625 0.500000
vt 0.625000 0.359375
vt 0.625000 0.375000
vt 0.618334 0.375000
vt 0.618334 0.359375
vt 0.615740 0.375000
vt 0.615740 0.359375
vt 0.612926 0.375000
vt 0.612926 0.359375
vt 0.610000 0.375000
vt 0.610000 0.359375
vt 0.515625 0.515000
vt 0.500000 0.515000
vt 0.500000 0.512074
vt 0.515625 0.512074
vt 0.500000 0.509260
vt 0.515625 0.509260
vt 0.500000 0.506666
vt 0.515625 0.506666
vt 0.500000 0.500000
vt 0.515625 0.500000
vt 0.500000 0.493334
vt 0.515625 0.493334
vt 0.500000 0.490740
vt 0.515625 0.490740
vt 0.500000 0.487926
vt 0.515625 0.487926
vt 0.500000 0.485000
vt 0.515625 0.485000
vt 0.360000 0.640625
vt 0.360000 0.625000
vt 0.362926 0.625000
vt 0.362926 0.640625
vt 0.365740 0.625000
vt 0.365740 0.640625
vt 0.368334 0.625000
vt 0.368334 0.640625
vt 0.375000 0.625000
vt 0.375000 0.640625
vt 0.381666 0.625000
vt 0.381666 0.640625
vt 0.384260 0.625000
vt 0.384260 0.640625
vt 0.387074 0.625000
vt 0.387074 0.640625
vt 0.390000 0.625000
vt 0.390000 0.640625
vt 0.640000 0.609375
vt 0.640000 0.625000
vt 0.637074 0.625000
vt 0.637074 0.609375
vt 0.634260 0.625000
vt 0.634260 0.609375
vt 0.631666 0.625000
vt 0.631666 0.609375
vt 0.625000 0.625000
vt 0.625000 0.609375
vt 0.618334 0.625000
vt 0.618334 0.609375
vt 0.615740 0.625000
vt 0.615740 0.609375
vt 0.612926 0.625000
vt 0.612926 0.609375
vt 0.610000 0.625000
vt 0.610000 0.609375
vt 0.515625 0.765000
vt 0.500000 0.765000
vt 0.500000 0.762074
vt 0.515625 0.762074
vt 0.500000 0.759260
vt 0.515625 0.759260
vt 0.500000 0.756666
vt 0.515625 0.756666
vt 0.500000 0.750000
vt 0.515625 0.750000
vt 0.500000 0.743334
vt 0.515625 0.743334
vt 0.500000 0.740740
vt 0.515625 0.740740
vt 0.500000 0.737926
vt 0.515625 0.737926
vt 0.500000 0.735000
vt 0.515625 0.735000
vt 0.234375 0.735000
vt 0.250000 0.735000
vt 0.250000 0.737926
vt 0.234375 0.737926
vt 0.250000 0.740740
vt 0.234375 0.740740
vt 0.250000 0.743334
vt 0.234375 0.743334
vt 0.250000 0.750000
vt 0.234375 0.750000
vt 0.375000 0.890625
vt 0.375000 0.875000
vt 0.381666 0.875000
vt 0.381666 0.890625
vt 0.384260 0.875000
vt 0.384260 0.890625
vt 0.387074 0.875000
vt 0.387074 0.890625
vt 0.390000 0.875000
vt 0.390000 0.890625
vt 0.734375 0.735000
vt 0.750000 0.735000
vt 0.750000 0.737926
vt 0.734375 0.737926
vt 0.750000 0.740740
vt 0.734375 0.740740
vt 0.750000 0.743334
vt 0.734375 0.743334
vt 0.750000 0.750000
vt 0.734375 0.750000
vt 0.625000 0.859375
vt 0.625000 0.875000
vt 0.618334 0.875000
vt 0.618334 0.859375
vt 0.615740 0.875000
vt 0.615740 0.859375
vt 0.612926 0.875000
vt 0.612926 0.859375
vt 0.610000 0.875000
vt 0.610000 0.859375
vt 0.140000 0.671875
vt 0.140000 0.687500
vt 0.137074 0.687500
vt 0.137074 0.671875
vt 0.134260 0.687500
vt 0.134260 0.671875
vt 0.131666 0.687500
vt 0.131666 0.671875
vt 0.125000 0.687500
vt 0.125000 0.671875
vt 0.375000 0.078125
vt 0.375000 0.062500
vt 0.381666 0.062500
vt 0.381666 0.078125
vt 0.384260 0.062500
vt 0.384260 0.078125
vt 0.387074 0.062500
vt 0.387074 0.078125
vt 0.390000 0.062500
vt 0.390000 0.078125
vt 0.546875 0.985000
vt 0.562500 0.985000
vt 0.562500 0.987926
vt 0.546875 0.987926
vt 0.562500 0.990740
vt 0.546875 0.990740
vt 0.562500 0.993334
vt 0.546875 0.993334
vt 0.562500 1.000000
vt 0.546875 1.000000
vt 0.546875 0.000000
vt 0.562500 0.000000
vt 0.562500 0.006666
vt 0.546875 0.006666
vt 0.562500 0.009260
vt 0.546875 0.009260
vt 0.562500 0.012074
vt 0.546875 0.012074
vt 0.562500 0.015000
vt 0.546875 0.015000
vt 0.860000 0.578125
vt 0.860000 0.562500
vt 0.862926 0.562500
vt 0.862926 0.578125
vt 0.865740 0.562500
vt 0.865740 0.578125
vt 0.868334 0.562500
vt 0.868334 0.578125
vt 0.875000 0.562500
vt 0.875000 0.578125
vt 0.625000 0.171875
vt 0.625000 0.187500
vt 0.618334 0.187500
vt 0.618334 0.171875
vt 0.615740 0.187500
vt 0.615740 0.171875
vt 0.612926 0.187500
vt 0.612926 0.171875
vt 0.610000 0.187500
vt 0.610000 0.171875
vt 0.453125 0.265000
vt 0.437500 0.265000
vt 0.437500 0.262074
vt 0.453125 0.262074
vt 0.437500 0.259260
vt 0.453125 0.259260
vt 0.437500 0.256666
vt 0.453125 0.256666
vt 0.437500 0.250000
vt 0.453125 0.250000
vt 0.437500 0.243334
vt 0.453125 0.243334
vt 0.437500 0.240740
vt 0.453125 0.240740
vt 0.437500 0.237926
vt 0.453125 0.237926
vt 0.437500 0.235000
vt 0.453125 0.235000
vt 0.203125 0.515000
vt 0.187500 0.515000
vt 0.187500 0.512074
vt 0.203125 0.512074
vt 0.187500 0.509260
vt 0.203125 0.509260
vt 0.187500 0.506666
vt 0.203125 0.506666
vt 0.187500 0.500000
vt 0.203125 0.500000
vt 0.375000 0.328125
vt 0.375000 0.312500
vt 0.381666 0.312500
vt 0.381666 0.328125
vt 0.384260 0.312500
vt 0.384260 0.328125
vt 0.387074 0.312500
vt 0.387074 0.328125
vt 0.390000 0.312500
vt 0.390000 0.328125
vt 0.703125 0.515000
vt 0.687500 0.515000
vt 0.687500 0.512074
vt 0.703125 0.512074
vt 0.687500 0.509260
vt 0.703125 0.509260
vt 0.687500 0.506666
vt 0.703125 0.506666
vt 0.687500 0.500000
vt 0.703125 0.500000
vt 0.625000 0.421875
vt 0.625000 0.437500
vt 0.618334 0.437500
vt 0.618334 0.421875
vt 0.615740 0.437500
vt 0.615740 0.421875
vt 0.612926 0.437500
vt 0.612926 0.421875
vt 0.610000 0.437500
vt 0.610000 0.421875
vt 0.453125 0.515000
vt 0.437500 0.515000
vt 0.437500 0.512074
vt 0.453125 0.512074
vt 0.437500 0.509260
vt 0.453125 0.509260
vt 0.437500 0.506666
vt 0.453125 0.506666
vt 0.437500 0.500000
vt 0.453125 0.500000
vt 0.437500 0.493334
vt 0.453125 0.493334
vt 0.437500 0.490740
vt 0.453125 0.490740
vt 0.437500 0.487926
vt 0.453125 0.487926
vt 0.437500 0.485000
vt 0.453125 0.485000
vt 0.360000 0.578125
vt 0.360000 0.562500
vt 0.362926 0.562500
vt 0.362926 0.578125
vt 0.365740 0.562500
vt 0.365740 0.578125
vt 0.368334 0.562500
vt 0.368334 0.578125
vt 0.375000 0.562500
vt 0.375000 0.578125
vt 0.381666 0.562500
vt 0.381666 0.578125
vt 0.384260 0.562500
vt 0.384260 0.578125
vt 0.387074 0.562500
vt 0.387074 0.578125
vt 0.390000 0.562500
vt 0.390000 0.578125
vt 0.640000 0.671875
vt 0.640000 0.687500
vt 0.637074 0.687500
vt 0.637074 0.671875
vt 0.634260 0.687500
vt 0.634260 0.671875
vt 0.631666 0.687500
vt 0.631666 0.671875
vt 0.625000 0.687500
vt 0.625000 0.671875
vt 0.618334 0.687500
vt 0.618334 0.671875
vt 0.615740 0.687500
vt 0.615740 0.671875
vt 0.612926 0.687500
vt 0.612926 0.671875
vt 0.610000 0.687500
vt 0.610000 0.671875
vt 0.453125 0.765000
vt 0.437500 0.765000
vt 0.437500 0.762074
vt 0.453125 0.762074
vt 0.437500 0.759260
vt 0.453125 0.759260
vt 0.437500 0.756666
vt 0.453125 0.756666
vt 0.437500 0.750000
vt 0.453125 0.750000
vt 0.437500 0.743334
vt 0.453125 0.743334
vt 0.437500 0.740740
vt 0.453125 0.740740
vt 0.437500 0.737926
vt 0.453125 0.737926
vt 0.437500 0.735000
vt 0.453125 0.735000
vt 0.296875 0.735000
vt 0.312500 0.735000
vt 0.312500 0.737926
vt 0.296875 0.737926
vt 0.312500 0.740740
vt 0.296875 0.740740
vt 0.312500 0.743334
vt 0.296875 0.743334
vt 0.312500 0.750000
vt 0.296875 0.750000
vt 0.375000 0.828125
vt 0.375000 0.812500
vt 0.381666 0.812500
vt 0.381666 0.828125
vt 0.384260 0.812500
vt 0.384260 0.828125
vt 0.387074 0.812500
vt 0.387074 0.828125
vt 0.390000 0.812500
vt 0.390000 0.828125
vt 0.796875 0.735000
vt 0.812500 0.735000
vt 0.812500 0.737926
vt 0.796875 0.737926
vt 0.812500 0.740740
vt 0.796875 0.740740
vt 0.812500 0.743334
vt 0.796875 0.743334
vt 0.812500 0.750000
vt 0.796875 0.750000
vt 0.625000 0.921875
vt 0.625000 0.937500
vt 0.618334 0.937500
vt 0.618334 0.921875
vt 0.615740 0.937500
vt 0.615740 0.921875
vt 0.612926 0.937500
vt 0.612926 0.921875
vt 0.610000 0.937500
vt 0.610000 0.921875
vt 0.140000 0.546875
vt 0.140000 0.562500
vt 0.137074 0.562500
vt 0.137074 0.546875
vt 0.134260 0.562500
vt 0.134260 0.546875
vt 0.131666 0.562500
vt 0.131666 0.546875
vt 0.125000 0.562500
vt 0.125000 0.546875
vt 0.375000 0.203125
vt 0.375000 0.187500
vt 0.381666 0.187500
vt 0.381666 0.203125
vt 0.384260 0.187500
vt 0.384260 0.203125
vt 0.387074 0.187500
vt 0.387074 0.203125
vt 0.390000 0.187500
vt 0.390000 0.203125
vt 0.421875 0.985000
vt 0.437500 0.985000
vt 0.437500 0.987926
vt 0.421875 0.987926
vt 0.437500 0.990740
vt 0.421875 0.990740
vt 0.437500 0.993334
vt 0.421875 0.993334
vt 0.437500 1.000000
vt 0.421875 1.000000
vt 0.421875 0.000000
vt 0.437500 0.000000
vt 0.437500 0.006666
vt 0.421875 0.006666
vt 0.437500 0.009260
vt 0.421875 0.009260
vt 0.437500 0.012074
vt 0.421875 0.012074
vt 0.437500 0.015000
vt 0.421875 0.015000
vt 0.860000 0.703125
vt 0.860000 0.687500
vt 0.862926 0.687500
vt 0.862926 0.703125
vt 0.865740 0.687500
vt 0.865740 0.703125
vt 0.868334 0.687500
vt 0.868334 0.703125
vt 0.875000 0.687500
vt 0.875000 0.703125
vt 0.625000 0.046875
vt 0.625000 0.062500
vt 0.618334 0.062500
vt 0.618334 0.046875
vt 0.615740 0.062500
vt 0.615740 0.046875
vt 0.612926 0.062500
vt 0.612926 0.046875
vt 0.610000 0.062500
vt 0.610000 0.046875
vt 0.578125 0.265000
vt 0.562500 0.265000
vt 0.562500 0.262074
vt 0.578125 0.262074
vt 0.562500 0.259260
vt 0.578125 0.259260
vt 0.562500 0.256666
vt 0.578125 0.256666
vt 0.562500 0.250000
vt 0.578125 0.250000
vt 0.562500 0.243334
vt 0.578125 0.243334
vt 0.562500 0.240740
vt 0.578125 0.240740
vt 0.562500 0.237926
vt 0.578125 0.237926
vt 0.562500 0.235000
vt 0.578125 0.235000
vt 0.328125 0.515000
vt 0.312500 0.515000
vt 0.312500 0.512074
vt 0.328125 0.512074
vt 0.312500 0.509260
vt 0.328125 0.509260
vt 0.312500 0.506666
vt 0.328125 0.506666
vt 0.312500 0.500000
vt 0.328125 0.500000
vt 0.375000 0.453125
vt 0.375000 0.437500
vt 0.381666 0.437500
vt 0.381666 0.453125
vt 0.384260 0.437500
vt 0.384260 0.453125
vt 0.387074 0.437500
vt 0.387074 0.453125
vt 0.390000 0.437500
vt 0.390000 0.453125
vt 0.828125 0.515000
vt 0.812500 0.515000
vt 0.812500 0.512074
vt 0.828125 0.512074
vt 0.812500 0.509260
vt 0.828125 0.509260
vt 0.812500 0.506666
vt 0.828125 0.506666
vt 0.812500 0.500000
vt 0.828125 0.500000
vt 0.625000 0.296875
vt 0.625000 0.312500
vt 0.618334 0.312500
vt 0.618334 0.296875
vt 0.615740 0.312500
vt 0.615740 0.296875
vt 0.612926 0.312500
vt 0.612926 0.296875
vt 0.610000 0.312500
vt 0.610000 0.296875
vt 0.578125 0.515000
vt 0.562500 0.515000
vt 0.562500 0.512074
vt 0.578125 0.512074
vt 0.562500 0.509260
vt 0.578125 0.509260
vt 0.562500 0.506666
vt 0.578125 0.506666
vt 0.562500 0.500000
vt 0.578125 0.500000
vt 0.562500 0.493334
vt 0.578125 0.493334
vt 0.562500 0.490740
vt 0.578125 0.490740
vt 0.562500 0.487926
vt 0.578125 0.487926
vt 0.562500 0.485000
vt 0.578125 0.485000
vt 0.360000 0.703125
vt 0.360000 0.687500
vt 0.362926 0.687500
vt 0.362926 0.703125
vt 0.365740 0.687500
vt 0.365740 0.703125
vt 0.368334 0.687500
vt 0.368334 0.703125
vt 0.375000 0.687500
vt 0.375000 0.703125
vt 0.381666 0.687500
vt 0.381666 0.703125
vt 0.384260 0.687500
vt 0.384260 0.703125
vt 0.387074 0.687500
vt 0.387074 0.703125
vt 0.390000 0.687500
vt 0.390000 0.703125
vt 0.640000 0.546875
vt 0.640000 0.562500
vt 0.637074 0.562500
vt 0.637074 0.546875
vt 0.634260 0.562500
vt 0.634260 0.546875
vt 0.631666 0.562500
vt 0.631666 0.546875
vt 0.625000 0.562500
vt 0.625000 0.546875
vt 0.618334 0.562500
vt 0.618334 0.546875
vt 0.615740 0.562500
vt 0.615740 0.546875
vt 0.612926 0.562500
vt 0.612926 0.546875
vt 0.610000 0.562500
vt 0.610000 0.546875
vt 0.578125 0.765000
vt 0.562500 0.765000
vt 0.562500 0.762074
vt 0.578125 0.762074
vt 0.562500 0.759260
vt 0.578125 0.759260
vt 0.562500 0.756666
vt 0.578125 0.756666
vt 0.562500 0.750000
vt 0.578125 0.750000
vt 0.562500 0.743334
vt 0.578125 0.743334
vt 0.562500 0.740740
vt 0.578125 0.740740
vt 0.562500 0.737926
vt 0.578125 0.737926
vt 0.562500 0.735000
vt 0.578125 0.735000
vt 0.171875 0.735000
vt 0.187500 0.735000
vt 0.187500 0.737926
vt 0.171875 0.737926
vt 0.187500 0.740740
vt 0.171875 0.740740
vt 0.187500 0.743334
vt 0.171875 0.743334
vt 0.187500 0.750000
vt 0.171875 0.750000
vt 0.375000 0.953125
vt 0.375000 0.937500
vt 0.381666 0.937500
vt 0.381666 0.953125
vt 0.384260 0.937500
vt 0.384260 0.953125
vt 0.387074 0.937500
vt 0.387074 0.953125
vt 0.390000 0.937500
vt 0.390000 0.953125
vt 0.671875 0.735000
vt 0.687500 0.735000
vt 0.687500 0.737926
vt 0.671875 0.737926
vt 0.687500 0.740740
vt 0.671875 0.740740
vt 0.687500 0.743334
vt 0.671875 0.743334
vt 0.687500 0.750000
vt 0.671875 0.750000
vt 0.625000 0.796875
vt 0.625000 0.812500
vt 0.618334 0.812500
vt 0.618334 0.796875
vt 0.615740 0.812500
vt 0.615740 0.796875
vt 0.612926 0.812500
vt 0.612926 0.796875
vt 0.610000 0.812500
vt 0.610000 0.796875
vt 0.140000 0.703125
vt 0.140000 0.718750
vt 0.137074 0.718750
vt 0.137074 0.703125
vt 0.134260 0.718750
vt 0.134260 0.703125
vt 0.131666 0.718750
vt 0.131666 0.703125
vt 0.125000 0.718750
vt 0.125000 0.703125
vt 0.375000 0.046875
vt 0.375000 0.031250
vt 0.381666 0.031250
vt 0.381666 0.046875
vt 0.384260 0.031250
vt 0.384260 0.046875
vt 0.387074 0.031250
vt 0.387074 0.046875
vt 0.390000 0.031250
vt 0.390000 0.046875
vt 0.578125 0.985000
vt 0.593750 0.985000
vt 0.593750 0.987926
vt 0.578125 0.987926
vt 0.593750 0.990740
vt 0.578125 0.990740
vt 0.593750 0.993334
vt 0.578125 0.993334
vt 0.593750 1.000000
vt 0.578125 1.000000
vt 0.578125 0.000000
vt 0.593750 0.000000
vt 0.593750 0.006666
vt 0.578125 0.006666
vt 0.593750 0.009260
vt 0.578125 0.009260
vt 0.593750 0.012074
vt 0.578125 0.012074
vt 0.593750 0.015000
vt 0.578125 0.015000
vt 0.860000 0.546875
vt 0.860000 0.531250
vt 0.862926 0.531250
vt 0.862926 0.546875
vt 0.865740 0.531250
vt 0.865740 0.546875
vt 0.868334 0.531250
vt 0.868334 0.546875
vt 0.875000 0.531250
vt 0.875000 0.546875
vt 0.625000 0.203125
vt 0.625000 0.218750
vt 0.618334 0.218750
vt 0.618334 0.203125
vt 0.615740 0.218750
vt 0.615740 0.203125
vt 0.612926 0.218750
vt 0.612926 0.203125
vt 0.610000 0.218750
vt 0.610000 0.203125
vt 0.421875 0.265000
vt 0.406250 0.265000
vt 0.406250 0.262074
vt 0.421875 0.262074
vt 0.406250 0.259260
vt 0.421875 0.259260
vt 0.406250 0.256666
vt 0.421875 0.256666
vt 0.406250 0.250000
vt 0.421875 0.250000
vt 0.406250 0.243334
vt 0.421875 0.243334
vt 0.406250 0.240740
vt 0.421875 0.240740
vt 0.406250 0.237926
vt 0.421875 0.237926
vt 0.406250 0.235000
vt 0.421875 0.235000
vt 0.171875 0.515000
vt 0.156250 0.515000
vt 0.156250 0.512074
vt 0.171875 0.512074
vt 0.156250 0.509260
vt 0.171875 0.509260
vt 0.156250 0.506666
vt 0.171875 0.506666
vt 0.156250 0.500000
vt 0.171875 0.500000
vt 0.375000 0.296875
vt 0.375000 0.281250
vt 0.381666 0.281250
vt 0.381666 0.296875
vt 0.384260 0.281250
vt 0.384260 0.296875
vt 0.387074 0.281250
vt 0.387074 0.296875
vt 0.390000 0.281250
vt 0.390000 0.296875
vt 0.671875 0.515000
vt 0.656250 0.515000
vt 0.656250 0.512074
vt 0.671875 0.512074
vt 0.656250 0.509260
vt 0.671875 0.509260
vt 0.656250 0.506666
vt 0.671875 0.506666
vt 0.656250 0.500000
vt 0.671875 0.500000
vt 0.625000 0.453125
vt 0.625000 0.468750
vt 0.618334 0.468750
vt 0.618334 0.453125
vt 0.615740 0.468750
vt 0.615740 0.453125
vt 0.612926 0.468750
vt 0.612926 0.453125
vt 0.610000 0.468750
vt 0.610000 0.453125
vt 0.421875 0.515000
vt 0.406250 0.515000
vt 0.406250 0.512074
vt 0.421875 0.512074
vt 0.406250 0.509260
vt 0.421875 0.509260
vt 0.406250 0.506666
vt 0.421875 0.506666
vt 0.406250 0.500000
vt 0.421875 0.500000
vt 0.406250 0.493334
vt 0.421875 0.493334
vt 0.406250 0.490740
vt 0.421875 0.490740
vt 0.406250 0.487926
vt 0.421875 0.487926
vt 0.406250 0.485000
vt 0.421875 0.485000
vt 0.360000 0.546875
vt 0.360000 0.531250
vt 0.362926 0.531250
vt 0.362926 0.546875
vt 0.365740 0.531250
vt 0.365740 0.546875
vt 0.368334 0.531250
vt 0.368334 0.546875
vt 0.375000 0.531250
vt 0.375000 0.546875
vt 0.381666 0.531250
vt 0.381666 0.546875
vt 0.384260 0.531250
vt 0.384260 0.546875
vt 0.387074 0.531250
vt 0.387074 0.546875
vt 0.390000 0.531250
vt 0.390000 0.546875
vt 0.640000 0.703125
vt 0.640000 0.718750
vt 0.637074 0.718750
vt 0.637074 0.703125
vt 0.634260 0.718750
vt 0.634260 0.703125
vt 0.631666 0.718750
vt 0.631666 0.703125
vt 0.625000 0.718750
vt 0.625000 0.703125
vt 0.618334 0.718750
vt 0.618334 0.703125
vt 0.615740 0.718750
vt 0.615740 0.703125
vt 0.612926 0.718750
vt 0.612926 0.703125
vt 0.610000 0.718750
vt 0.610000 0.703125
vt 0.421875 0.765000
vt 0.406250 0.765000
vt 0.406250 0.762074
vt 0.421875 0.762074
vt 0.406250 0.759260
vt 0.421875 0.759260
vt 0.406250 0.756666
vt 0.421875 0.756666
vt 0.406250 0.750000
vt 0.421875 0.750000
vt 0.406250 0.743334
vt 0.421875 0.743334
vt 0.406250 0.740740
vt 0.421875 0.740740
vt 0.406250 0.737926
vt 0.421875 0.737926
vt 0.406250 0.735000
vt 0.421875 0.735000
vt 0.328125 0.735000
vt 0.343750 0.735000
vt 0.343750 0.737926
vt 0.328125 0.737926
vt 0.343750 0.740740
vt 0.328125 0.740740
vt 0.343750 0.743334
vt 0.328125 0.743334
vt 0.343750 0.750000
vt 0.328125 0.750000
vt 0.375000 0.796875
vt 0.375000 0.781250
vt 0.381666 0.781250
vt 0.381666 0.796875
vt 0.384260 0.781250
vt 0.384260 0.796875
vt 0.387074 0.781250
vt 0.387074 0.796875
vt 0.390000 0.781250
vt 0.390000 0.796875
vt 0.828125 0.735000
vt 0.843750 0.735000
vt 0.843750 0.737926
vt 0.828125 0.737926
vt 0.843750 0.740740
vt 0.828125 0.740740
vt 0.843750 0.743334
vt 0.828125 0.743334
vt 0.843750 0.750000
vt 0.828125 0.750000
vt 0.625000 0.953125
vt 0.625000 0.968750
vt 0.618334 0.968750
vt 0.618334 0.953125
vt 0.615740 0.968750
vt 0.615740 0.953125
vt 0.612926 0.968750
vt 0.612926 0.953125
vt 0.610000 0.968750
vt 0.610000 0.953125
vt 0.140000 0.578125
vt 0.140000 0.593750
vt 0.137074 0.593750
vt 0.137074 0.578125
vt 0.134260 0.593750
vt 0.134260 0.578125
vt 0.131666 0.593750
vt 0.131666 0.578125
vt 0.125000 0.593750
vt 0.125000 0.578125
vt 0.375000 0.171875
vt 0.375000 0.156250
vt 0.381666 0.156250
vt 0.381666 0.171875
vt 0.384260 0.156250
vt 0.384260 0.171875
vt 0.387074 0.156250
vt 0.387074 0.171875
vt 0.390000 0.156250
vt 0.390000 0.171875
vt 0.453125 0.985000
vt 0.468750 0.985000
vt 0.468750 0.987926
vt 0.453125 0.987926
vt 0.468750 0.990740
vt 0.453125 0.990740
vt 0.468750 0.993334
vt 0.453125 0.993334
vt 0.468750 1.000000
vt 0.453125 1.000000
vt 0.453125 0.000000
vt 0.468750 0.000000
vt 0.468750 0.006666
vt 0.453125 0.006666
vt 0.468750 0.009260
vt 0.453125 0.009260
vt 0.468750 0.012074
vt 0.453125 0.012074
vt 0.468750 0.015000
vt 0.453125 0.015000
vt 0.860000 0.671875
vt 0.860000 0.656250
vt 0.862926 0.656250
vt 0.862926 0.671875
vt 0.865740 0.656250
vt 0.865740 0.671875
vt 0.868334 0.656250
vt 0.868334 0.671875
vt 0.875000 0.656250
vt 0.875000 0.671875
vt 0.625000 0.078125
vt 0.625000 0.093750
vt 0.618334 0.093750
vt 0.618334 0.078125
vt 0.615740 0.093750
vt 0.615740 0.078125
vt 0.612926 0.093750
vt 0.612926 0.078125
vt 0.610000 0.093750
vt 0.610000 0.078125
vt 0.546875 0.265000
vt 0.531250 0.265000
vt 0.531250 0.262074
vt 0.546875 0.262074
vt 0.531250 0.259260
vt 0.546875 0.259260
vt 0.531250 0.256666
vt 0.546875 0.256666
vt 0.531250 0.250000
vt 0.546875 0.250000
vt 0.531250 0.243334
vt 0.546875 0.243334
vt 0.531250 0.240740
vt 0.546875 0.240740
vt 0.531250 0.237926
vt 0.546875 0.237926
vt 0.531250 0.235000
vt 0.546875 0.235000
vt 0.296875 0.515000
vt 0.281250 0.515000
vt 0.281250 0.512074
vt 0.296875 0.512074
vt 0.281250 0.509260
vt 0.296875 0.509260
vt 0.281250 0.506666
vt 0.296875 0.506666
vt 0.281250 0.500000
vt 0.296875 0.500000
vt 0.375000 0.421875
vt 0.375000 0.406250
vt 0.381666 0.406250
vt 0.381666 0.421875
vt 0.384260 0.406250
vt 0.384260 0.421875
vt 0.387074 0.406250
vt 0.387074 0.421875
vt 0.390000 0.406250
vt 0.390000 0.421875
vt 0.796875 0.515000
vt 0.781250 0.515000
vt 0.781250 0.512074
vt 0.796875 0.512074
vt 0.781250 0.509260
vt 0.796875 0.509260
vt 0.781250 0.506666
vt 0.796875 0.506666
vt 0.781250 0.500000
vt 0.796875 0.500000
vt 0.625000 0.328125
vt 0.625000 0.343750
vt 0.618334 0.343750
vt 0.618334 0.328125
vt 0.615740 0.343750
vt 0.615740 0.328125
vt 0.612926 0.343750
vt 0.612926 0.328125
vt 0.610000 0.343750
vt 0.610000 0.328125
vt 0.546875 0.515000
vt 0.531250 0.515000
vt 0.531250 0.512074
vt 0.546875 0.512074
vt 0.531250 0.509260
vt 0.546875 0.509260
vt 0.531250 0.506666
vt 0.546875 0.506666
vt 0.531250 0.500000
vt 0.546875 0.500000
vt 0.531250 0.493334
vt 0.546875 0.493334
vt 0.531250 0.490740
vt 0.546875 0.490740
vt 0.531250 0.487926
vt 0.546875 0.487926
vt 0.531250 0.485000
vt 0.546875 0.485000
vt 0.360000 0.671875
vt 0.360000 0.656250
vt 0.362926 0.656250
vt 0.362926 0.671875
vt 0.365740 0.656250
vt 0.365740 0.671875
vt 0.368334 0.656250
vt 0.368334 0.671875
vt 0.375000 0.656250
vt 0.375000 0.671875
vt 0.381666 0.656250
vt 0.381666 0.671875
vt 0.384260 0.656250
vt 0.384260 0.671875
vt 0.387074 0.656250
vt 0.387074 0.671875
vt 0.390000 0.656250
vt 0.390000 0.671875
vt 0.640000 0.578125
vt 0.640000 0.593750
vt 0.637074 0.593750
vt 0.637074 0.578125
vt 0.634260 0.593750
vt 0.634260 0.578125
vt 0.631666 0.593750
vt 0.631666 0.578125
vt 0.625000 0.593750
vt 0.625000 0.578125
vt 0.618334 0.593750
vt 0.618334 0.578125
vt 0.615740 0.593750
vt 0.615740 0.578125
vt 0.612926 0.593750
vt 0.612926 0.578125
vt 0.610000 0.593750
vt 0.610000 0.578125
vt 0.546875 0.765000
vt 0.531250 0.765000
vt 0.531250 0.762074
vt 0.546875 0.762074
vt 0.531250 0.759260
vt 0.546875 0.759260
vt 0.531250 0.756666
vt 0.546875 0.756666
vt 0.531250 0.750000
vt 0.546875 0.750000
vt 0.531250 0.743334
vt 0.546875 0.743334
vt 0.531250 0.740740
vt 0.546875 0.740740
vt 0.531250 0.737926
vt 0.546875 0.737926
vt 0.531250 0.735000
vt 0.546875 0.735000
vt 0.203125 0.735000
vt 0.218750 0.735000
vt 0.218750 0.737926
vt 0.203125 0.737926
vt 0.218750 0.740740
vt 0.203125 0.740740
vt 0.218750 0.743334
vt 0.203125 0.743334
vt 0.218750 0.750000
vt 0.203125 0.750000
vt 0.375000 0.921875
vt 0.375000 0.906250
vt 0.381666 0.906250
vt 0.381666 0.921875
vt 0.384260 0.906250
vt 0.384260 0.921875
vt 0.387074 0.906250
vt 0.387074 0.921875
vt 0.390000 0.906250
vt 0.390000 0.921875
vt 0.703125 0.735000
vt 0.718750 0.735000
vt 0.718750 0.737926
vt 0.703125 0.737926
vt 0.718750 0.740740
vt 0.703125 0.740740
vt 0.718750 0.743334
vt 0.703125 0.743334
vt 0.718750 0.750000
vt 0.703125 0.750000
vt 0.625000 0.828125
vt 0.625000 0.843750
vt 0.618334 0.843750
vt 0.618334 0.828125
vt 0.615740 0.843750
vt 0.615740 0.828125
vt 0.612926 0.843750
vt 0.612926 0.828125
vt 0.610000 0.843750
vt 0.610000 0.828125
vt 0.140000 0.640625
vt 0.140000 0.656250
vt 0.137074 0.656250
vt 0.137074 0.640625
vt 0.134260 0.656250
vt 0.134260 0.640625
vt 0.131666 0.656250
vt 0.131666 0.640625
vt 0.125000 0.656250
vt 0.125000 0.640625
vt 0.375000 0.109375
vt 0.375000 0.093750
vt 0.381666 0.093750
vt 0.381666 0.109375
vt 0.384260 0.093750
vt 0.384260 0.109375
vt 0.387074 0.093750
vt 0.387074 0.109375
vt 0.390000 0.093750
vt 0.390000 0.109375
vt 0.515625 0.985000
vt 0.531250 0.985000
vt 0.531250 0.987926
vt 0.515625 0.987926
vt 0.531250 0.990740
vt 0.515625 0.990740
vt 0.531250 0.993334
vt 0.515625 0.993334
vt 0.531250 1.000000
vt 0.515625 1.000000
vt 0.515625 0.000000
vt 0.531250 0.000000
vt 0.531250 0.006666
vt 0.515625 0.006666
vt 0.531250 0.009260
vt 0.515625 0.009260
vt 0.531250 0.012074
vt 0.515625 0.012074
vt 0.531250 0.015000
vt 0.515625 0.015000
vt 0.860000 0.609375
vt 0.860000 0.593750
vt 0.862926 0.593750
vt 0.862926 0.609375
vt 0.865740 0.593750
vt 0.865740 0.609375
vt 0.868334 0.593750
vt 0.868334 0.609375
vt 0.875000 0.593750
vt 0.875000 0.609375
vt 0.625000 0.140625
vt 0.625000 0.156250
vt 0.618334 0.156250
vt 0.618334 0.140625
vt 0.615740 0.156250
vt 0.615740 0.140625
vt 0.612926 0.156250
vt 0.612926 0.140625
vt 0.610000 0.156250
vt 0.610000 0.140625
vt 0.484375 0.265000
vt 0.468750 0.265000
vt 0.468750 0.262074
vt 0.484375 0.262074
vt 0.468750 0.259260
vt 0.484375 0.259260
vt 0.468750 0.256666
vt 0.484375 0.256666
vt 0.468750 0.250000
vt 0.484375 0.250000
vt 0.468750 0.243334
vt 0.484375 0.243334
vt 0.468750 0.240740
vt 0.484375 0.240740
vt 0.468750 0.237926
vt 0.484375 0.237926
vt 0.468750 0.235000
vt 0.484375 0.235000
vt 0.234375 0.515000
vt 0.218750 0.515000
vt 0.218750 0.512074
vt 0.234375 0.512074
vt 0.218750 0.509260
vt 0.234375 0.509260
vt 0.218750 0.506666
vt 0.234375 0.506666
vt 0.218750 0.500000
vt 0.234375 0.500000
vt 0.375000 0.359375
vt 0.375000 0.343750
vt 0.381666 0.343750
vt 0.381666 0.359375
vt 0.384260 0.343750
vt 0.384260 0.359375
vt 0.387074 0.343750
vt 0.387074 0.359375
vt 0.390000 0.343750
vt 0.390000 0.359375
vt 0.734375 0.515000
vt 0.718750 0.515000
vt 0.718750 0.512074
vt 0.734375 0.512074
vt 0.718750 0.509260
vt 0.734375 0.509260
vt 0.718750 0.506666
vt 0.734375 0.506666
vt 0.718750 0.500000
vt 0.734375 0.500000
vt 0.625000 0.390625
vt 0.625000 0.406250
vt 0.618334 0.406250
vt 0.618334 0.390625
vt 0.615740 0.406250
vt 0.615740 0.390625
vt 0.612926 0.406250
vt 0.612926 0.390625
vt 0.610000 0.406250
vt 0.610000 0.390625
vt 0.484375 0.515000
vt 0.468750 0.515000
vt 0.468750 0.512074
vt 0.484375 0.512074
vt 0.468750 0.509260
vt 0.484375 0.509260
vt 0.468750 0.506666
vt 0.484375 0.506666
vt 0.468750 0.500000
vt 0.484375 0.500000
vt 0.468750 0.493334
vt 0.484375 0.493334
vt 0.468750 0.490740
vt 0.484375 0.490740
vt 0.468750 0.487926
vt 0.484375 0.487926
vt 0.468750 0.485000
vt 0.484375 0.485000
vt 0.360000 0.609375
vt 0.360000 0.593750
vt 0.362926 0.593750
vt 0.362926 0.609375
vt 0.365740 0.593750
vt 0.365740 0.609375
vt 0.368334 0.593750
vt 0.368334 0.609375
vt 0.375000 0.593750
vt 0.375000 0.609375
vt 0.381666 0.593750
vt 0.381666 0.609375
vt 0.384260 0.593750
vt 0.384260 0.609375
vt 0.387074 0.593750
vt 0.387074 0.609375
vt 0.390000 0.593750
vt 0.390000 0.609375
vt 0.640000 0.640625
vt 0.640000 0.656250
vt 0.637074 0.656250
vt 0.637074 0.640625
vt 0.634260 0.656250
vt 0.634260 0.640625
vt 0.631666 0.656250
vt 0.631666 0.640625
vt 0.625000 0.656250
vt 0.625000 0.640625
vt 0.618334 0.656250
vt 0.618334 0.640625
vt 0.615740 0.656250
vt 0.615740 0.640625
vt 0.612926 0.656250
vt 0.612926 0.640625
vt 0.610000 0.656250
vt 0.610000 0.640625
vt 0.484375 0.765000
vt 0.468750 0.765000
vt 0.468750 0.762074
vt 0.484375 0.762074
vt 0.468750 0.759260
vt 0.484375 0.759260
vt 0.468750 0.756666
vt 0.484375 0.756666
vt 0.468750 0.750000
vt 0.484375 0.750000
vt 0.468750 0.743334
vt 0.484375 0.743334
vt 0.468750 0.740740
vt 0.484375 0.740740
vt 0.468750 0.737926
vt 0.484375 0.737926
vt 0.468750 0.735000
vt 0.484375 0.735000
vt 0.265625 0.735000
vt 0.281250 0.735000
vt 0.281250 0.737926
vt 0.265625 0.737926
vt 0.281250 0.740740
vt 0.265625 0.740740
vt 0.281250 0.743334
vt 0.265625 0.743334
vt 0.281250 0.750000
vt 0.265625 0.750000
vt 0.375000 0.859375
vt 0.375000 0.843750
vt 0.381666 0.843750
vt 0.381666 0.859375
vt 0.384260 0.843750
vt 0.384260 0.859375
vt 0.387074 0.843750
vt 0.387074 0.859375
vt 0.390000 0.843750
vt 0.390000 0.859375
vt 0.765625 0.735000
vt 0.781250 0.735000
vt 0.781250 0.737926
vt 0.765625 0.737926
vt 0.781250 0.740740
vt 0.765625 0.740740
vt 0.781250 0.743334
vt 0.765625 0.743334
vt 0.781250 0.750000
vt 0.765625 0.750000
vt 0.625000 0.890625
vt 0.625000 0.906250
vt 0.618334 0.906250
vt 0.618334 0.890625
vt 0.615740 0.906250
vt 0.615740 0.890625
vt 0.612926 0.906250
vt 0.612926 0.890625
vt 0.610000 0.906250
vt 0.610000 0.890625
vt 0.140000 0.515625
vt 0.140000 0.531250
vt 0.137074 0.531250
vt 0.137074 0.515625
vt 0.134260 0.531250
vt 0.134260 0.515625
vt 0.131666 0.531250
vt 0.131666 0.515625
vt 0.125000 0.531250
vt 0.125000 0.515625
vt 0.375000 0.234375
vt 0.375000 0.218750
vt 0.381666 0.218750
vt 0.381666 0.234375
vt 0.384260 0.218750
vt 0.384260 0.234375
vt 0.387074 0.218750
vt 0.387074 0.234375
vt 0.390000 0.218750
vt 0.390000 0.234375
vt 0.390625 0.985000
vt 0.406250 0.985000
vt 0.406250 0.987926
vt 0.390625 0.987926
vt 0.406250 0.990740
vt 0.390625 0.990740
vt 0.406250 0.993334
vt 0.390625 0.993334
vt 0.406250 1.000000
vt 0.390625 1.000000
vt 0.390625 0.000000
vt 0.406250 0.000000
vt 0.406250 0.006666
vt 0.390625 0.006666
vt 0.406250 0.009260
vt 0.390625 0.009260
vt 0.406250 0.012074
vt 0.390625 0.012074
vt 0.406250 0.015000
vt 0.390625 0.015000
vt 0.860000 0.734375
vt 0.860000 0.718750
vt 0.862926 0.718750
vt 0.862926 0.734375
vt 0.865740 0.718750
vt 0.865740 0.734375
vt 0.868334 0.718750
vt 0.868334 0.734375
vt 0.875000 0.718750
vt 0.875000 0.734375
vt 0.625000 0.015625
vt 0.625000 0.031250
vt 0.618334 0.031250
vt 0.618334 0.015625
vt 0.615740 0.031250
vt 0.615740 0.015625
vt 0.612926 0.031250
vt 0.612926 0.015625
vt 0.610000 0.031250
vt 0.610000 0.015625
vt 0.609375 0.265000
vt 0.593750 0.265000
vt 0.593750 0.262074
vt 0.609375 0.262074
vt 0.593750 0.259260
vt 0.609375 0.259260
vt 0.593750 0.256666
vt 0.609375 0.256666
vt 0.593750 0.250000
vt 0.609375 0.250000
vt 0.593750 0.243334
vt 0.609375 0.243334
vt 0.593750 0.240740
vt 0.609375 0.240740
vt 0.593750 0.237926
vt 0.609375 0.237926
vt 0.593750 0.235000
vt 0.609375 0.235000
vt 0.359375 0.515000
vt 0.343750 0.515000
vt 0.343750 0.512074
vt 0.359375 0.512074
vt 0.343750 0.509260
vt 0.359375 0.509260
vt 0.343750 0.506666
vt 0.359375 0.506666
vt 0.343750 0.500000
vt 0.359375 0.500000
vt 0.375000 0.484375
vt 0.375000 0.468750
vt 0.381666 0.468750
vt 0.381666 0.484375
vt 0.384260 0.468750
vt 0.384260 0.484375
vt 0.387074 0.468750
vt 0.387074 0.484375
vt 0.390000 0.468750
vt 0.390000 0.484375
vt 0.859375 0.515000
vt 0.843750 0.515000
vt 0.843750 0.512074
vt 0.859375 0.512074
vt 0.843750 0.509260
vt 0.859375 0.509260
vt 0.843750 0.506666
vt 0.859375 0.506666
vt 0.843750 0.500000
vt 0.859375 0.500000
vt 0.625000 0.265625
vt 0.625000 0.281250
vt 0.618334 0.281250
vt 0.618334 0.265625
vt 0.615740 0.281250
vt 0.615740 0.265625
vt 0.612926 0.281250
vt 0.612926 0.265625
vt 0.610000 0.281250
vt 0.610000 0.265625
vt 0.609375 0.515000
vt 0.593750 0.515000
vt 0.593750 0.512074
vt 0.609375 0.512074
vt 0.593750 0.509260
vt 0.609375 0.509260
vt 0.593750 0.506666
vt 0.609375 0.506666
vt 0.593750 0.500000
vt 0.609375 0.500000
vt 0.593750 0.493334
vt 0.609375 0.493334
vt 0.593750 0.490740
vt 0.609375 0.490740
vt 0.593750 0.487926
vt 0.609375 0.487926
vt 0.593750 0.485000
vt 0.609375 0.485000
vt 0.360000 0.734375
vt 0.360000 0.718750
vt 0.362926 0.718750
vt 0.362926 0.734375
vt 0.365740 0.718750
vt 0.365740 0.734375
vt 0.368334 0.718750
vt 0.368334 0.734375
vt 0.375000 0.718750
vt 0.375000 0.734375
vt 0.381666 0.718750
vt 0.381666 0.734375
vt 0.384260 0.718750
vt 0.384260 0.734375
vt 0.387074 0.718750
vt 0.387074 0.734375
vt 0.390000 0.718750
vt 0.390000 0.734375
vt 0.640000 0.515625
vt 0.640000 0.531250
vt 0.637074 0.531250
vt 0.637074 0.515625
vt 0.634260 0.531250
vt 0.634260 0.515625
vt 0.631666 0.531250
vt 0.631666 0.515625
vt 0.625000 0.531250
vt 0.625000 0.515625
vt 0.618334 0.531250
vt 0.618334 0.515625
vt 0.615740 0.531250
vt 0.615740 0.515625
vt 0.612926 0.531250
vt 0.612926 0.515625
vt 0.610000 0.531250
vt 0.610000 0.515625
vt 0.609375 0.765000
vt 0.593750 0.765000
vt 0.593750 0.762074
vt 0.609375 0.762074
vt 0.593750 0.759260
vt 0.609375 0.759260
vt 0.593750 0.756666
vt 0.609375 0.756666
vt 0.593750 0.750000
vt 0.609375 0.750000
vt 0.593750 0.743334
vt 0.609375 0.743334
vt 0.593750 0.740740
vt 0.609375 0.740740
vt 0.593750 0.737926
vt 0.609375 0.737926
vt 0.593750 0.735000
vt 0.609375 0.735000
vt 0.140625 0.735000
vt 0.156250 0.735000
vt 0.156250 0.737926
vt 0.140625 0.737926
vt 0.156250 0.740740
vt 0.140625 0.740740
vt 0.156250 0.743334
vt 0.140625 0.743334
vt 0.156250 0.750000
vt 0.140625 0.750000
vt 0.375000 0.984375
vt 0.375000 0.968750
vt 0.381666 0.968750
vt 0.381666 0.984375
vt 0.384260 0.968750
vt 0.384260 0.984375
vt 0.387074 0.968750
vt 0.387074 0.984375
vt 0.390000 0.968750
vt 0.390000 0.984375
vt 0.640625 0.735000
vt 0.656250 0.735000
vt 0.656250 0.737926
vt 0.640625 0.737926
vt 0.656250 0.740740
vt 0.640625 0.740740
vt 0.656250 0.743334
vt 0.640625 0.743334
vt 0.656250 0.750000
vt 0.640625 0.750000
vt 0.625000 0.765625
vt 0.625000 0.781250
vt 0.618334 0.781250
vt 0.618334 0.765625
vt 0.615740 0.781250
vt 0.615740 0.765625
vt 0.612926 0.781250
vt 0.612926 0.765625
vt 0.610000 0.781250
vt 0.610000 0.765625
s 1
f 1343/1/1 296/2/1 1/3/1 465/4/1
f 1340/5/2 300/6/2 2/7/2 469/8/2
f 1337/9/3 304/10/3 3/11/3 473/12/3
f 1334/13/4 308/14/4 4/15/4 477/16/4
f 1331/17/5 312/18/5 5/19/5 481/20/5
f 1328/21/6 316/22/6 6/23/6 485/24/6
f 1326/25/6 343/26/6 30/27/6 462/28/6
f 1325/29/6 344/30/6 31/31/6 489/32/6
f 1323/33/6 347/34/6 29/35/6 461/36/6
f 1322/37/6 348/38/6 32/39/6 493/40/6
f 1321/41/6 340/42/6 28/43/6 494/44/6
f 1319/45/6 352/46/6 33/47/6 497/48/6
f 1318/49/6 339/50/6 27/51/6 498/52/6
f 1317/53/5 355/54/5 26/55/5 458/56/5
f 1316/57/5 356/58/5 34/59/5 501/60/5
f 1314/61/5 359/62/5 25/63/5 457/64/5
f 1313/65/5 360/66/5 35/67/5 505/68/5
f 1312/69/5 336/70/5 24/71/5 506/72/5
f 1310/73/5 364/74/5 36/75/5 509/76/5
f 1309/77/5 335/78/5 23/79/5 510/80/5
f 1308/81/4 367/82/4 22/83/4 454/84/4
f 1307/85/4 368/86/4 37/87/4 513/88/4
f 1305/89/4 371/90/4 21/91/4 453/92/4
f 1304/93/4 372/94/4 38/95/4 517/96/4
f 1303/97/4 332/98/4 20/99/4 518/100/4
f 1301/101/4 376/102/4 39/103/4 521/104/4
f 1300/105/4 331/106/4 19/107/4 522/108/4
f 1299/109/3 379/110/3 18/111/3 450/112/3
f 1298/113/3 380/114/3 40/115/3 525/116/3
f 1296/117/3 383/118/3 17/119/3 449/120/3
f 1295/121/3 384/122/3 41/123/3 529/124/3
f 1294/125/3 328/126/3 16/127/3 530/128/3
f 1292/129/3 388/130/3 42/131/3 533/132/3
f 1291/133/3 327/134/3 15/135/3 534/136/3
f 1290/137/2 391/138/2 14/139/2 446/140/2
f 1289/141/2 392/142/2 43/143/2 537/144/2
f 1287/145/2 395/146/2 13/147/2 445/148/2
f 1286/149/2 396/150/2 44/151/2 541/152/2
f 1285/153/2 324/154/2 12/155/2 542/156/2
f 1283/157/2 400/158/2 45/159/2 545/160/2
f 1282/161/2 323/162/2 11/163/2 546/164/2
f 1281/165/1 403/166/1 10/167/1 442/168/1
f 1280/169/1 404/170/1 46/171/1 549/172/1
f 1278/173/1 407/174/1 9/175/1 441/176/1
f 1277/177/1 408/178/1 47/179/1 553/180/1
f 1276/181/1 320/182/1 8/183/1 554/184/1
f 1274/185/1 412/186/1 48/187/1 557/188/1
f 1273/189/1 319/190/1 7/191/1 558/192/1
f 1271/193/1 416/194/1 49/195/1 561/196/1
f 1268/197/2 420/198/2 50/199/2 565/200/2
f 1265/201/3 424/202/3 51/203/3 569/204/3
f 1262/205/4 428/206/4 52/207/4 573/208/4
f 1259/209/5 432/210/5 53/211/5 577/212/5
f 1256/213/6 436/214/6 54/215/6 581/216/6
f 1254/217/6 583/218/6 198/219/6 438/220/6
f 1253/221/6 584/222/6 199/223/6 585/224/6
f 1251/225/6 587/226/6 197/227/6 437/228/6
f 1250/229/6 588/230/6 200/231/6 589/232/6
f 1249/233/6 580/234/6 196/235/6 590/236/6
f 1247/237/6 592/238/6 201/239/6 593/240/6
f 1246/241/6 579/242/6 195/243/6 594/244/6
f 1245/245/5 595/246/5 194/247/5 434/248/5
f 1244/249/5 596/250/5 202/251/5 597/252/5
f 1242/253/5 599/254/5 193/255/5 433/256/5
f 1241/257/5 600/258/5 203/259/5 601/260/5
f 1240/261/5 576/262/5 192/263/5 602/264/5
f 1238/265/5 604/266/5 204/267/5 605/268/5
f 1237/269/5 575/270/5 191/271/5 606/272/5
f 1236/273/4 607/274/4 190/275/4 430/276/4
f 1235/277/4 608/278/4 205/279/4 609/280/4
f 1233/281/4 611/282/4 189/283/4 429/284/4
f 1232/285/4 612/286/4 206/287/4 613/288/4
f 1231/289/4 572/290/4 188/291/4 614/292/4
f 1229/293/4 616/294/4 207/295/4 617/296/4
f 1228/297/4 571/298/4 187/299/4 618/300/4
f 1227/301/3 619/302/3 186/303/3 426/304/3
f 1226/305/3 620/306/3 208/307/3 621/308/3
f 1224/309/3 623/310/3 185/311/3 425/312/3
f 1223/313/3 624/314/3 209/315/3 625/316/3
f 1222/317/3 568/318/3 184/319/3 626/320/3
f 1220/321/3 628/322/3 210/323/3 629/324/3
f 1219/325/3 567/326/3 183/327/3 630/328/3
f 1218/329/2 631/330/2 182/331/2 422/332/2
f 1217/333/2 632/334/2 211/335/2 633/336/2
f 1215/337/2 635/338/2 181/339/2 421/340/2
f 1214/341/2 636/342/2 212/343/2 637/344/2
f 1213/345/2 564/346/2 180/347/2 638/348/2
f 1211/349/2 640/350/2 213/351/2 641/352/2
f 1210/353/2 563/354/2 179/355/2 642/356/2
f 1209/357/1 643/358/1 178/359/1 418/360/1
f 1208/361/1 644/362/1 214/363/1 645/364/1
f 1206/365/1 647/366/1 177/367/1 417/368/1
f 1205/369/1 648/370/1 215/371/1 649/372/1
f 1204/373/1 560/374/1 176/375/1 650/376/1
f 1202/377/1 652/378/1 216/379/1 653/380/1
f 1201/381/1 559/382/1 175/383/1 654/384/1
f 1200/385/1 655/386/1 174/387/1 414/388/1
f 1199/389/1 656/390/1 217/391/1 657/392/1
f 1198/393/1 463/394/1 79/395/1 658/396/1
f 1197/397/1 659/398/1 173/399/1 413/400/1
f 1196/401/1 660/402/1 218/403/1 661/404/1
f 1195/405/1 556/406/1 172/407/1 662/408/1
f 1193/409/1 664/410/1 219/411/1 665/412/1
f 1192/413/1 555/414/1 171/415/1 666/416/1
f 1191/417/1 667/418/1 170/419/1 410/420/1
f 1190/421/1 668/422/1 220/423/1 669/424/1
f 1189/425/1 464/426/1 80/427/1 670/428/1
f 1188/429/1 671/430/1 169/431/1 409/432/1
f 1187/433/1 672/434/1 221/435/1 673/436/1
f 1186/437/1 552/438/1 168/439/1 674/440/1
f 1185/441/1 675/442/1 57/443/1 297/444/1
f 1184/445/1 676/446/1 222/447/1 677/448/1
f 1183/449/1 551/450/1 167/451/1 678/452/1
f 1182/453/1 679/454/1 166/455/1 406/456/1
f 1181/457/1 680/458/1 223/459/1 681/460/1
f 1179/461/1 683/462/1 165/463/1 405/464/1
f 1178/465/1 684/466/1 224/467/1 685/468/1
f 1177/469/1 548/470/1 164/471/1 686/472/1
f 1176/473/1 687/474/1 58/475/1 298/476/1
f 1175/477/1 688/478/1 225/479/1 689/480/1
f 1174/481/1 547/482/1 163/483/1 690/484/1
f 1173/485/2 691/486/2 162/487/2 402/488/2
f 1172/489/2 692/490/2 226/491/2 693/492/2
f 1171/493/2 467/494/2 83/495/2 694/496/2
f 1170/497/2 695/498/2 161/499/2 401/500/2
f 1169/501/2 696/502/2 227/503/2 697/504/2
f 1168/505/2 544/506/2 160/507/2 698/508/2
f 1166/509/2 700/510/2 228/511/2 701/512/2
f 1165/513/2 543/514/2 159/515/2 702/516/2
f 1164/517/2 703/518/2 158/519/2 398/520/2
f 1163/521/2 704/522/2 229/523/2 705/524/2
f 1162/525/2 468/526/2 84/527/2 706/528/2
f 1161/529/2 707/530/2 157/531/2 397/532/2
f 1160/533/2 708/534/2 230/535/2 709/536/2
f 1159/537/2 540/538/2 156/539/2 710/540/2
f 1158/541/2 711/542/2 61/543/2 301/544/2
f 1157/545/2 712/546/2 231/547/2 713/548/2
f 1156/549/2 539/550/2 155/551/2 714/552/2
f 1155/553/2 715/554/2 154/555/2 394/556/2
f 1154/557/2 716/558/2 232/559/2 717/560/2
f 1152/561/2 719/562/2 153/563/2 393/564/2
f 1151/565/2 720/566/2 233/567/2 721/568/2
f 1150/569/2 536/570/2 152/571/2 722/572/2
f 1149/573/2 723/574/2 62/575/2 302/576/2
f 1148/577/2 724/578/2 234/579/2 725/580/2
f 1147/581/2 535/582/2 151/583/2 726/584/2
f 1146/585/3 727/586/3 150/587/3 390/588/3
f 1145/589/3 728/590/3 235/591/3 729/592/3
f 1144/593/3 471/594/3 87/595/3 730/596/3
f 1143/597/3 731/598/3 149/599/3 389/600/3
f 1142/601/3 732/602/3 236/603/3 733/604/3
f 1141/605/3 532/606/3 148/607/3 734/608/3
f 1139/609/3 736/610/3 237/611/3 737/612/3
f 1138/613/3 531/614/3 147/615/3 738/616/3
f 1137/617/3 739/618/3 146/619/3 386/620/3
f 1136/621/3 740/622/3 238/623/3 741/624/3
f 1135/625/3 472/626/3 88/627/3 742/628/3
f 1134/629/3 743/630/3 145/631/3 385/632/3
f 1133/633/3 744/634/3 239/635/3 745/636/3
f 1132/637/3 528/638/3 144/639/3 746/640/3
f 1131/641/3 747/642/3 65/643/3 305/644/3
f 1130/645/3 748/646/3 240/647/3 749/648/3
f 1129/649/3 527/650/3 143/651/3 750/652/3
f 1128/653/3 751/654/3 142/655/3 382/656/3
f 1127/657/3 752/658/3 241/659/3 753/660/3
f 1125/661/3 755/662/3 141/663/3 381/664/3
f 1124/665/3 756/666/3 242/667/3 757/668/3
f 1123/669/3 524/670/3 140/671/3 758/672/3
f 1122/673/3 759/674/3 66/675/3 306/676/3
f 1121/677/3 760/678/3 243/679/3 761/680/3
f 1120/681/3 523/682/3 139/683/3 762/684/3
f 1119/685/4 763/686/4 138/687/4 378/688/4
f 1118/689/4 764/690/4 244/691/4 765/692/4
f 1117/693/4 475/694/4 91/695/4 766/696/4
f 1116/697/4 767/698/4 137/699/4 377/700/4
f 1115/701/4 768/702/4 245/703/4 769/704/4
f 1114/705/4 520/706/4 136/707/4 770/708/4
f 1112/709/4 772/710/4 246/711/4 773/712/4
f 1111/713/4 519/714/4 135/715/4 774/716/4
f 1110/717/4 775/718/4 134/719/4 374/720/4
f 1109/721/4 776/722/4 247/723/4 777/724/4
f 1108/725/4 476/726/4 92/727/4 778/728/4
f 1107/729/4 779/730/4 133/731/4 373/732/4
f 1106/733/4 780/734/4 248/735/4 781/736/4
f 1105/737/4 516/738/4 132/739/4 782/740/4
f 1104/741/4 783/742/4 69/743/4 309/744/4
f 1103/745/4 784/746/4 249/747/4 785/748/4
f 1102/749/4 515/750/4 131/751/4 786/752/4
f 1101/753/4 787/754/4 130/755/4 370/756/4
f 1100/757/4 788/758/4 250/759/4 789/760/4
f 1098/761/4 791/762/4 129/763/4 369/764/4
f 1097/765/4 792/766/4 251/767/4 793/768/4
f 1096/769/4 512/770/4 128/771/4 794/772/4
f 1095/773/4 795/774/4 70/775/4 310/776/4
f 1094/777/4 796/778/4 252/779/4 797/780/4
f 1093/781/4 511/782/4 127/783/4 798/784/4
f 1092/785/5 799/786/5 126/787/5 366/788/5
f 1091/789/5 800/790/5 253/791/5 801/792/5
f 1090/793/5 479/794/5 95/795/5 802/796/5
f 1089/797/5 803/798/5 125/799/5 365/800/5
f 1088/801/5 804/802/5 254/803/5 805/804/5
f 1087/805/5 508/806/5 124/807/5 806/808/5
f 1085/809/5 808/810/5 255/811/5 809/812/5
f 1084/813/5 507/814/5 123/815/5 810/816/5
f 1083/817/5 811/818/5 122/819/5 362/820/5
f 1082/821/5 812/822/5 256/823/5 813/824/5
f 1081/825/5 480/826/5 96/827/5 814/828/5
f 1080/829/5 815/830/5 121/831/5 361/832/5
f 1079/833/5 816/834/5 257/835/5 817/836/5
f 1078/837/5 504/838/5 120/839/5 818/840/5
f 1077/841/5 819/842/5 73/843/5 313/844/5
f 1076/845/5 820/846/5 258/847/5 821/848/5
f 1075/849/5 503/850/5 119/851/5 822/852/5
f 1074/853/5 823/854/5 118/855/5 358/856/5
f 1073/857/5 824/858/5 259/859/5 825/860/5
f 1071/861/5 827/862/5 117/863/5 357/864/5
f 1070/865/5 828/866/5 260/867/5 829/868/5
f 1069/869/5 500/870/5 116/871/5 830/872/5
f 1068/873/5 831/874/5 74/875/5 314/876/5
f 1067/877/5 832/878/5 261/879/5 833/880/5
f 1066/881/5 499/882/5 115/883/5 834/884/5
f 1065/885/6 835/886/6 114/887/6 354/888/6
f 1064/889/6 836/890/6 262/891/6 837/892/6
f 1063/893/6 483/894/6 99/895/6 838/896/6
f 1062/897/6 839/898/6 113/899/6 353/900/6
f 1061/901/6 840/902/6 263/903/6 841/904/6
f 1060/905/6 496/906/6 112/907/6 842/908/6
f 1058/909/6 844/910/6 264/911/6 845/912/6
f 1057/913/6 495/914/6 111/915/6 846/916/6
f 1056/917/6 847/918/6 110/919/6 350/920/6
f 1055/921/6 848/922/6 265/923/6 849/924/6
f 1054/925/6 484/926/6 100/927/6 850/928/6
f 1053/929/6 851/930/6 109/931/6 349/932/6
f 1052/933/6 852/934/6 266/935/6 853/936/6
f 1051/937/6 492/938/6 108/939/6 854/940/6
f 1050/941/6 855/942/6 77/943/6 317/944/6
f 1049/945/6 856/946/6 267/947/6 857/948/6
f 1048/949/6 491/950/6 107/951/6 858/952/6
f 1047/953/6 859/954/6 106/955/6 346/956/6
f 1046/957/6 860/958/6 268/959/6 861/960/6
f 1044/961/6 863/962/6 105/963/6 345/964/6
f 1043/965/6 864/966/6 269/967/6 865/968/6
f 1042/969/6 488/970/6 104/971/6 866/972/6
f 1041/973/6 867/974/6 78/975/6 318/976/6
f 1040/977/6 868/978/6 270/979/6 869/980/6
f 1039/981/6 487/982/6 103/983/6 870/984/6
f 1038/985/6 871/986/6 102/987/6 342/988/6
f 1037/989/6 872/990/6 271/991/6 873/992/6
f 1035/993/6 875/994/6 101/995/6 341/996/6
f 1034/997/6 876/998/6 272/999/6 877/1000/6
f 1033/1001/6 460/1002/6 76/1003/6 878/1004/6
f 1031/1005/6 880/1006/6 273/1007/6 881/1008/6
f 1030/1009/6 459/1010/6 75/1011/6 882/1012/6
f 1029/1013/5 883/1014/5 98/1015/5 338/1016/5
f 1028/1017/5 884/1018/5 274/1019/5 885/1020/5
f 1026/1021/5 887/1022/5 97/1023/5 337/1024/5
f 1025/1025/5 888/1026/5 275/1027/5 889/1028/5
f 1024/1029/5 456/1030/5 72/1031/5 890/1032/5
f 1022/1033/5 892/1034/5 276/1035/5 893/1036/5
f 1021/1037/5 455/1038/5 71/1039/5 894/1040/5
f 1020/1041/4 895/1042/4 94/1043/4 334/1044/4
f 1019/1045/4 896/1046/4 277/1047/4 897/1048/4
f 1017/1049/4 899/1050/4 93/1051/4 333/1052/4
f 1016/1053/4 900/1054/4 278/1055/4 901/1056/4
f 1015/1057/4 452/1058/4 68/1059/4 902/1060/4
f 1013/1061/4 904/1062/4 279/1063/4 905/1064/4
f 1012/1065/4 451/1066/4 67/1067/4 906/1068/4
f 1011/1069/3 907/1070/3 90/1071/3 330/1072/3
f 1010/1073/3 908/1074/3 280/1075/3 909/1076/3
f 1008/1077/3 911/1078/3 89/1079/3 329/1080/3
f 1007/1081/3 912/1082/3 281/1083/3 913/1084/3
f 1006/1085/3 448/1086/3 64/1087/3 914/1088/3
f 1004/1089/3 916/1090/3 282/1091/3 917/1092/3
f 1003/1093/3 447/1094/3 63/1095/3 918/1096/3
f 1002/1097/2 919/1098/2 86/1099/2 326/1100/2
f 1001/1101/2 920/1102/2 283/1103/2 921/1104/2
f 999/1105/2 923/1106/2 85/1107/2 325/1108/2
f 998/1109/2 924/1110/2 284/1111/2 925/1112/2
f 997/1113/2 444/1114/2 60/1115/2 926/1116/2
f 995/1117/2 928/1118/2 285/1119/2 929/1120/2
f 994/1121/2 443/1122/2 59/1123/2 930/1124/2
f 993/1125/1 931/1126/1 82/1127/1 322/1128/1
f 992/1129/1 932/1130/1 286/1131/1 933/1132/1
f 990/1133/1 935/1134/1 81/1135/1 321/1136/1
f 989/1137/1 936/1138/1 287/1139/1 937/1140/1
f 988/1141/1 440/1142/1 56/1143/1 938/1144/1
f 986/1145/1 940/1146/1 288/1147/1 941/1148/1
f 985/1149/1 439/1150/1 55/1151/1 942/1152/1
f 983/1153/1 944/1154/1 289/1155/1 945/1156/1
f 980/1157/2 948/1158/2 290/1159/2 949/1160/2
f 977/1161/3 952/1162/3 291/1163/3 953/1164/3
f 974/1165/4 956/1166/4 292/1167/4 957/1168/4
f 971/1169/5 960/1170/5 293/1171/5 961/1172/5
f 968/1173/6 964/1174/6 294/1175/6 965/1176/6
f 964/1174/6 967/1177/6 966/1178/6 294/1175/6
f 198/219/6 582/1179/6 967/1177/6 964/1174/6
f 579/242/6 968/1173/6 965/1176/6 195/243/6
f 54/215/6 438/220/6 968/1173/6 579/242/6
f 438/220/6 198/219/6 964/1174/6 968/1173/6
f 195/243/6 965/1176/6 969/1180/6 435/1181/6
f 965/1176/6 294/1175/6 963/1182/6 969/1180/6
f 960/1170/5 970/1183/5 962/1184/5 293/1171/5
f 194/247/5 578/1185/5 970/1183/5 960/1170/5
f 575/270/5 971/1169/5 961/1172/5 191/271/5
f 53/211/5 434/248/5 971/1169/5 575/270/5
f 434/248/5 194/247/5 960/1170/5 971/1169/5
f 191/271/5 961/1172/5 972/1186/5 431/1187/5
f 961/1172/5 293/1171/5 959/1188/5 972/1186/5
f 956/1166/4 973/1189/4 958/1190/4 292/1167/4
f 190/275/4 574/1191/4 973/1189/4 956/1166/4
f 571/298/4 974/1165/4 957/1168/4 187/299/4
f 52/207/4 430/276/4 974/1165/4 571/298/4
f 430/276/4 190/275/4 956/1166/4 974/1165/4
f 187/299/4 957/1168/4 975/1192/4 427/1193/4
f 957/1168/4 292/1167/4 955/1194/4 975/1192/4
f 952/1162/3 976/1195/3 954/1196/3 291/1163/3
f 186/303/3 570/1197/3 976/1195/3 952/1162/3
f 567/326/3 977/1161/3 953/1164/3 183/327/3
f 51/203/3 426/304/3 977/1161/3 567/326/3
f 426/304/3 186/303/3 952/1162/3 977/1161/3
f 183/327/3 953/1164/3 978/1198/3 423/1199/3
f 953/1164/3 291/1163/3 951/1200/3 978/1198/3
f 948/1158/2 979/1201/2 950/1202/2 290/1159/2
f 182/331/2 566/1203/2 979/1201/2 948/1158/2
f 563/354/2 980/1157/2 949/1160/2 179/355/2
f 50/199/2 422/332/2 980/1157/2 563/354/2
f 422/332/2 182/331/2 948/1158/2 980/1157/2
f 179/355/2 949/1160/2 981/1204/2 419/1205/2
f 949/1160/2 290/1159/2 947/1206/2 981/1204/2
f 944/1154/1 982/1207/1 946/1208/1 289/1155/1
f 178/359/1 562/1209/1 982/1207/1 944/1154/1
f 559/382/1 983/1153/1 945/1156/1 175/383/1
f 49/195/1 418/360/1 983/1153/1 559/382/1
f 418/360/1 178/359/1 944/1154/1 983/1153/1
f 175/383/1 945/1156/1 984/1210/1 415/1211/1
f 945/1156/1 289/1155/1 943/1212/1 984/1210/1
f 940/1146/1 985/1149/1 942/1152/1 288/1147/1
f 174/387/1 558/192/1 985/1149/1 940/1146/1
f 558/192/1 7/191/1 439/1150/1 985/1149/1
f 555/414/1 986/1145/1 941/1148/1 171/415/1
f 48/187/1 414/388/1 986/1145/1 555/414/1
f 414/388/1 174/387/1 940/1146/1 986/1145/1
f 171/415/1 941/1148/1 987/1213/1 411/1214/1
f 941/1148/1 288/1147/1 939/1215/1 987/1213/1
f 936/1138/1 988/1141/1 938/1144/1 287/1139/1
f 170/419/1 554/184/1 988/1141/1 936/1138/1
f 554/184/1 8/183/1 440/1142/1 988/1141/1
f 551/450/1 989/1137/1 937/1140/1 167/451/1
f 47/179/1 410/420/1 989/1137/1 551/450/1
f 410/420/1 170/419/1 936/1138/1 989/1137/1
f 407/174/1 990/1133/1 321/1136/1 9/175/1
f 167/451/1 937/1140/1 990/1133/1 407/174/1
f 937/1140/1 287/1139/1 935/1134/1 990/1133/1
f 932/1130/1 991/1216/1 934/1217/1 286/1131/1
f 166/455/1 550/1218/1 991/1216/1 932/1130/1
f 547/482/1 992/1129/1 933/1132/1 163/483/1
f 46/171/1 406/456/1 992/1129/1 547/482/1
f 406/456/1 166/455/1 932/1130/1 992/1129/1
f 403/166/1 993/1125/1 322/1128/1 10/167/1
f 163/483/1 933/1132/1 993/1125/1 403/166/1
f 933/1132/1 286/1131/1 931/1126/1 993/1125/1
f 928/1118/2 994/1121/2 930/1124/2 285/1119/2
f 162/487/2 546/164/2 994/1121/2 928/1118/2
f 546/164/2 11/163/2 443/1122/2 994/1121/2
f 543/514/2 995/1117/2 929/1120/2 159/515/2
f 45/159/2 402/488/2 995/1117/2 543/514/2
f 402/488/2 162/487/2 928/1118/2 995/1117/2
f 159/515/2 929/1120/2 996/1219/2 399/1220/2
f 929/1120/2 285/1119/2 927/1221/2 996/1219/2
f 924/1110/2 997/1113/2 926/1116/2 284/1111/2
f 158/519/2 542/156/2 997/1113/2 924/1110/2
f 542/156/2 12/155/2 444/1114/2 997/1113/2
f 539/550/2 998/1109/2 925/1112/2 155/551/2
f 44/151/2 398/520/2 998/1109/2 539/550/2
f 398/520/2 158/519/2 924/1110/2 998/1109/2
f 395/146/2 999/1105/2 325/1108/2 13/147/2
f 155/551/2 925/1112/2 999/1105/2 395/146/2
f 925/1112/2 284/1111/2 923/1106/2 999/1105/2
f 920/1102/2 1000/1222/2 922/1223/2 283/1103/2
f 154/555/2 538/1224/2 1000/1222/2 920/1102/2
f 535/582/2 1001/1101/2 921/1104/2 151/583/2
f 43/143/2 394/556/2 1001/1101/2 535/582/2
f 394/556/2 154/555/2 920/1102/2 1001/1101/2
f 391/138/2 1002/1097/2 326/1100/2 14/139/2
f 151/583/2 921/1104/2 1002/1097/2 391/138/2
f 921/1104/2 283/1103/2 919/1098/2 1002/1097/2
f 916/1090/3 1003/1093/3 918/1096/3 282/1091/3
f 150/587/3 534/136/3 1003/1093/3 916/1090/3
f 534/136/3 15/135/3 447/1094/3 1003/1093/3
f 531/614/3 1004/1089/3 917/1092/3 147/615/3
f 42/131/3 390/588/3 1004/1089/3 531/614/3
f 390/588/3 150/587/3 916/1090/3 1004/1089/3
f 147/615/3 917/1092/3 1005/1225/3 387/1226/3
f 917/1092/3 282/1091/3 915/1227/3 1005/1225/3
f 912/1082/3 1006/1085/3 914/1088/3 281/1083/3
f 146/619/3 530/128/3 1006/1085/3 912/1082/3
f 530/128/3 16/127/3 448/1086/3 1006/1085/3
f 527/650/3 1007/1081/3 913/1084/3 143/651/3
f 41/123/3 386/620/3 1007/1081/3 527/650/3
f 386/620/3 146/619/3 912/1082/3 1007/1081/3
f 383/118/3 1008/1077/3 329/1080/3 17/119/3
f 143/651/3 913/1084/3 1008/1077/3 383/118/3
f 913/1084/3 281/1083/3 911/1078/3 1008/1077/3
f 908/1074/3 1009/1228/3 910/1229/3 280/1075/3
f 142/655/3 526/1230/3 1009/1228/3 908/1074/3
f 523/682/3 1010/1073/3 909/1076/3 139/683/3
f 40/115/3 382/656/3 1010/1073/3 523/682/3
f 382/656/3 142/655/3 908/1074/3 1010/1073/3
f 379/110/3 1011/1069/3 330/1072/3 18/111/3
f 139/683/3 909/1076/3 1011/1069/3 379/110/3
f 909/1076/3 280/1075/3 907/1070/3 1011/1069/3
f 904/1062/4 1012/1065/4 906/1068/4 279/1063/4
f 138/687/4 522/108/4 1012/1065/4 904/1062/4
f 522/108/4 19/107/4 451/1066/4 1012/1065/4
f 519/714/4 1013/1061/4 905/1064/4 135/715/4
f 39/103/4 378/688/4 1013/1061/4 519/714/4
f 378/688/4 138/687/4 904/1062/4 1013/1061/4
f 135/715/4 905/1064/4 1014/1231/4 375/1232/4
f 905/1064/4 279/1063/4 903/1233/4 1014/1231/4
f 900/1054/4 1015/1057/4 902/1060/4 278/1055/4
f 134/719/4 518/100/4 1015/1057/4 900/1054/4
f 518/100/4 20/99/4 452/1058/4 1015/1057/4
f 515/750/4 1016/1053/4 901/1056/4 131/751/4
f 38/95/4 374/720/4 1016/1053/4 515/750/4
f 374/720/4 134/719/4 900/1054/4 1016/1053/4
f 371/90/4 1017/1049/4 333/1052/4 21/91/4
f 131/751/4 901/1056/4 1017/1049/4 371/90/4
f 901/1056/4 278/1055/4 899/1050/4 1017/1049/4
f 896/1046/4 1018/1234/4 898/1235/4 277/1047/4
f 130/755/4 514/1236/4 1018/1234/4 896/1046/4
f 511/782/4 1019/1045/4 897/1048/4 127/783/4
f 37/87/4 370/756/4 1019/1045/4 511/782/4
f 370/756/4 130/755/4 896/1046/4 1019/1045/4
f 367/82/4 1020/1041/4 334/1044/4 22/83/4
f 127/783/4 897/1048/4 1020/1041/4 367/82/4
f 897/1048/4 277/1047/4 895/1042/4 1020/1041/4
f 892/1034/5 1021/1037/5 894/1040/5 276/1035/5
f 126/787/5 510/80/5 1021/1037/5 892/1034/5
f 510/80/5 23/79/5 455/1038/5 1021/1037/5
f 507/814/5 1022/1033/5 893/1036/5 123/815/5
f 36/75/5 366/788/5 1022/1033/5 507/814/5
f 366/788/5 126/787/5 892/1034/5 1022/1033/5
f 123/815/5 893/1036/5 1023/1237/5 363/1238/5
f 893/1036/5 276/1035/5 891/1239/5 1023/1237/5
f 888/1026/5 1024/1029/5 890/1032/5 275/1027/5
f 122/819/5 506/72/5 1024/1029/5 888/1026/5
f 506/72/5 24/71/5 456/1030/5 1024/1029/5
f 503/850/5 1025/1025/5 889/1028/5 119/851/5
f 35/67/5 362/820/5 1025/1025/5 503/850/5
f 362/820/5 122/819/5 888/1026/5 1025/1025/5
f 359/62/5 1026/1021/5 337/1024/5 25/63/5
f 119/851/5 889/1028/5 1026/1021/5 359/62/5
f 889/1028/5 275/1027/5 887/1022/5 1026/1021/5
f 884/1018/5 1027/1240/5 886/1241/5 274/1019/5
f 118/855/5 502/1242/5 1027/1240/5 884/1018/5
f 499/882/5 1028/1017/5 885/1020/5 115/883/5
f 34/59/5 358/856/5 1028/1017/5 499/882/5
f 358/856/5 118/855/5 884/1018/5 1028/1017/5
f 355/54/5 1029/1013/5 338/1016/5 26/55/5
f 115/883/5 885/1020/5 1029/1013/5 355/54/5
f 885/1020/5 274/1019/5 883/1014/5 1029/1013/5
f 880/1006/6 1030/1009/6 882/1012/6 273/1007/6
f 114/887/6 498/52/6 1030/1009/6 880/1006/6
f 498/52/6 27/51/6 459/1010/6 1030/1009/6
f 495/914/6 1031/1005/6 881/1008/6 111/915/6
f 33/47/6 354/888/6 1031/1005/6 495/914/6
f 354/888/6 114/887/6 880/1006/6 1031/1005/6
f 111/915/6 881/1008/6 1032/1243/6 351/1244/6
f 881/1008/6 273/1007/6 879/1245/6 1032/1243/6
f 876/998/6 1033/1001/6 878/1004/6 272/999/6
f 110/919/6 494/44/6 1033/1001/6 876/998/6
f 494/44/6 28/43/6 460/1002/6 1033/1001/6
f 491/950/6 1034/997/6 877/1000/6 107/951/6
f 32/39/6 350/920/6 1034/997/6 491/950/6
f 350/920/6 110/919/6 876/998/6 1034/997/6
f 347/34/6 1035/993/6 341/996/6 29/35/6
f 107/951/6 877/1000/6 1035/993/6 347/34/6
f 877/1000/6 272/999/6 875/994/6 1035/993/6
f 872/990/6 1036/1246/6 874/1247/6 271/991/6
f 106/955/6 490/1248/6 1036/1246/6 872/990/6
f 487/982/6 1037/989/6 873/992/6 103/983/6
f 31/31/6 346/956/6 1037/989/6 487/982/6
f 346/956/6 106/955/6 872/990/6 1037/989/6
f 343/26/6 1038/985/6 342/988/6 30/27/6
f 103/983/6 873/992/6 1038/985/6 343/26/6
f 873/992/6 271/991/6 871/986/6 1038/985/6
f 868/978/6 1039/981/6 870/984/6 270/979/6
f 105/963/6 489/32/6 1039/981/6 868/978/6
f 489/32/6 31/31/6 487/982/6 1039/981/6
f 460/1002/6 1040/977/6 869/980/6 76/1003/6
f 28/43/6 345/964/6 1040/977/6 460/1002/6
f 345/964/6 105/963/6 868/978/6 1040/977/6
f 316/22/6 1041/973/6 318/976/6 6/23/6
f 76/1003/6 869/980/6 1041/973/6 316/22/6
f 869/980/6 270/979/6 867/974/6 1041/973/6
f 864/966/6 1042/969/6 866/972/6 269/967/6
f 484/926/6 1043/965/6 865/968/6 100/927/6
f 340/42/6 1044/961/6 345/964/6 28/43/6
f 100/927/6 865/968/6 1044/961/6 340/42/6
f 865/968/6 269/967/6 863/962/6 1044/961/6
f 860/958/6 1045/1249/6 862/1250/6 268/959/6
f 488/970/6 1046/957/6 861/960/6 104/971/6
f 344/30/6 1047/953/6 346/956/6 31/31/6
f 104/971/6 861/960/6 1047/953/6 344/30/6
f 861/960/6 268/959/6 859/954/6 1047/953/6
f 856/946/6 1048/949/6 858/952/6 267/947/6
f 109/931/6 493/40/6 1048/949/6 856/946/6
f 493/40/6 32/39/6 491/950/6 1048/949/6
f 349/932/6 109/931/6 856/946/6 1049/945/6
f 857/948/6 267/947/6 855/942/6 1050/941/6
f 852/934/6 1051/937/6 854/940/6 266/935/6
f 853/936/6 266/935/6 851/930/6 1053/929/6
f 848/922/6 1054/925/6 850/928/6 265/923/6
f 492/938/6 1055/921/6 849/924/6 108/939/6
f 348/38/6 1056/917/6 350/920/6 32/39/6
f 108/939/6 849/924/6 1056/917/6 348/38/6
f 849/924/6 265/923/6 847/918/6 1056/917/6
f 844/910/6 1057/913/6 846/916/6 264/911/6
f 113/899/6 497/48/6 1057/913/6 844/910/6
f 497/48/6 33/47/6 495/914/6 1057/913/6
f 353/900/6 113/899/6 844/910/6 1058/909/6
f 845/912/6 264/911/6 843/1251/6 1059/1252/6
f 840/902/6 1060/905/6 842/908/6 263/903/6
f 77/943/6 461/36/6 1060/905/6 840/902/6
f 461/36/6 29/35/6 496/906/6 1060/905/6
f 317/944/6 77/943/6 840/902/6 1061/901/6
f 841/904/6 263/903/6 839/898/6 1062/897/6
f 836/890/6 1063/893/6 838/896/6 262/891/6
f 101/995/6 485/24/6 1063/893/6 836/890/6
f 485/24/6 6/23/6 483/894/6 1063/893/6
f 496/906/6 1064/889/6 837/892/6 112/907/6
f 29/35/6 341/996/6 1064/889/6 496/906/6
f 341/996/6 101/995/6 836/890/6 1064/889/6
f 352/46/6 1065/885/6 354/888/6 33/47/6
f 112/907/6 837/892/6 1065/885/6 352/46/6
f 837/892/6 262/891/6 835/886/6 1065/885/6
f 832/878/5 1066/881/5 834/884/5 261/879/5
f 117/863/5 501/60/5 1066/881/5 832/878/5
f 501/60/5 34/59/5 499/882/5 1066/881/5
f 456/1030/5 1067/877/5 833/880/5 72/1031/5
f 24/71/5 357/864/5 1067/877/5 456/1030/5
f 357/864/5 117/863/5 832/878/5 1067/877/5
f 312/18/5 1068/873/5 314/876/5 5/19/5
f 72/1031/5 833/880/5 1068/873/5 312/18/5
f 833/880/5 261/879/5 831/874/5 1068/873/5
f 828/866/5 1069/869/5 830/872/5 260/867/5
f 480/826/5 1070/865/5 829/868/5 96/827/5
f 336/70/5 1071/861/5 357/864/5 24/71/5
f 96/827/5 829/868/5 1071/861/5 336/70/5
f 829/868/5 260/867/5 827/862/5 1071/861/5
f 824/858/5 1072/1253/5 826/1254/5 259/859/5
f 500/870/5 1073/857/5 825/860/5 116/871/5
f 356/58/5 1074/853/5 358/856/5 34/59/5
f 116/871/5 825/860/5 1074/853/5 356/58/5
f 825/860/5 259/859/5 823/854/5 1074/853/5
f 820/846/5 1075/849/5 822/852/5 258/847/5
f 121/831/5 505/68/5 1075/849/5 820/846/5
f 505/68/5 35/67/5 503/850/5 1075/849/5
f 361/832/5 121/831/5 820/846/5 1076/845/5
f 821/848/5 258/847/5 819/842/5 1077/841/5
f 816/834/5 1078/837/5 818/840/5 257/835/5
f 817/836/5 257/835/5 815/830/5 1080/829/5
f 812/822/5 1081/825/5 814/828/5 256/823/5
f 504/838/5 1082/821/5 813/824/5 120/839/5
f 360/66/5 1083/817/5 362/820/5 35/67/5
f 120/839/5 813/824/5 1083/817/5 360/66/5
f 813/824/5 256/823/5 811/818/5 1083/817/5
f 808/810/5 1084/813/5 810/816/5 255/811/5
f 125/799/5 509/76/5 1084/813/5 808/810/5
f 509/76/5 36/75/5 507/814/5 1084/813/5
f 365/800/5 125/799/5 808/810/5 1085/809/5
f 809/812/5 255/811/5 807/1255/5 1086/1256/5
f 804/802/5 1087/805/5 806/808/5 254/803/5
f 73/843/5 457/64/5 1087/805/5 804/802/5
f 457/64/5 25/63/5 508/806/5 1087/805/5
f 313/844/5 73/843/5 804/802/5 1088/801/5
f 805/804/5 254/803/5 803/798/5 1089/797/5
f 800/790/5 1090/793/5 802/796/5 253/791/5
f 97/1023/5 481/20/5 1090/793/5 800/790/5
f 481/20/5 5/19/5 479/794/5 1090/793/5
f 508/806/5 1091/789/5 801/792/5 124/807/5
f 25/63/5 337/1024/5 1091/789/5 508/806/5
f 337/1024/5 97/1023/5 800/790/5 1091/789/5
f 364/74/5 1092/785/5 366/788/5 36/75/5
f 124/807/5 801/792/5 1092/785/5 364/74/5
f 801/792/5 253/791/5 799/786/5 1092/785/5
f 796/778/4 1093/781/4 798/784/4 252/779/4
f 129/763/4 513/88/4 1093/781/4 796/778/4
f 513/88/4 37/87/4 511/782/4 1093/781/4
f 452/1058/4 1094/777/4 797/780/4 68/1059/4
f 20/99/4 369/764/4 1094/777/4 452/1058/4
f 369/764/4 129/763/4 796/778/4 1094/777/4
f 308/14/4 1095/773/4 310/776/4 4/15/4
f 68/1059/4 797/780/4 1095/773/4 308/14/4
f 797/780/4 252/779/4 795/774/4 1095/773/4
f 792/766/4 1096/769/4 794/772/4 251/767/4
f 476/726/4 1097/765/4 793/768/4 92/727/4
f 332/98/4 1098/761/4 369/764/4 20/99/4
f 92/727/4 793/768/4 1098/761/4 332/98/4
f 793/768/4 251/767/4 791/762/4 1098/761/4
f 788/758/4 1099/1257/4 790/1258/4 250/759/4
f 512/770/4 1100/757/4 789/760/4 128/771/4
f 368/86/4 1101/753/4 370/756/4 37/87/4
f 128/771/4 789/760/4 1101/753/4 368/86/4
f 789/760/4 250/759/4 787/754/4 1101/753/4
f 784/746/4 1102/749/4 786/752/4 249/747/4
f 133/731/4 517/96/4 1102/749/4 784/746/4
f 517/96/4 38/95/4 515/750/4 1102/749/4
f 373/732/4 133/731/4 784/746/4 1103/745/4
f 785/748/4 249/747/4 783/742/4 1104/741/4
f 780/734/4 1105/737/4 782/740/4 248/735/4
f 781/736/4 248/735/4 779/730/4 1107/729/4
f 776/722/4 1108/725/4 778/728/4 247/723/4
f 516/738/4 1109/721/4 777/724/4 132/739/4
f 372/94/4 1110/717/4 374/720/4 38/95/4
f 132/739/4 777/724/4 1110/717/4 372/94/4
f 777/724/4 247/723/4 775/718/4 1110/717/4
f 772/710/4 1111/713/4 774/716/4 246/711/4
f 137/699/4 521/104/4 1111/713/4 772/710/4
f 521/104/4 39/103/4 519/714/4 1111/713/4
f 377/700/4 137/699/4 772/710/4 1112/709/4
f 773/712/4 246/711/4 771/1259/4 1113/1260/4
f 768/702/4 1114/705/4 770/708/4 245/703/4
f 69/743/4 453/92/4 1114/705/4 768/702/4
f 453/92/4 21/91/4 520/706/4 1114/705/4
f 309/744/4 69/743/4 768/702/4 1115/701/4
f 769/704/4 245/703/4 767/698/4 1116/697/4
f 764/690/4 1117/693/4 766/696/4 244/691/4
f 93/1051/4 477/16/4 1117/693/4 764/690/4
f 477/16/4 4/15/4 475/694/4 1117/693/4
f 520/706/4 1118/689/4 765/692/4 136/707/4
f 21/91/4 333/1052/4 1118/689/4 520/706/4
f 333/1052/4 93/1051/4 764/690/4 1118/689/4
f 376/102/4 1119/685/4 378/688/4 39/103/4
f 136/707/4 765/692/4 1119/685/4 376/102/4
f 765/692/4 244/691/4 763/686/4 1119/685/4
f 760/678/3 1120/681/3 762/684/3 243/679/3
f 141/663/3 525/116/3 1120/681/3 760/678/3
f 525/116/3 40/115/3 523/682/3 1120/681/3
f 448/1086/3 1121/677/3 761/680/3 64/1087/3
f 16/127/3 381/664/3 1121/677/3 448/1086/3
f 381/664/3 141/663/3 760/678/3 1121/677/3
f 304/10/3 1122/673/3 306/676/3 3/11/3
f 64/1087/3 761/680/3 1122/673/3 304/10/3
f 761/680/3 243/679/3 759/674/3 1122/673/3
f 756/666/3 1123/669/3 758/672/3 242/667/3
f 472/626/3 1124/665/3 757/668/3 88/627/3
f 328/126/3 1125/661/3 381/664/3 16/127/3
f 88/627/3 757/668/3 1125/661/3 328/126/3
f 757/668/3 242/667/3 755/662/3 1125/661/3
f 752/658/3 1126/1261/3 754/1262/3 241/659/3
f 524/670/3 1127/657/3 753/660/3 140/671/3
f 380/114/3 1128/653/3 382/656/3 40/115/3
f 140/671/3 753/660/3 1128/653/3 380/114/3
f 753/660/3 241/659/3 751/654/3 1128/653/3
f 748/646/3 1129/649/3 750/652/3 240/647/3
f 145/631/3 529/124/3 1129/649/3 748/646/3
f 529/124/3 41/123/3 527/650/3 1129/649/3
f 385/632/3 145/631/3 748/646/3 1130/645/3
f 749/648/3 240/647/3 747/642/3 1131/641/3
f 744/634/3 1132/637/3 746/640/3 239/635/3
f 745/636/3 239/635/3 743/630/3 1134/629/3
f 740/622/3 1135/625/3 742/628/3 238/623/3
f 528/638/3 1136/621/3 741/624/3 144/639/3
f 384/122/3 1137/617/3 386/620/3 41/123/3
f 144/639/3 741/624/3 1137/617/3 384/122/3
f 741/624/3 238/623/3 739/618/3 1137/617/3
f 736/610/3 1138/613/3 738/616/3 237/611/3
f 149/599/3 533/132/3 1138/613/3 736/610/3
f 533/132/3 42/131/3 531/614/3 1138/613/3
f 389/600/3 149/599/3 736/610/3 1139/609/3
f 737/612/3 237/611/3 735/1263/3 1140/1264/3
f 732/602/3 1141/605/3 734/608/3 236/603/3
f 65/643/3 449/120/3 1141/605/3 732/602/3
f 449/120/3 17/119/3 532/606/3 1141/605/3
f 305/644/3 65/643/3 732/602/3 1142/601/3
f 733/604/3 236/603/3 731/598/3 1143/597/3
f 728/590/3 1144/593/3 730/596/3 235/591/3
f 89/1079/3 473/12/3 1144/593/3 728/590/3
f 473/12/3 3/11/3 471/594/3 1144/593/3
f 532/606/3 1145/589/3 729/592/3 148/607/3
f 17/119/3 329/1080/3 1145/589/3 532/606/3
f 329/1080/3 89/1079/3 728/590/3 1145/589/3
f 388/130/3 1146/585/3 390/588/3 42/131/3
f 148/607/3 729/592/3 1146/585/3 388/130/3
f 729/592/3 235/591/3 727/586/3 1146/585/3
f 724/578/2 1147/581/2 726/584/2 234/579/2
f 153/563/2 537/144/2 1147/581/2 724/578/2
f 537/144/2 43/143/2 535/582/2 1147/581/2
f 444/1114/2 1148/577/2 725/580/2 60/1115/2
f 12/155/2 393/564/2 1148/577/2 444/1114/2
f 393/564/2 153/563/2 724/578/2 1148/577/2
f 300/6/2 1149/573/2 302/576/2 2/7/2
f 60/1115/2 725/580/2 1149/573/2 300/6/2
f 725/580/2 234/579/2 723/574/2 1149/573/2
f 720/566/2 1150/569/2 722/572/2 233/567/2
f 468/526/2 1151/565/2 721/568/2 84/527/2
f 324/154/2 1152/561/2 393/564/2 12/155/2
f 84/527/2 721/568/2 1152/561/2 324/154/2
f 721/568/2 233/567/2 719/562/2 1152/561/2
f 716/558/2 1153/1265/2 718/1266/2 232/559/2
f 536/570/2 1154/557/2 717/560/2 152/571/2
f 392/142/2 1155/553/2 394/556/2 43/143/2
f 152/571/2 717/560/2 1155/553/2 392/142/2
f 717/560/2 232/559/2 715/554/2 1155/553/2
f 712/546/2 1156/549/2 714/552/2 231/547/2
f 157/531/2 541/152/2 1156/549/2 712/546/2
f 541/152/2 44/151/2 539/550/2 1156/549/2
f 397/532/2 157/531/2 712/546/2 1157/545/2
f 713/548/2 231/547/2 711/542/2 1158/541/2
f 708/534/2 1159/537/2 710/540/2 230/535/2
f 709/536/2 230/535/2 707/530/2 1161/529/2
f 704/522/2 1162/525/2 706/528/2 229/523/2
f 540/538/2 1163/521/2 705/524/2 156/539/2
f 396/150/2 1164/517/2 398/520/2 44/151/2
f 156/539/2 705/524/2 1164/517/2 396/150/2
f 705/524/2 229/523/2 703/518/2 1164/517/2
f 700/510/2 1165/513/2 702/516/2 228/511/2
f 161/499/2 545/160/2 1165/513/2 700/510/2
f 545/160/2 45/159/2 543/514/2 1165/513/2
f 401/500/2 161/499/2 700/510/2 1166/509/2
f 701/512/2 228/511/2 699/1267/2 1167/1268/2
f 696/502/2 1168/505/2 698/508/2 227/503/2
f 61/543/2 445/148/2 1168/505/2 696/502/2
f 445/148/2 13/147/2 544/506/2 1168/505/2
f 301/544/2 61/543/2 696/502/2 1169/501/2
f 697/504/2 227/503/2 695/498/2 1170/497/2
f 692/490/2 1171/493/2 694/496/2 226/491/2
f 85/1107/2 469/8/2 1171/493/2 692/490/2
f 469/8/2 2/7/2 467/494/2 1171/493/2
f 544/506/2 1172/489/2 693/492/2 160/507/2
f 13/147/2 325/1108/2 1172/489/2 544/506/2
f 325/1108/2 85/1107/2 692/490/2 1172/489/2
f 400/158/2 1173/485/2 402/488/2 45/159/2
f 160/507/2 693/492/2 1173/485/2 400/158/2
f 693/492/2 226/491/2 691/486/2 1173/485/2
f 688/478/1 1174/481/1 690/484/1 225/479/1
f 165/463/1 549/172/1 1174/481/1 688/478/1
f 549/172/1 46/171/1 547/482/1 1174/481/1
f 440/1142/1 1175/477/1 689/480/1 56/1143/1
f 8/183/1 405/464/1 1175/477/1 440/1142/1
f 405/464/1 165/463/1 688/478/1 1175/477/1
f 296/2/1 1176/473/1 298/476/1 1/3/1
f 56/1143/1 689/480/1 1176/473/1 296/2/1
f 689/480/1 225/479/1 687/474/1 1176/473/1
f 684/466/1 1177/469/1 686/472/1 224/467/1
f 464/426/1 1178/465/1 685/468/1 80/427/1
f 320/182/1 1179/461/1 405/464/1 8/183/1
f 80/427/1 685/468/1 1179/461/1 320/182/1
f 685/468/1 224/467/1 683/462/1 1179/461/1
f 680/458/1 1180/1269/1 682/1270/1 223/459/1
f 548/470/1 1181/457/1 681/460/1 164/471/1
f 404/170/1 1182/453/1 406/456/1 46/171/1
f 164/471/1 681/460/1 1182/453/1 404/170/1
f 681/460/1 223/459/1 679/454/1 1182/453/1
f 676/446/1 1183/449/1 678/452/1 222/447/1
f 169/431/1 553/180/1 1183/449/1 676/446/1
f 553/180/1 47/179/1 551/450/1 1183/449/1
f 409/432/1 169/431/1 676/446/1 1184/445/1
f 677/448/1 222/447/1 675/442/1 1185/441/1
f 672/434/1 1186/437/1 674/440/1 221/435/1
f 673/436/1 221/435/1 671/430/1 1188/429/1
f 668/422/1 1189/425/1 670/428/1 220/423/1
f 552/438/1 1190/421/1 669/424/1 168/439/1
f 408/178/1 1191/417/1 410/420/1 47/179/1
f 168/439/1 669/424/1 1191/417/1 408/178/1
f 669/424/1 220/423/1 667/418/1 1191/417/1
f 664/410/1 1192/413/1 666/416/1 219/411/1
f 173/399/1 557/188/1 1192/413/1 664/410/1
f 557/188/1 48/187/1 555/414/1 1192/413/1
f 413/400/1 173/399/1 664/410/1 1193/409/1
f 665/412/1 219/411/1 663/1271/1 1194/1272/1
f 660/402/1 1195/405/1 662/408/1 218/403/1
f 57/443/1 441/176/1 1195/405/1 660/402/1
f 441/176/1 9/175/1 556/406/1 1195/405/1
f 297/444/1 57/443/1 660/402/1 1196/401/1
f 661/404/1 218/403/1 659/398/1 1197/397/1
f 656/390/1 1198/393/1 658/396/1 217/391/1
f 81/1135/1 465/4/1 1198/393/1 656/390/1
f 465/4/1 1/3/1 463/394/1 1198/393/1
f 556/406/1 1199/389/1 657/392/1 172/407/1
f 9/175/1 321/1136/1 1199/389/1 556/406/1
f 321/1136/1 81/1135/1 656/390/1 1199/389/1
f 412/186/1 1200/385/1 414/388/1 48/187/1
f 172/407/1 657/392/1 1200/385/1 412/186/1
f 657/392/1 217/391/1 655/386/1 1200/385/1
f 652/378/1 1201/381/1 654/384/1 216/379/1
f 177/367/1 561/196/1 1201/381/1 652/378/1
f 561/196/1 49/195/1 559/382/1 1201/381/1
f 439/1150/1 1202/377/1 653/380/1 55/1151/1
f 7/191/1 417/368/1 1202/377/1 439/1150/1
f 417/368/1 177/367/1 652/378/1 1202/377/1
f 55/1151/1 653/380/1 1203/1273/1 295/1274/1
f 653/380/1 216/379/1 651/1275/1 1203/1273/1
f 648/370/1 1204/373/1 650/376/1 215/371/1
f 58/475/1 442/168/1 1204/373/1 648/370/1
f 442/168/1 10/167/1 560/374/1 1204/373/1
f 463/394/1 1205/369/1 649/372/1 79/395/1
f 1/3/1 298/476/1 1205/369/1 463/394/1
f 298/476/1 58/475/1 648/370/1 1205/369/1
f 319/190/1 1206/365/1 417/368/1 7/191/1
f 79/395/1 649/372/1 1206/365/1 319/190/1
f 649/372/1 215/371/1 647/366/1 1206/365/1
f 644/362/1 1207/1276/1 646/1277/1 214/363/1
f 82/1127/1 466/1278/1 1207/1276/1 644/362/1
f 560/374/1 1208/361/1 645/364/1 176/375/1
f 10/167/1 322/1128/1 1208/361/1 560/374/1
f 322/1128/1 82/1127/1 644/362/1 1208/361/1
f 416/194/1 1209/357/1 418/360/1 49/195/1
f 176/375/1 645/364/1 1209/357/1 416/194/1
f 645/364/1 214/363/1 643/358/1 1209/357/1
f 640/350/2 1210/353/2 642/356/2 213/351/2
f 181/339/2 565/200/2 1210/353/2 640/350/2
f 565/200/2 50/199/2 563/354/2 1210/353/2
f 443/1122/2 1211/349/2 641/352/2 59/1123/2
f 11/163/2 421/340/2 1211/349/2 443/1122/2
f 421/340/2 181/339/2 640/350/2 1211/349/2
f 59/1123/2 641/352/2 1212/1279/2 299/1280/2
f 641/352/2 213/351/2 639/1281/2 1212/1279/2
f 636/342/2 1213/345/2 638/348/2 212/343/2
f 62/575/2 446/140/2 1213/345/2 636/342/2
f 446/140/2 14/139/2 564/346/2 1213/345/2
f 467/494/2 1214/341/2 637/344/2 83/495/2
f 2/7/2 302/576/2 1214/341/2 467/494/2
f 302/576/2 62/575/2 636/342/2 1214/341/2
f 323/162/2 1215/337/2 421/340/2 11/163/2
f 83/495/2 637/344/2 1215/337/2 323/162/2
f 637/344/2 212/343/2 635/338/2 1215/337/2
f 632/334/2 1216/1282/2 634/1283/2 211/335/2
f 86/1099/2 470/1284/2 1216/1282/2 632/334/2
f 564/346/2 1217/333/2 633/336/2 180/347/2
f 14/139/2 326/1100/2 1217/333/2 564/346/2
f 326/1100/2 86/1099/2 632/334/2 1217/333/2
f 420/198/2 1218/329/2 422/332/2 50/199/2
f 180/347/2 633/336/2 1218/329/2 420/198/2
f 633/336/2 211/335/2 631/330/2 1218/329/2
f 628/322/3 1219/325/3 630/328/3 210/323/3
f 185/311/3 569/204/3 1219/325/3 628/322/3
f 569/204/3 51/203/3 567/326/3 1219/325/3
f 447/1094/3 1220/321/3 629/324/3 63/1095/3
f 15/135/3 425/312/3 1220/321/3 447/1094/3
f 425/312/3 185/311/3 628/322/3 1220/321/3
f 63/1095/3 629/324/3 1221/1285/3 303/1286/3
f 629/324/3 210/323/3 627/1287/3 1221/1285/3
f 624/314/3 1222/317/3 626/320/3 209/315/3
f 66/675/3 450/112/3 1222/317/3 624/314/3
f 450/112/3 18/111/3 568/318/3 1222/317/3
f 471/594/3 1223/313/3 625/316/3 87/595/3
f 3/11/3 306/676/3 1223/313/3 471/594/3
f 306/676/3 66/675/3 624/314/3 1223/313/3
f 327/134/3 1224/309/3 425/312/3 15/135/3
f 87/595/3 625/316/3 1224/309/3 327/134/3
f 625/316/3 209/315/3 623/310/3 1224/309/3
f 620/306/3 1225/1288/3 622/1289/3 208/307/3
f 90/1071/3 474/1290/3 1225/1288/3 620/306/3
f 568/318/3 1226/305/3 621/308/3 184/319/3
f 18/111/3 330/1072/3 1226/305/3 568/318/3
f 330/1072/3 90/1071/3 620/306/3 1226/305/3
f 424/202/3 1227/301/3 426/304/3 51/203/3
f 184/319/3 621/308/3 1227/301/3 424/202/3
f 621/308/3 208/307/3 619/302/3 1227/301/3
f 616/294/4 1228/297/4 618/300/4 207/295/4
f 189/283/4 573/208/4 1228/297/4 616/294/4
f 573/208/4 52/207/4 571/298/4 1228/297/4
f 451/1066/4 1229/293/4 617/296/4 67/1067/4
f 19/107/4 429/284/4 1229/293/4 451/1066/4
f 429/284/4 189/283/4 616/294/4 1229/293/4
f 67/1067/4 617/296/4 1230/1291/4 307/1292/4
f 617/296/4 207/295/4 615/1293/4 1230/1291/4
f 612/286/4 1231/289/4 614/292/4 206/287/4
f 70/775/4 454/84/4 1231/289/4 612/286/4
f 454/84/4 22/83/4 572/290/4 1231/289/4
f 475/694/4 1232/285/4 613/288/4 91/695/4
f 4/15/4 310/776/4 1232/285/4 475/694/4
f 310/776/4 70/775/4 612/286/4 1232/285/4
f 331/106/4 1233/281/4 429/284/4 19/107/4
f 91/695/4 613/288/4 1233/281/4 331/106/4
f 613/288/4 206/287/4 611/282/4 1233/281/4
f 608/278/4 1234/1294/4 610/1295/4 205/279/4
f 94/1043/4 478/1296/4 1234/1294/4 608/278/4
f 572/290/4 1235/277/4 609/280/4 188/291/4
f 22/83/4 334/1044/4 1235/277/4 572/290/4
f 334/1044/4 94/1043/4 608/278/4 1235/277/4
f 428/206/4 1236/273/4 430/276/4 52/207/4
f 188/291/4 609/280/4 1236/273/4 428/206/4
f 609/280/4 205/279/4 607/274/4 1236/273/4
f 604/266/5 1237/269/5 606/272/5 204/267/5
f 193/255/5 577/212/5 1237/269/5 604/266/5
f 577/212/5 53/211/5 575/270/5 1237/269/5
f 455/1038/5 1238/265/5 605/268/5 71/1039/5
f 23/79/5 433/256/5 1238/265/5 455/1038/5
f 433/256/5 193/255/5 604/266/5 1238/265/5
f 71/1039/5 605/268/5 1239/1297/5 311/1298/5
f 605/268/5 204/267/5 603/1299/5 1239/1297/5
f 600/258/5 1240/261/5 602/264/5 203/259/5
f 74/875/5 458/56/5 1240/261/5 600/258/5
f 458/56/5 26/55/5 576/262/5 1240/261/5
f 479/794/5 1241/257/5 601/260/5 95/795/5
f 5/19/5 314/876/5 1241/257/5 479/794/5
f 314/876/5 74/875/5 600/258/5 1241/257/5
f 335/78/5 1242/253/5 433/256/5 23/79/5
f 95/795/5 601/260/5 1242/253/5 335/78/5
f 601/260/5 203/259/5 599/254/5 1242/253/5
f 596/250/5 1243/1300/5 598/1301/5 202/251/5
f 98/1015/5 482/1302/5 1243/1300/5 596/250/5
f 576/262/5 1244/249/5 597/252/5 192/263/5
f 26/55/5 338/1016/5 1244/249/5 576/262/5
f 338/1016/5 98/1015/5 596/250/5 1244/249/5
f 432/210/5 1245/245/5 434/248/5 53/211/5
f 192/263/5 597/252/5 1245/245/5 432/210/5
f 597/252/5 202/251/5 595/246/5 1245/245/5
f 592/238/6 1246/241/6 594/244/6 201/239/6
f 197/227/6 581/216/6 1246/241/6 592/238/6
f 581/216/6 54/215/6 579/242/6 1246/241/6
f 459/1010/6 1247/237/6 593/240/6 75/1011/6
f 27/51/6 437/228/6 1247/237/6 459/1010/6
f 437/228/6 197/227/6 592/238/6 1247/237/6
f 75/1011/6 593/240/6 1248/1303/6 315/1304/6
f 593/240/6 201/239/6 591/1305/6 1248/1303/6
f 588/230/6 1249/233/6 590/236/6 200/231/6
f 78/975/6 462/28/6 1249/233/6 588/230/6
f 462/28/6 30/27/6 580/234/6 1249/233/6
f 483/894/6 1250/229/6 589/232/6 99/895/6
f 6/23/6 318/976/6 1250/229/6 483/894/6
f 318/976/6 78/975/6 588/230/6 1250/229/6
f 339/50/6 1251/225/6 437/228/6 27/51/6
f 99/895/6 589/232/6 1251/225/6 339/50/6
f 589/232/6 200/231/6 587/226/6 1251/225/6
f 584/222/6 1252/1306/6 586/1307/6 199/223/6
f 102/987/6 486/1308/6 1252/1306/6 584/222/6
f 580/234/6 1253/221/6 585/224/6 196/235/6
f 30/27/6 342/988/6 1253/221/6 580/234/6
f 342/988/6 102/987/6 584/222/6 1253/221/6
f 436/214/6 1254/217/6 438/220/6 54/215/6
f 196/235/6 585/224/6 1254/217/6 436/214/6
f 585/224/6 199/223/6 583/218/6 1254/217/6
f 583/218/6 1255/1309/6 582/1179/6 198/219/6
f 199/223/6 586/1307/6 1255/1309/6 583/218/6
f 587/226/6 1256/213/6 581/216/6 197/227/6
f 200/231/6 590/236/6 1256/213/6 587/226/6
f 590/236/6 196/235/6 436/214/6 1256/213/6
f 201/239/6 594/244/6 1257/1310/6 591/1305/6
f 594/244/6 195/243/6 435/1181/6 1257/1310/6
f 595/246/5 1258/1311/5 578/1185/5 194/247/5
f 202/251/5 598/1301/5 1258/1311/5 595/246/5
f 599/254/5 1259/209/5 577/212/5 193/255/5
f 203/259/5 602/264/5 1259/209/5 599/254/5
f 602/264/5 192/263/5 432/210/5 1259/209/5
f 204/267/5 606/272/5 1260/1312/5 603/1299/5
f 606/272/5 191/271/5 431/1187/5 1260/1312/5
f 607/274/4 1261/1313/4 574/1191/4 190/275/4
f 205/279/4 610/1295/4 1261/1313/4 607/274/4
f 611/282/4 1262/205/4 573/208/4 189/283/4
f 206/287/4 614/292/4 1262/205/4 611/282/4
f 614/292/4 188/291/4 428/206/4 1262/205/4
f 207/295/4 618/300/4 1263/1314/4 615/1293/4
f 618/300/4 187/299/4 427/1193/4 1263/1314/4
f 619/302/3 1264/1315/3 570/1197/3 186/303/3
f 208/307/3 622/1289/3 1264/1315/3 619/302/3
f 623/310/3 1265/201/3 569/204/3 185/311/3
f 209/315/3 626/320/3 1265/201/3 623/310/3
f 626/320/3 184/319/3 424/202/3 1265/201/3
f 210/323/3 630/328/3 1266/1316/3 627/1287/3
f 630/328/3 183/327/3 423/1199/3 1266/1316/3
f 631/330/2 1267/1317/2 566/1203/2 182/331/2
f 211/335/2 634/1283/2 1267/1317/2 631/330/2
f 635/338/2 1268/197/2 565/200/2 181/339/2
f 212/343/2 638/348/2 1268/197/2 635/338/2
f 638/348/2 180/347/2 420/198/2 1268/197/2
f 213/351/2 642/356/2 1269/1318/2 639/1281/2
f 642/356/2 179/355/2 419/1205/2 1269/1318/2
f 643/358/1 1270/1319/1 562/1209/1 178/359/1
f 214/363/1 646/1277/1 1270/1319/1 643/358/1
f 647/366/1 1271/193/1 561/196/1 177/367/1
f 215/371/1 650/376/1 1271/193/1 647/366/1
f 650/376/1 176/375/1 416/194/1 1271/193/1
f 216/379/1 654/384/1 1272/1320/1 651/1275/1
f 654/384/1 175/383/1 415/1211/1 1272/1320/1
f 655/386/1 1273/189/1 558/192/1 174/387/1
f 217/391/1 658/396/1 1273/189/1 655/386/1
f 658/396/1 79/395/1 319/190/1 1273/189/1
f 659/398/1 1274/185/1 557/188/1 173/399/1
f 218/403/1 662/408/1 1274/185/1 659/398/1
f 662/408/1 172/407/1 412/186/1 1274/185/1
f 219/411/1 666/416/1 1275/1321/1 663/1271/1
f 666/416/1 171/415/1 411/1214/1 1275/1321/1
f 667/418/1 1276/181/1 554/184/1 170/419/1
f 220/423/1 670/428/1 1276/181/1 667/418/1
f 670/428/1 80/427/1 320/182/1 1276/181/1
f 671/430/1 1277/177/1 553/180/1 169/431/1
f 221/435/1 674/440/1 1277/177/1 671/430/1
f 674/440/1 168/439/1 408/178/1 1277/177/1
f 675/442/1 1278/173/1 441/176/1 57/443/1
f 222/447/1 678/452/1 1278/173/1 675/442/1
f 678/452/1 167/451/1 407/174/1 1278/173/1
f 679/454/1 1279/1322/1 550/1218/1 166/455/1
f 223/459/1 682/1270/1 1279/1322/1 679/454/1
f 683/462/1 1280/169/1 549/172/1 165/463/1
f 224/467/1 686/472/1 1280/169/1 683/462/1
f 686/472/1 164/471/1 404/170/1 1280/169/1
f 687/474/1 1281/165/1 442/168/1 58/475/1
f 225/479/1 690/484/1 1281/165/1 687/474/1
f 690/484/1 163/483/1 403/166/1 1281/165/1
f 691/486/2 1282/161/2 546/164/2 162/487/2
f 226/491/2 694/496/2 1282/161/2 691/486/2
f 694/496/2 83/495/2 323/162/2 1282/161/2
f 695/498/2 1283/157/2 545/160/2 161/499/2
f 227/503/2 698/508/2 1283/157/2 695/498/2
f 698/508/2 160/507/2 400/158/2 1283/157/2
f 228/511/2 702/516/2 1284/1323/2 699/1267/2
f 702/516/2 159/515/2 399/1220/2 1284/1323/2
f 703/518/2 1285/153/2 542/156/2 158/519/2
f 229/523/2 706/528/2 1285/153/2 703/518/2
f 706/528/2 84/527/2 324/154/2 1285/153/2
f 707/530/2 1286/149/2 541/152/2 157/531/2
f 230/535/2 710/540/2 1286/149/2 707/530/2
f 710/540/2 156/539/2 396/150/2 1286/149/2
f 711/542/2 1287/145/2 445/148/2 61/543/2
f 231/547/2 714/552/2 1287/145/2 711/542/2
f 714/552/2 155/551/2 395/146/2 1287/145/2
f 715/554/2 1288/1324/2 538/1224/2 154/555/2
f 232/559/2 718/1266/2 1288/1324/2 715/554/2
f 719/562/2 1289/141/2 537/144/2 153/563/2
f 233/567/2 722/572/2 1289/141/2 719/562/2
f 722/572/2 152/571/2 392/142/2 1289/141/2
f 723/574/2 1290/137/2 446/140/2 62/575/2
f 234/579/2 726/584/2 1290/137/2 723/574/2
f 726/584/2 151/583/2 391/138/2 1290/137/2
f 727/586/3 1291/133/3 534/136/3 150/587/3
f 235/591/3 730/596/3 1291/133/3 727/586/3
f 730/596/3 87/595/3 327/134/3 1291/133/3
f 731/598/3 1292/129/3 533/132/3 149/599/3
f 236/603/3 734/608/3 1292/129/3 731/598/3
f 734/608/3 148/607/3 388/130/3 1292/129/3
f 237/611/3 738/616/3 1293/1325/3 735/1263/3
f 738/616/3 147/615/3 387/1226/3 1293/1325/3
f 739/618/3 1294/125/3 530/128/3 146/619/3
f 238/623/3 742/628/3 1294/125/3 739/618/3
f 742/628/3 88/627/3 328/126/3 1294/125/3
f 743/630/3 1295/121/3 529/124/3 145/631/3
f 239/635/3 746/640/3 1295/121/3 743/630/3
f 746/640/3 144/639/3 384/122/3 1295/121/3
f 747/642/3 1296/117/3 449/120/3 65/643/3
f 240/647/3 750/652/3 1296/117/3 747/642/3
f 750/652/3 143/651/3 383/118/3 1296/117/3
f 751/654/3 1297/1326/3 526/1230/3 142/655/3
f 241/659/3 754/1262/3 1297/1326/3 751/654/3
f 755/662/3 1298/113/3 525/116/3 141/663/3
f 242/667/3 758/672/3 1298/113/3 755/662/3
f 758/672/3 140/671/3 380/114/3 1298/113/3
f 759/674/3 1299/109/3 450/112/3 66/675/3
f 243/679/3 762/684/3 1299/109/3 759/674/3
f 762/684/3 139/683/3 379/110/3 1299/109/3
f 763/686/4 1300/105/4 522/108/4 138/687/4
f 244/691/4 766/696/4 1300/105/4 763/686/4
f 766/696/4 91/695/4 331/106/4 1300/105/4
f 767/698/4 1301/101/4 521/104/4 137/699/4
f 245/703/4 770/708/4 1301/101/4 767/698/4
f 770/708/4 136/707/4 376/102/4 1301/101/4
f 246/711/4 774/716/4 1302/1327/4 771/1259/4
f 774/716/4 135/715/4 375/1232/4 1302/1327/4
f 775/718/4 1303/97/4 518/100/4 134/719/4
f 247/723/4 778/728/4 1303/97/4 775/718/4
f 778/728/4 92/727/4 332/98/4 1303/97/4
f 779/730/4 1304/93/4 517/96/4 133/731/4
f 248/735/4 782/740/4 1304/93/4 779/730/4
f 782/740/4 132/739/4 372/94/4 1304/93/4
f 783/742/4 1305/89/4 453/92/4 69/743/4
f 249/747/4 786/752/4 1305/89/4 783/742/4
f 786/752/4 131/751/4 371/90/4 1305/89/4
f 787/754/4 1306/1328/4 514/1236/4 130/755/4
f 250/759/4 790/1258/4 1306/1328/4 787/754/4
f 791/762/4 1307/85/4 513/88/4 129/763/4
f 251/767/4 794/772/4 1307/85/4 791/762/4
f 794/772/4 128/771/4 368/86/4 1307/85/4
f 795/774/4 1308/81/4 454/84/4 70/775/4
f 252/779/4 798/784/4 1308/81/4 795/774/4
f 798/784/4 127/783/4 367/82/4 1308/81/4
f 799/786/5 1309/77/5 510/80/5 126/787/5
f 253/791/5 802/796/5 1309/77/5 799/786/5
f 802/796/5 95/795/5 335/78/5 1309/77/5
f 803/798/5 1310/73/5 509/76/5 125/799/5
f 254/803/5 806/808/5 1310/73/5 803/798/5
f 806/808/5 124/807/5 364/74/5 1310/73/5
f 255/811/5 810/816/5 1311/1329/5 807/1255/5
f 810/816/5 123/815/5 363/1238/5 1311/1329/5
f 811/818/5 1312/69/5 506/72/5 122/819/5
f 256/823/5 814/828/5 1312/69/5 811/818/5
f 814/828/5 96/827/5 336/70/5 1312/69/5
f 815/830/5 1313/65/5 505/68/5 121/831/5
f 257/835/5 818/840/5 1313/65/5 815/830/5
f 818/840/5 120/839/5 360/66/5 1313/65/5
f 819/842/5 1314/61/5 457/64/5 73/843/5
f 258/847/5 822/852/5 1314/61/5 819/842/5
f 822/852/5 119/851/5 359/62/5 1314/61/5
f 823/854/5 1315/1330/5 502/1242/5 118/855/5
f 259/859/5 826/1254/5 1315/1330/5 823/854/5
f 827/862/5 1316/57/5 501/60/5 117/863/5
f 260/867/5 830/872/5 1316/57/5 827/862/5
f 830/872/5 116/871/5 356/58/5 1316/57/5
f 831/874/5 1317/53/5 458/56/5 74/875/5
f 261/879/5 834/884/5 1317/53/5 831/874/5
f 834/884/5 115/883/5 355/54/5 1317/53/5
f 835/886/6 1318/49/6 498/52/6 114/887/6
f 262/891/6 838/896/6 1318/49/6 835/886/6
f 838/896/6 99/895/6 339/50/6 1318/49/6
f 839/898/6 1319/45/6 497/48/6 113/899/6
f 263/903/6 842/908/6 1319/45/6 839/898/6
f 842/908/6 112/907/6 352/46/6 1319/45/6
f 264/911/6 846/916/6 1320/1331/6 843/1251/6
f 846/916/6 111/915/6 351/1244/6 1320/1331/6
f 847/918/6 1321/41/6 494/44/6 110/919/6
f 265/923/6 850/928/6 1321/41/6 847/918/6
f 850/928/6 100/927/6 340/42/6 1321/41/6
f 851/930/6 1322/37/6 493/40/6 109/931/6
f 266/935/6 854/940/6 1322/37/6 851/930/6
f 854/940/6 108/939/6 348/38/6 1322/37/6
f 855/942/6 1323/33/6 461/36/6 77/943/6
f 267/947/6 858/952/6 1323/33/6 855/942/6
f 858/952/6 107/951/6 347/34/6 1323/33/6
f 859/954/6 1324/1332/6 490/1248/6 106/955/6
f 268/959/6 862/1250/6 1324/1332/6 859/954/6
f 863/962/6 1325/29/6 489/32/6 105/963/6
f 269/967/6 866/972/6 1325/29/6 863/962/6
f 866/972/6 104/971/6 344/30/6 1325/29/6
f 867/974/6 1326/25/6 462/28/6 78/975/6
f 270/979/6 870/984/6 1326/25/6 867/974/6
f 870/984/6 103/983/6 343/26/6 1326/25/6
f 871/986/6 1327/1333/6 486/1308/6 102/987/6
f 271/991/6 874/1247/6 1327/1333/6 871/986/6
f 875/994/6 1328/21/6 485/24/6 101/995/6
f 272/999/6 878/1004/6 1328/21/6 875/994/6
f 878/1004/6 76/1003/6 316/22/6 1328/21/6
f 273/1007/6 882/1012/6 1329/1334/6 879/1245/6
f 882/1012/6 75/1011/6 315/1304/6 1329/1334/6
f 883/1014/5 1330/1335/5 482/1302/5 98/1015/5
f 274/1019/5 886/1241/5 1330/1335/5 883/1014/5
f 887/1022/5 1331/17/5 481/20/5 97/1023/5
f 275/1027/5 890/1032/5 1331/17/5 887/1022/5
f 890/1032/5 72/1031/5 312/18/5 1331/17/5
f 276/1035/5 894/1040/5 1332/1336/5 891/1239/5
f 894/1040/5 71/1039/5 311/1298/5 1332/1336/5
f 895/1042/4 1333/1337/4 478/1296/4 94/1043/4
f 277/1047/4 898/1235/4 1333/1337/4 895/1042/4
f 899/1050/4 1334/13/4 477/16/4 93/1051/4
f 278/1055/4 902/1060/4 1334/13/4 899/1050/4
f 902/1060/4 68/1059/4 308/14/4 1334/13/4
f 279/1063/4 906/1068/4 1335/1338/4 903/1233/4
f 906/1068/4 67/1067/4 307/1292/4 1335/1338/4
f 907/1070/3 1336/1339/3 474/1290/3 90/1071/3
f 280/1075/3 910/1229/3 1336/1339/3 907/1070/3
f 911/1078/3 1337/9/3 473/12/3 89/1079/3
f 281/1083/3 914/1088/3 1337/9/3 911/1078/3
f 914/1088/3 64/1087/3 304/10/3 1337/9/3
f 282/1091/3 918/1096/3 1338/1340/3 915/1227/3
f 918/1096/3 63/1095/3 303/1286/3 1338/1340/3
f 919/1098/2 1339/1341/2 470/1284/2 86/1099/2
f 283/1103/2 922/1223/2 1339/1341/2 919/1098/2
f 923/1106/2 1340/5/2 469/8/2 85/1107/2
f 284/1111/2 926/1116/2 1340/5/2 923/1106/2
f 926/1116/2 60/1115/2 300/6/2 1340/5/2
f 285/1119/2 930/1124/2 1341/1342/2 927/1221/2
f 930/1124/2 59/1123/2 299/1280/2 1341/1342/2
f 931/1126/1 1342/1343/1 466/1278/1 82/1127/1
f 286/1131/1 934/1217/1 1342/1343/1 931/1126/1
f 935/1134/1 1343/1/1 465/4/1 81/1135/1
f 287/1139/1 938/1144/1 1343/1/1 935/1134/1
f 938/1144/1 56/1143/1 296/2/1 1343/1/1
f 288/1147/1 942/1152/1 1344/1344/1 939/1215/1
f 942/1152/1 55/1151/1 295/1274/1 1344/1344/1
f 289/1155/1 946/1208/1 1345/1345/1 943/1212/1
f 290/1159/2 950/1202/2 1346/1346/2 947/1206/2
f 291/1163/3 954/1196/3 1347/1347/3 951/1200/3
f 292/1167/4 958/1190/4 1348/1348/4 955/1194/4
f 293/1171/5 962/1184/5 1349/1349/5 959/1188/5
f 294/1175/6 966/1178/6 1350/1350/6 963/1182/6
f 1351/1351/7 1354/1352/10 1359/1353/15 1358/1354/14
f 1354/1352/10 1355/1355/11 1360/1356/16 1359/1353/15
f 1355/1355/11 1356/1357/12 1361/1358/17 1360/1356/16
f 1356/1357/12 1357/1359/13 1362/1360/18 1361/1358/17
f 1358/1354/14 1359/1353/15 1364/1361/20 1363/1362/19
f 1359/1353/15 1360/1356/16 1365/1363/21 1364/1361/20
f 1360/1356/16 1361/1358/17 1366/1364/22 1365/1363/21
f 1361/1358/17 1362/1360/18 1367/1365/23 1366/1364/22
f 1363/1362/19 1364/1361/20 1369/1366/25 1368/1367/24
f 1364/1361/20 1365/1363/21 1370/1368/26 1369/1366/25
f 1365/1363/21 1366/1364/22 1371/1369/27 1370/1368/26
f 1366/1364/22 1367/1365/23 1372/1370/28 1371/1369/27
f 1368/1367/24 1369/1366/25 1401/1371/57 1396/1372/52
f 1369/1366/25 1370/1368/26 1406/1373/62 1401/1371/57
f 1370/1368/26 1371/1369/27 1411/1374/67 1406/1373/62
f 1371/1369/27 1372/1370/28 1373/1375/29 1411/1374/67
f 1352/1376/8 1374/1377/30 1379/1378/35 1378/1379/34
f 1374/1377/30 1375/1380/31 1380/1381/36 1379/1378/35
f 1375/1380/31 1376/1382/32 1381/1383/37 1380/1381/36
f 1376/1382/32 1377/1384/33 1382/1385/38 1381/1383/37
f 1378/1379/34 1379/1378/35 1384/1386/40 1383/1387/39
f 1379/1378/35 1380/1381/36 1385/1388/41 1384/1386/40
f 1380/1381/36 1381/1383/37 1386/1389/42 1385/1388/41
f 1381/1383/37 1382/1385/38 1387/1390/43 1386/1389/42
f 1383/1387/39 1384/1386/40 1389/1391/45 1388/1392/44
f 1384/1386/40 1385/1388/41 1390/1393/46 1389/1391/45
f 1385/1388/41 1386/1389/42 1391/1394/47 1390/1393/46
f 1386/1389/42 1387/1390/43 1392/1395/48 1391/1394/47
f 1388/1392/44 1389/1391/45 1362/1396/18 1357/1397/13
f 1389/1391/45 1390/1393/46 1367/1398/23 1362/1396/18
f 1390/1393/46 1391/1394/47 1372/1399/28 1367/1398/23
f 1391/1394/47 1392/1395/48 1373/1400/29 1372/1399/28
f 1353/1401/9 1393/1402/49 1398/1403/54 1397/1404/53
f 1393/1402/49 1394/1405/50 1399/1406/55 1398/1403/54
f 1394/1405/50 1395/1407/51 1400/1408/56 1399/1406/55
f 1395/1407/51 1396/1409/52 1401/1410/57 1400/1408/56
f 1397/1404/53 1398/1403/54 1403/1411/59 1402/1412/58
f 1398/1403/54 1399/1406/55 1404/1413/60 1403/1411/59
f 1399/1406/55 1400/1408/56 1405/1414/61 1404/1413/60
f 1400/1408/56 1401/1410/57 1406/1415/62 1405/1414/61
f 1402/1412/58 1403/1411/59 1408/1416/64 1407/1417/63
f 1403/1411/59 1404/1413/60 1409/1418/65 1408/1416/64
f 1404/1413/60 1405/1414/61 1410/1419/66 1409/1418/65
f 1405/1414/61 1406/1415/62 1411/1420/67 1410/1419/66
f 1407/1417/63 1408/1416/64 1382/1421/38 1377/1422/33
f 1408/1416/64 1409/1418/65 1387/1423/43 1382/1421/38
f 1409/1418/65 1410/1419/66 1392/1424/48 1387/1423/43
f 1410/1419/66 1411/1420/67 1373/1425/29 1392/1424/48
f 1412/1426/68 1415/1427/71 1420/1428/76 1419/1429/75
f 1415/1427/71 1416/1430/72 1421/1431/77 1420/1428/76
f 1416/1430/72 1417/1432/73 1422/1433/78 1421/1431/77
f 1417/1432/73 1418/1434/74 1423/1435/79 1422/1433/78
f 1419/1429/75 1420/1428/76 1425/1436/81 1424/1437/80
f 1420/1428/76 1421/1431/77 1426/1438/82 1425/1436/81
f 1421/1431/77 1422/1433/78 1427/1439/83 1426/1438/82
f 1422/1433/78 1423/1435/79 1428/1440/84 1427/1439/83
f 1424/1437/80 1425/1436/81 1430/1441/86 1429/1442/85
f 1425/1436/81 1426/1438/82 1431/1443/87 1430/1441/86
f 1426/1438/82 1427/1439/83 1432/1444/88 1431/1443/87
f 1427/1439/83 1428/1440/84 1433/1445/89 1432/1444/88
f 1429/1442/85 1430/1441/86 1462/1446/118 1457/1447/113
f 1430/1441/86 1431/1443/87 1467/1448/123 1462/1446/118
f 1431/1443/87 1432/1444/88 1472/1449/128 1467/1448/123
f 1432/1444/88 1433/1445/89 1434/1450/90 1472/1449/128
f 1413/1451/69 1435/1452/91 1440/1453/96 1439/1454/95
f 1435/1452/91 1436/1455/92 1441/1456/97 1440/1453/96
f 1436/1455/92 1437/1457/93 1442/1458/98 1441/1456/97
f 1437/1457/93 1438/1459/94 1443/1460/99 1442/1458/98
f 1439/1454/95 1440/1453/96 1445/1461/101 1444/1462/100
f 1440/1453/96 1441/1456/97 1446/1463/102 1445/1461/101
f 1441/1456/97 1442/1458/98 1447/1464/103 1446/1463/102
f 1442/1458/98 1443/1460/99 1448/1465/104 1447/1464/103
f 1444/1462/100 1445/1461/101 1450/1466/106 1449/1467/105
f 1445/1461/101 1446/1463/102 1451/1468/107 1450/1466/106
f 1446/1463/102 1447/1464/103 1452/1469/108 1451/1468/107
f 1447/1464/103 1448/1465/104 1453/1470/109 1452/1469/108
f 1449/1467/105 1450/1466/106 1423/1471/79 1418/1472/74
f 1450/1466/106 1451/1468/107 1428/1473/84 1423/1471/79
f 1451/1468/107 1452/1469/108 1433/1474/89 1428/1473/84
f 1452/1469/108 1453/1470/109 1434/1475/90 1433/1474/89
f 1414/1476/70 1454/1477/110 1459/1478/115 1458/1479/114
f 1454/1477/110 1455/1480/111 1460/1481/116 1459/1478/115
f 1455/1480/111 1456/1482/112 1461/1483/117 1460/1481/116
f 1456/1482/112 1457/1484/113 1462/1485/118 1461/1483/117
f 1458/1479/114 1459/1478/115 1464/1486/120 1463/1487/119
f 1459/1478/115 1460/1481/116 1465/1488/121 1464/1486/120
f 1460/1481/116 1461/1483/117 1466/1489/122 1465/1488/121
f 1461/1483/117 1462/1485/118 1467/1490/123 1466/1489/122
f 1463/1487/119 1464/1486/120 1469/1491/125 1468/1492/124
f 1464/1486/120 1465/1488/121 1470/1493/126 1469/1491/125
f 1465/1488/121 1466/1489/122 1471/1494/127 1470/1493/126
f 1466/1489/122 1467/1490/123 1472/1495/128 1471/1494/127
f 1468/1492/124 1469/1491/125 1443/1496/99 1438/1497/94
f 1469/1491/125 1470/1493/126 1448/1498/104 1443/1496/99
f 1470/1493/126 1471/1494/127 1453/1499/109 1448/1498/104
f 1471/1494/127 1472/1495/128 1434/1500/90 1453/1499/109
f 1473/1501/129 1476/1502/132 1481/1503/137 1480/1504/136
f 1476/1502/132 1477/1505/133 1482/1506/138 1481/1503/137
f 1477/1505/133 1478/1507/134 1483/1508/139 1482/1506/138
f 1478/1507/134 1479/1509/135 1484/1510/140 1483/1508/139
f 1480/1504/136 1481/1503/137 1486/1511/142 1485/1512/141
f 1481/1503/137 1482/1506/138 1487/1513/143 1486/1511/142
f 1482/1506/138 1483/1508/139 1488/1514/144 1487/1513/143
f 1483/1508/139 1484/1510/140 1489/1515/145 1488/1514/144
f 1485/1512/141 1486/1511/142 1491/1516/147 1490/1517/146
f 1486/1511/142 1487/1513/143 1492/1518/148 1491/1516/147
f 1487/1513/143 1488/1514/144 1493/1519/149 1492/1518/148
f 1488/1514/144 1489/1515/145 1494/1520/150 1493/1519/149
f 1490/1517/146 1491/1516/147 1523/1521/179 1518/1522/174
f 1491/1516/147 1492/1518/148 1528/1523/184 1523/1521/179
f 1492/1518/148 1493/1519/149 1533/1524/189 1528/1523/184
f 1493/1519/149 1494/1520/150 1495/1525/151 1533/1524/189
f 1474/1526/130 1496/1527/152 1501/1528/157 1500/1529/156
f 1496/1527/152 1497/1530/153 1502/1531/158 1501/1528/157
f 1497/1530/153 1498/1532/154 1503/1533/159 1502/1531/158
f 1498/1532/154 1499/1534/155 1504/1535/160 1503/1533/159
f 1500/1529/156 1501/1528/157 1506/1536/162 1505/1537/161
f 1501/1528/157 1502/1531/158 1507/1538/163 1506/1536/162
f 1502/1531/158 1503/1533/159 1508/1539/164 1507/1538/163
f 1503/1533/159 1504/1535/160 1509/1540/165 1508/1539/164
f 1505/1537/161 1506/1536/162 1511/1541/167 1510/1542/166
f 1506/1536/162 1507/1538/163 1512/1543/168 1511/1541/167
f 1507/1538/163 1508/1539/164 1513/1544/169 1512/1543/168
f 1508/1539/164 1509/1540/165 1514/1545/170 1513/1544/169
f 1510/1542/166 1511/1541/167 1484/1510/140 1479/1509/135
f 1511/1541/167 1512/1543/168 1489/1515/145 1484/1510/140
f 1512/1543/168 1513/1544/169 1494/1520/150 1489/1515/145
f 1513/1544/169 1514/1545/170 1495/1525/151 1494/1520/150
f 1475/1546/131 1515/1547/171 1520/1548/176 1519/1549/175
f 1515/1547/171 1516/1550/172 1521/1551/177 1520/1548/176
f 1516/1550/172 1517/1552/173 1522/1553/178 1521/1551/177
f 1517/1552/173 1518/1554/174 1523/1555/179 1522/1553/178
f 1519/1549/175 1520/1548/176 1525/1556/181 1524/1557/180
f 1520/1548/176 1521/1551/177 1526/1558/182 1525/1556/181
f 1521/1551/177 1522/1553/178 1527/1559/183 1526/1558/182
f 1522/1553/178 1523/1555/179 1528/1560/184 1527/1559/183
f 1524/1557/180 1525/1556/181 1530/1561/186 1529/1562/185
f 1525/1556/181 1526/1558/182 1531/1563/187 1530/1561/186
f 1526/1558/182 1527/1559/183 1532/1564/188 1531/1563/187
f 1527/1559/183 1528/1560/184 1533/1565/189 1532/1564/188
f 1529/1562/185 1530/1561/186 1504/1566/160 1499/1567/155
f 1530/1561/186 1531/1563/187 1509/1568/165 1504/1566/160
f 1531/1563/187 1532/1564/188 1514/1569/170 1509/1568/165
f 1532/1564/188 1533/1565/189 1495/1570/151 1514/1569/170
f 1534/1571/190 1537/1572/193 1542/1573/198 1541/1574/197
f 1537/1572/193 1538/1575/194 1543/1576/199 1542/1573/198
f 1538/1575/194 1539/1577/195 1544/1578/200 1543/1576/199
f 1539/1577/195 1540/1579/196 1545/1580/201 1544/1578/200
f 1541/1574/197 1542/1573/198 1547/1581/203 1546/1582/202
f 1542/1573/198 1543/1576/199 1548/1583/204 1547/1581/203
f 1543/1576/199 1544/1578/200 1549/1584/205 1548/1583/204
f 1544/1578/200 1545/1580/201 1550/1585/206 1549/1584/205
f 1546/1582/202 1547/1581/203 1552/1586/208 1551/1587/207
f 1547/1581/203 1548/1583/204 1553/1588/209 1552/1586/208
f 1548/1583/204 1549/1584/205 1554/1589/210 1553/1588/209
f 1549/1584/205 1550/1585/206 1555/1590/211 1554/1589/210
f 1551/1587/207 1552/1586/208 1584/1591/240 1579/1592/235
f 1552/1586/208 1553/1588/209 1589/1593/245 1584/1591/240
f 1553/1588/209 1554/1589/210 1594/1594/250 1589/1593/245
f 1554/1589/210 1555/1590/211 1556/1595/212 1594/1594/250
f 1535/1596/191 1557/1597/213 1562/1598/218 1561/1599/217
f 1557/1597/213 1558/1600/214 1563/1601/219 1562/1598/218
f 1558/1600/214 1559/1602/215 1564/1603/220 1563/1601/219
f 1559/1602/215 1560/1604/216 1565/1605/221 1564/1603/220
f 1561/1599/217 1562/1598/218 1567/1606/223 1566/1607/222
f 1562/1598/218 1563/1601/219 1568/1608/224 1567/1606/223
f 1563/1601/219 1564/1603/220 1569/1609/225 1568/1608/224
f 1564/1603/220 1565/1605/221 1570/1610/226 1569/1609/225
f 1566/1607/222 1567/1606/223 1572/1611/228 1571/1612/227
f 1567/1606/223 1568/1608/224 1573/1613/229 1572/1611/228
f 1568/1608/224 1569/1609/225 1574/1614/230 1573/1613/229
f 1569/1609/225 1570/1610/226 1575/1615/231 1574/1614/230
f 1571/1612/227 1572/1611/228 1545/1616/201 1540/1617/196
f 1572/1611/228 1573/1613/229 1550/1618/206 1545/1616/201
f 1573/1613/229 1574/1614/230 1555/1619/211 1550/1618/206
f 1574/1614/230 1575/1615/231 1556/1620/212 1555/1619/211
f 1536/1621/192 1576/1622/232 1581/1623/237 1580/1624/236
f 1576/1622/232 1577/1625/233 1582/1626/238 1581/1623/237
f 1577/1625/233 1578/1627/234 1583/1628/239 1582/1626/238
f 1578/1627/234 1579/1629/235 1584/1630/240 1583/1628/239
f 1580/1624/236 1581/1623/237 1586/1631/242 1585/1632/241
f 1581/1623/237 1582/1626/238 1587/1633/243 1586/1631/242
f 1582/1626/238 1583/1628/239 1588/1634/244 1587/1633/243
f 1583/1628/239 1584/1630/240 1589/1635/245 1588/1634/244
f 1585/1632/241 1586/1631/242 1591/1636/247 1590/1637/246
f 1586/1631/242 1587/1633/243 1592/1638/248 1591/1636/247
f 1587/1633/243 1588/1634/244 1593/1639/249 1592/1638/248
f 1588/1634/244 1589/1635/245 1594/1640/250 1593/1639/249
f 1590/1637/246 1591/1636/247 1565/1605/221 1560/1604/216
f 1591/1636/247 1592/1638/248 1570/1610/226 1565/1605/221
f 1592/1638/248 1593/1639/249 1575/1615/231 1570/1610/226
f 1593/1639/249 1594/1640/250 1556/1620/212 1575/1615/231
f 1595/1641/251 1598/1642/254 1603/1643/259 1602/1644/258
f 1598/1642/254 1599/1645/255 1604/1646/260 1603/1643/259
f 1599/1645/255 1600/1647/256 1605/1648/261 1604/1646/260
f 1600/1647/256 1601/1649/257 1606/1650/262 1605/1648/261
f 1602/1644/258 1603/1643/259 1608/1651/264 1607/1652/263
f 1603/1643/259 1604/1646/260 1609/1653/265 1608/1651/264
f 1604/1646/260 1605/1648/261 1610/1654/266 1609/1653/265
f 1605/1648/261 1606/1650/262 1611/1655/267 1610/1654/266
f 1607/1652/263 1608/1651/264 1613/1656/269 1612/1657/268
f 1608/1651/264 1609/1653/265 1614/1658/270 1613/1656/269
f 1609/1653/265 1610/1654/266 1615/1659/271 1614/1658/270
f 1610/1654/266 1611/1655/267 1616/1660/272 1615/1659/271
f 1612/1657/268 1613/1656/269 1645/1661/301 1640/1662/296
f 1613/1656/269 1614/1658/270 1650/1663/306 1645/1661/301
f 1614/1658/270 1615/1659/271 1655/1664/311 1650/1663/306
f 1615/1659/271 1616/1660/272 1617/1665/273 1655/1664/311
f 1596/1666/252 1618/1667/274 1623/1668/279 1622/1669/278
f 1618/1667/274 1619/1670/275 1624/1671/280 1623/1668/279
f 1619/1670/275 1620/1672/276 1625/1673/281 1624/1671/280
f 1620/1672/276 1621/1674/277 1626/1675/282 1625/1673/281
f 1622/1669/278 1623/1668/279 1628/1676/284 1627/1677/283
f 1623/1668/279 1624/1671/280 1629/1678/285 1628/1676/284
f 1624/1671/280 1625/1673/281 1630/1679/286 1629/1678/285
f 1625/1673/281 1626/1675/282 1631/1680/287 1630/1679/286
f 1627/1677/283 1628/1676/284 1633/1681/289 1632/1682/288
f 1628/1676/284 1629/1678/285 1634/1683/290 1633/1681/289
f 1629/1678/285 1630/1679/286 1635/1684/291 1634/1683/290
f 1630/1679/286 1631/1680/287 1636/1685/292 1635/1684/291
f 1632/1682/288 1633/1681/289 1606/1650/262 1601/1649/257
f 1633/1681/289 1634/1683/290 1611/1655/267 1606/1650/262
f 1634/1683/290 1635/1684/291 1616/1660/272 1611/1655/267
f 1635/1684/291 1636/1685/292 1617/1665/273 1616/1660/272
f 1597/1686/253 1637/1687/293 1642/1688/298 1641/1689/297
f 1637/1687/293 1638/1690/294 1643/1691/299 1642/1688/298
f 1638/1690/294 1639/1692/295 1644/1693/300 1643/1691/299
f 1639/1692/295 1640/1662/296 1645/1661/301 1644/1693/300
f 1641/1689/297 1642/1688/298 1647/1694/303 1646/1695/302
f 1642/1688/298 1643/1691/299 1648/1696/304 1647/1694/303
f 1643/1691/299 1644/1693/300 1649/1697/305 1648/1696/304
f 1644/1693/300 1645/1661/301 1650/1663/306 1649/1697/305
f 1646/1695/302 1647/1694/303 1652/1698/308 1651/1699/307
f 1647/1694/303 1648/1696/304 1653/1700/309 1652/1698/308
f 1648/1696/304 1649/1697/305 1654/1701/310 1653/1700/309
f 1649/1697/305 1650/1663/306 1655/1664/311 1654/1701/310
f 1651/1699/307 1652/1698/308 1626/1675/282 1621/1674/277
f 1652/1698/308 1653/1700/309 1631/1680/287 1626/1675/282
f 1653/1700/309 1654/1701/310 1636/1685/292 1631/1680/287
f 1654/1701/310 1655/1664/311 1617/1665/273 1636/1685/292
f 1656/1702/312 1659/1703/315 1664/1704/320 1663/1705/319
f 1659/1703/315 1660/1706/316 1665/1707/321 1664/1704/320
f 1660/1706/316 1661/1708/317 1666/1709/322 1665/1707/321
f 1661/1708/317 1662/1710/318 1667/1711/323 1666/1709/322
f 1663/1705/319 1664/1704/320 1669/1712/325 1668/1713/324
f 1664/1704/320 1665/1707/321 1670/1714/326 1669/1712/325
f 1665/1707/321 1666/1709/322 1671/1715/327 1670/1714/326
f 1666/1709/322 1667/1711/323 1672/1716/328 1671/1715/327
f 1668/1713/324 1669/1712/325 1674/1717/330 1673/1718/329
f 1669/1712/325 1670/1714/326 1675/1719/331 1674/1717/330
f 1670/1714/326 1671/1715/327 1676/1720/332 1675/1719/331
f 1671/1715/327 1672/1716/328 1677/1721/333 1676/1720/332
f 1673/1718/329 1674/1717/330 1706/1722/362 1701/1723/357
f 1674/1717/330 1675/1719/331 1711/1724/367 1706/1722/362
f 1675/1719/331 1676/1720/332 1716/1725/372 1711/1724/367
f 1676/1720/332 1677/1721/333 1678/1726/334 1716/1725/372
f 1657/1727/313 1679/1728/335 1684/1729/340 1683/1730/339
f 1679/1728/335 1680/1731/336 1685/1732/341 1684/1729/340
f 1680/1731/336 1681/1733/337 1686/1734/342 1685/1732/341
f 1681/1733/337 1682/1735/338 1687/1736/343 1686/1734/342
f 1683/1730/339 1684/1729/340 1689/1737/345 1688/1738/344
f 1684/1729/340 1685/1732/341 1690/1739/346 1689/1737/345
f 1685/1732/341 1686/1734/342 1691/1740/347 1690/1739/346
f 1686/1734/342 1687/1736/343 1692/1741/348 1691/1740/347
f 1688/1738/344 1689/1737/345 1694/1742/350 1693/1743/349
f 1689/1737/345 1690/1739/346 1695/1744/351 1694/1742/350
f 1690/1739/346 1691/1740/347 1696/1745/352 1695/1744/351
f 1691/1740/347 1692/1741/348 1697/1746/353 1696/1745/352
f 1693/1743/349 1694/1742/350 1667/1711/323 1662/1710/318
f 1694/1742/350 1695/1744/351 1672/1716/328 1667/1711/323
f 1695/1744/351 1696/1745/352 1677/1721/333 1672/1716/328
f 1696/1745/352 1697/1746/353 1678/1726/334 1677/1721/333
f 1658/1747/314 1698/1748/354 1703/1749/359 1702/1750/358
f 1698/1748/354 1699/1751/355 1704/1752/360 1703/1749/359
f 1699/1751/355 1700/1753/356 1705/1754/361 1704/1752/360
f 1700/1753/356 1701/1723/357 1706/1722/362 1705/1754/361
f 1702/1750/358 1703/1749/359 1708/1755/364 1707/1756/363
f 1703/1749/359 1704/1752/360 1709/1757/365 1708/1755/364
f 1704/1752/360 1705/1754/361 1710/1758/366 1709/1757/365
f 1705/1754/361 1706/1722/362 1711/1724/367 1710/1758/366
f 1707/1756/363 1708/1755/364 1713/1759/369 1712/1760/368
f 1708/1755/364 1709/1757/365 1714/1761/370 1713/1759/369
f 1709/1757/365 1710/1758/366 1715/1762/371 1714/1761/370
f 1710/1758/366 1711/1724/367 1716/1725/372 1715/1762/371
f 1712/1760/368 1713/1759/369 1687/1736/343 1682/1735/338
f 1713/1759/369 1714/1761/370 1692/1741/348 1687/1736/343
f 1714/1761/370 1715/1762/371 1697/1746/353 1692/1741/348
f 1715/1762/371 1716/1725/372 1678/1726/334 1697/1746/353
f 1717/1763/373 1720/1764/376 1725/1765/381 1724/1766/380
f 1720/1764/376 1721/1767/377 1726/1768/382 1725/1765/381
f 1721/1767/377 1722/1769/378 1727/1770/383 1726/1768/382
f 1722/1769/378 1723/1771/379 1728/1772/384 1727/1770/383
f 1724/1766/380 1725/1765/381 1730/1773/386 1729/1774/385
f 1725/1765/381 1726/1768/382 1731/1775/387 1730/1773/386
f 1726/1768/382 1727/1770/383 1732/1776/388 1731/1775/387
f 1727/1770/383 1728/1772/384 1733/1777/389 1732/1776/388
f 1729/1774/385 1730/1773/386 1735/1778/391 1734/1779/390
f 1730/1773/386 1731/1775/387 1736/1780/392 1735/1778/391
f 1731/1775/387 1732/1776/388 1737/1781/393 1736/1780/392
f 1732/1776/388 1733/1777/389 1738/1782/394 1737/1781/393
f 1734/1779/390 1735/1778/391 1767/1783/423 1762/1784/418
f 1735/1778/391 1736/1780/392 1772/1785/428 1767/1783/423
f 1736/1780/392 1737/1781/393 1777/1786/433 1772/1785/428
f 1737/1781/393 1738/1782/394 1739/1787/395 1777/1786/433
f 1718/1788/374 1740/1789/396 1745/1790/401 1744/1791/400
f 1740/1789/396 1741/1792/397 1746/1793/402 1745/1790/401
f 1741/1792/397 1742/1794/398 1747/1795/403 1746/1793/402
f 1742/1794/398 1743/1796/399 1748/1797/404 1747/1795/403
f 1744/1791/400 1745/1790/401 1750/1798/406 1749/1799/405
f 1745/1790/401 1746/1793/402 1751/1800/407 1750/1798/406
f 1746/1793/402 1747/1795/403 1752/1801/408 1751/1800/407
f 1747/1795/403 1748/1797/404 1753/1802/409 1752/1801/408
f 1749/1799/405 1750/1798/406 1755/1803/411 1754/1804/410
f 1750/1798/406 1751/1800/407 1756/1805/412 1755/1803/411
f 1751/1800/407 1752/1801/408 1757/1806/413 1756/1805/412
f 1752/1801/408 1753/1802/409 1758/1807/414 1757/1806/413
f 1754/1804/410 1755/1803/411 1728/1772/384 1723/1771/379
f 1755/1803/411 1756/1805/412 1733/1777/389 1728/1772/384
f 1756/1805/412 1757/1806/413 1738/1782/394 1733/1777/389
f 1757/1806/413 1758/1807/414 1739/1787/395 1738/1782/394
f 1719/1808/375 1759/1809/415 1764/1810/420 1763/1811/419
f 1759/1809/415 1760/1812/416 1765/1813/421 1764/1810/420
f 1760/1812/416 1761/1814/417 1766/1815/422 1765/1813/421
f 1761/1814/417 1762/1784/418 1767/1783/423 1766/1815/422
f 1763/1811/419 1764/1810/420 1769/1816/425 1768/1817/424
f 1764/1810/420 1765/1813/421 1770/1818/426 1769/1816/425
f 1765/1813/421 1766/1815/422 1771/1819/427 1770/1818/426
f 1766/1815/422 1767/1783/423 1772/1785/428 1771/1819/427
f 1768/1817/424 1769/1816/425 1774/1820/430 1773/1821/429
f 1769/1816/425 1770/1818/426 1775/1822/431 1774/1820/430
f 1770/1818/426 1771/1819/427 1776/1823/432 1775/1822/431
f 1771/1819/427 1772/1785/428 1777/1786/433 1776/1823/432
f 1773/1821/429 1774/1820/430 1748/1797/404 1743/1796/399
f 1774/1820/430 1775/1822/431 1753/1802/409 1748/1797/404
f 1775/1822/431 1776/1823/432 1758/1807/414 1753/1802/409
f 1776/1823/432 1777/1786/433 1739/1787/395 1758/1807/414
f 1778/1824/434 1781/1825/437 1786/1826/442 1785/1827/441
f 1781/1825/437 1782/1828/438 1787/1829/443 1786/1826/442
f 1782/1828/438 1783/1830/439 1788/1831/444 1787/1829/443
f 1783/1830/439 1784/1832/440 1789/1833/445 1788/1831/444
f 1785/1827/441 1786/1826/442 1791/1834/447 1790/1835/446
f 1786/1826/442 1787/1829/443 1792/1836/448 1791/1834/447
f 1787/1829/443 1788/1831/444 1793/1837/449 1792/1836/448
f 1788/1831/444 1789/1833/445 1794/1838/450 1793/1837/449
f 1790/1835/446 1791/1834/447 1796/1839/452 1795/1840/451
f 1791/1834/447 1792/1836/448 1797/1841/453 1796/1839/452
f 1792/1836/448 1793/1837/449 1798/1842/454 1797/1841/453
f 1793/1837/449 1794/1838/450 1799/1843/455 1798/1842/454
f 1795/1840/451 1796/1839/452 1828/1844/484 1823/1845/479
f 1796/1839/452 1797/1841/453 1833/1846/489 1828/1844/484
f 1797/1841/453 1798/1842/454 1838/1847/494 1833/1846/489
f 1798/1842/454 1799/1843/455 1800/1848/456 1838/1847/494
f 1779/1849/435 1801/1850/457 1806/1851/462 1805/1852/461
f 1801/1850/457 1802/1853/458 1807/1854/463 1806/1851/462
f 1802/1853/458 1803/1855/459 1808/1856/464 1807/1854/463
f 1803/1855/459 1804/1857/460 1809/1858/465 1808/1856/464
f 1805/1852/461 1806/1851/462 1811/1859/467 1810/1860/466
f 1806/1851/462 1807/1854/463 1812/1861/468 1811/1859/467
f 1807/1854/463 1808/1856/464 1813/1862/469 1812/1861/468
f 1808/1856/464 1809/1858/465 1814/1863/470 1813/1862/469
f 1810/1860/466 1811/1859/467 1816/1864/472 1815/1865/471
f 1811/1859/467 1812/1861/468 1817/1866/473 1816/1864/472
f 1812/1861/468 1813/1862/469 1818/1867/474 1817/1866/473
f 1813/1862/469 1814/1863/470 1819/1868/475 1818/1867/474
f 1815/1865/471 1816/1864/472 1789/1833/445 1784/1832/440
f 1816/1864/472 1817/1866/473 1794/1838/450 1789/1833/445
f 1817/1866/473 1818/1867/474 1799/1843/455 1794/1838/450
f 1818/1867/474 1819/1868/475 1800/1848/456 1799/1843/455
f 1780/1869/436 1820/1870/476 1825/1871/481 1824/1872/480
f 1820/1870/476 1821/1873/477 1826/1874/482 1825/1871/481
f 1821/1873/477 1822/1875/478 1827/1876/483 1826/1874/482
f 1822/1875/478 1823/1845/479 1828/1844/484 1827/1876/483
f 1824/1872/480 1825/1871/481 1830/1877/486 1829/1878/485
f 1825/1871/481 1826/1874/482 1831/1879/487 1830/1877/486
f 1826/1874/482 1827/1876/483 1832/1880/488 1831/1879/487
f 1827/1876/483 1828/1844/484 1833/1846/489 1832/1880/488
f 1829/1878/485 1830/1877/486 1835/1881/491 1834/1882/490
f 1830/1877/486 1831/1879/487 1836/1883/492 1835/1881/491
f 1831/1879/487 1832/1880/488 1837/1884/493 1836/1883/492
f 1832/1880/488 1833/1846/489 1838/1847/494 1837/1884/493
f 1834/1882/490 1835/1881/491 1809/1858/465 1804/1857/460
f 1835/1881/491 1836/1883/492 1814/1863/470 1809/1858/465
f 1836/1883/492 1837/1884/493 1819/1868/475 1814/1863/470
f 1837/1884/493 1838/1847/494 1800/1848/456 1819/1868/475
f 2596/1885/495 1351/1351/7 1358/1354/14 2603/1886/497
f 2603/1886/497 1358/1354/14 1363/1362/19 2602/1887/498
f 2602/1887/498 1363/1362/19 1368/1367/24 2601/1888/499
f 2601/1888/499 1368/1367/24 1396/1372/52 2600/1889/500
f 2600/1890/500 1396/1409/52 1395/1407/51 2599/1891/501
f 2599/1891/501 1395/1407/51 1394/1405/50 2598/1892/502
f 2598/1892/502 1394/1405/50 1393/1402/49 2597/1893/503
f 2597/1893/503 1393/1402/49 1353/1401/9 2595/1894/496
f 2605/1895/504 1413/1451/69 1439/1454/95 2612/1896/506
f 2612/1896/506 1439/1454/95 1444/1462/100 2611/1897/507
f 2611/1897/507 1444/1462/100 1449/1467/105 2610/1898/508
f 2610/1898/508 1449/1467/105 1418/1472/74 2609/1899/509
f 2609/1900/509 1418/1434/74 1417/1432/73 2608/1901/510
f 2608/1901/510 1417/1432/73 1416/1430/72 2607/1902/511
f 2607/1902/511 1416/1430/72 1415/1427/71 2606/1903/512
f 2606/1903/512 1415/1427/71 1412/1426/68 2604/1904/505
f 2614/1905/513 1534/1571/190 1541/1574/197 2621/1906/515
f 2621/1906/515 1541/1574/197 1546/1582/202 2620/1907/516
f 2620/1907/516 1546/1582/202 1551/1587/207 2619/1908/517
f 2619/1908/517 1551/1587/207 1579/1592/235 2618/1909/518
f 2618/1910/518 1579/1629/235 1578/1627/234 2617/1911/519
f 2617/1911/519 1578/1627/234 1577/1625/233 2616/1912/520
f 2616/1912/520 1577/1625/233 1576/1622/232 2615/1913/521
f 2615/1913/521 1576/1622/232 1536/1621/192 2613/1914/514
f 2623/1915/522 1474/1526/130 1500/1529/156 2630/1916/524
f 2630/1916/524 1500/1529/156 1505/1537/161 2629/1917/525
f 2629/1917/525 1505/1537/161 1510/1542/166 2628/1918/526
f 2628/1918/526 1510/1542/166 1479/1509/135 2627/1919/527
f 2627/1919/527 1479/1509/135 1478/1507/134 2626/1920/528
f 2626/1920/528 1478/1507/134 1477/1505/133 2625/1921/529
f 2625/1921/529 1477/1505/133 1476/1502/132 2624/1922/530
f 2624/1922/530 1476/1502/132 1473/1501/129 2622/1923/523
f 2632/1924/531 1475/1546/131 1519/1549/175 2639/1925/533
f 2639/1925/533 1519/1549/175 1524/1557/180 2638/1926/534
f 2638/1926/534 1524/1557/180 1529/1562/185 2637/1927/535
f 2637/1927/535 1529/1562/185 1499/1567/155 2636/1928/536
f 2636/1929/536 1499/1534/155 1498/1532/154 2635/1930/537
f 2635/1930/537 1498/1532/154 1497/1530/153 2634/1931/538
f 2634/1931/538 1497/1530/153 1496/1527/152 2633/1932/539
f 2633/1932/539 1496/1527/152 1474/1526/130 2631/1933/532
f 2641/1934/540 1778/1824/434 1785/1827/441 2648/1935/542
f 2648/1935/542 1785/1827/441 1790/1835/446 2647/1936/543
f 2647/1936/543 1790/1835/446 1795/1840/451 2646/1937/544
f 2646/1937/544 1795/1840/451 1823/1845/479 2645/1938/545
f 2645/1939/545 1823/1845/479 1822/1875/478 2644/1940/546
f 2644/1940/546 1822/1875/478 1821/1873/477 2643/1941/547
f 2643/1941/547 1821/1873/477 1820/1870/476 2642/1942/548
f 2642/1942/548 1820/1870/476 1780/1869/436 2640/1943/541
f 2650/1944/549 1718/1788/374 1744/1791/400 2657/1945/551
f 2657/1945/551 1744/1791/400 1749/1799/405 2656/1946/552
f 2656/1946/552 1749/1799/405 1754/1804/410 2655/1947/553
f 2655/1947/553 1754/1804/410 1723/1771/379 2654/1948/554
f 2654/1948/554 1723/1771/379 1722/1769/378 2653/1949/555
f 2653/1949/555 1722/1769/378 1721/1767/377 2652/1950/556
f 2652/1950/556 1721/1767/377 1720/1764/376 2651/1951/557
f 2651/1951/557 1720/1764/376 1717/1763/373 2649/1952/550
f 2659/1953/558 1719/1808/375 1763/1811/419 2666/1954/560
f 2666/1954/560 1763/1811/419 1768/1817/424 2665/1955/561
f 2665/1955/561 1768/1817/424 1773/1821/429 2664/1956/562
f 2664/1956/562 1773/1821/429 1743/1796/399 2663/1957/563
f 2663/1957/563 1743/1796/399 1742/1794/398 2662/1958/564
f 2662/1958/564 1742/1794/398 1741/1792/397 2661/1959/565
f 2661/1959/565 1741/1792/397 1740/1789/396 2660/1960/566
f 2660/1960/566 1740/1789/396 1718/1788/374 2658/1961/559
f 2668/1962/567 1656/1702/312 1663/1705/319 2675/1963/569
f 2675/1963/569 1663/1705/319 1668/1713/324 2674/1964/570
f 2674/1964/570 1668/1713/324 1673/1718/329 2673/1965/571
f 2673/1965/571 1673/1718/329 1701/1723/357 2672/1966/572
f 2672/1966/572 1701/1723/357 1700/1753/356 2671/1967/573
f 2671/1967/573 1700/1753/356 1699/1751/355 2670/1968/574
f 2670/1968/574 1699/1751/355 1698/1748/354 2669/1969/575
f 2669/1969/575 1698/1748/354 1658/1747/314 2667/1970/568
f 2677/1971/576 1596/1666/252 1622/1669/278 2684/1972/578
f 2684/1972/578 1622/1669/278 1627/1677/283 2683/1973/579
f 2683/1973/579 1627/1677/283 1632/1682/288 2682/1974/580
f 2682/1974/580 1632/1682/288 1601/1649/257 2681/1975/581
f 2681/1975/581 1601/1649/257 1600/1647/256 2680/1976/582
f 2680/1976/582 1600/1647/256 1599/1645/255 2679/1977/583
f 2679/1977/583 1599/1645/255 1598/1642/254 2678/1978/584
f 2678/1978/584 1598/1642/254 1595/1641/251 2676/1979/577
f 2686/1980/585 1597/1686/253 1641/1689/297 2693/1981/587
f 2693/1981/587 1641/1689/297 1646/1695/302 2692/1982/588
f 2692/1982/588 1646/1695/302 1651/1699/307 2691/1983/589
f 2691/1983/589 1651/1699/307 1621/1674/277 2690/1984/590
f 2690/1985/590 1621/1674/277 1620/1672/276 2689/1986/591
f 2689/1986/591 1620/1672/276 1619/1670/275 2688/1987/592
f 2688/1987/592 1619/1670/275 1618/1667/274 2687/1988/593
f 2687/1988/593 1618/1667/274 1596/1666/252 2685/1989/586
f 2695/1990/594 1414/1476/70 1458/1479/114 2702/1991/596
f 2702/1991/596 1458/1479/114 1463/1487/119 2701/1992/597
f 2701/1992/597 1463/1487/119 1468/1492/124 2700/1993/598
f 2700/1993/598 1468/1492/124 1438/1497/94 2699/1994/599
f 2699/1995/599 1438/1459/94 1437/1457/93 2698/1996/600
f 2698/1996/600 1437/1457/93 1436/1455/92 2697/1997/601
f 2697/1997/601 1436/1455/92 1435/1452/91 2696/1998/602
f 2696/1998/602 1435/1452/91 1413/1451/69 2694/1999/595
f 2704/2000/495 1839/2001/495 1841/2002/497 2711/2003/497
f 2711/2003/497 1841/2002/497 1842/2004/498 2710/2005/498
f 2710/2005/498 1842/2004/498 1843/2006/499 2709/2007/499
f 2709/2007/499 1843/2006/499 1844/2008/500 2708/2009/500
f 2708/2010/500 1844/2011/500 1845/2012/501 2707/2013/501
f 2707/2013/501 1845/2012/501 1846/2014/502 2706/2015/502
f 2706/2015/502 1846/2014/502 1847/2016/503 2705/2017/503
f 2705/2017/503 1847/2016/503 1840/2018/496 2703/2019/496
f 2713/2020/504 1848/2021/504 1850/2022/506 2720/2023/506
f 2720/2023/506 1850/2022/506 1851/2024/507 2719/2025/507
f 2719/2025/507 1851/2024/507 1852/2026/508 2718/2027/508
f 2718/2027/508 1852/2026/508 1853/2028/509 2717/2029/509
f 2717/2030/509 1853/2031/509 1854/2032/510 2716/2033/510
f 2716/2033/510 1854/2032/510 1855/2034/511 2715/2035/511
f 2715/2035/511 1855/2034/511 1856/2036/512 2714/2037/512
f 2714/2037/512 1856/2036/512 1849/2038/505 2712/2039/505
f 2722/2040/513 1857/2041/513 1859/2042/515 2729/2043/515
f 2729/2043/515 1859/2042/515 1860/2044/516 2728/2045/516
f 2728/2045/516 1860/2044/516 1861/2046/517 2727/2047/517
f 2727/2047/517 1861/2046/517 1862/2048/518 2726/2049/518
f 2726/2050/518 1862/2051/518 1863/2052/519 2725/2053/519
f 2725/2053/519 1863/2052/519 1864/2054/520 2724/2055/520
f 2724/2055/520 1864/2054/520 1865/2056/521 2723/2057/521
f 2723/2057/521 1865/2056/521 1858/2058/514 2721/2059/514
f 2731/2060/522 1866/2061/522 1868/2062/524 2738/2063/524
f 2738/2063/524 1868/2062/524 1869/2064/525 2737/2065/525
f 2737/2065/525 1869/2064/525 1870/2066/526 2736/2067/526
f 2736/2067/526 1870/2066/526 1871/2068/527 2735/2069/527
f 2735/2069/527 1871/2068/527 1872/2070/528 2734/2071/528
f 2734/2071/528 1872/2070/528 1873/2072/529 2733/2073/529
f 2733/2073/529 1873/2072/529 1874/2074/530 2732/2075/530
f 2732/2075/530 1874/2074/530 1867/2076/523 2730/2077/523
f 2740/2078/531 1875/2079/531 1877/2080/533 2747/2081/533
f 2747/2081/533 1877/2080/533 1878/2082/534 2746/2083/534
f 2746/2083/534 1878/2082/534 1879/2084/535 2745/2085/535
f 2745/2085/535 1879/2084/535 1880/2086/536 2744/2087/536
f 2744/2088/536 1880/2089/536 1881/2090/537 2743/2091/537
f 2743/2091/537 1881/2090/537 1882/2092/538 2742/2093/538
f 2742/2093/538 1882/2092/538 1883/2094/539 2741/2095/539
f 2741/2095/539 1883/2094/539 1876/2096/532 2739/2097/532
f 2749/2098/540 1884/2099/540 1886/2100/542 2756/2101/542
f 2756/2101/542 1886/2100/542 1887/2102/543 2755/2103/543
f 2755/2103/543 1887/2102/543 1888/2104/544 2754/2105/544
f 2754/2105/544 1888/2104/544 1889/2106/545 2753/2107/545
f 2753/2108/545 1889/2109/545 1890/2110/546 2752/2111/546
f 2752/2111/546 1890/2110/546 1891/2112/547 2751/2113/547
f 2751/2113/547 1891/2112/547 1892/2114/548 2750/2115/548
f 2750/2115/548 1892/2114/548 1885/2116/541 2748/2117/541
f 2758/2118/549 1893/2119/549 1895/2120/551 2765/2121/551
f 2765/2121/551 1895/2120/551 1896/2122/552 2764/2123/552
f 2764/2123/552 1896/2122/552 1897/2124/553 2763/2125/553
f 2763/2125/553 1897/2124/553 1898/2126/554 2762/2127/554
f 2762/2127/554 1898/2126/554 1899/2128/555 2761/2129/555
f 2761/2129/555 1899/2128/555 1900/2130/556 2760/2131/556
f 2760/2131/556 1900/2130/556 1901/2132/557 2759/2133/557
f 2759/2133/557 1901/2132/557 1894/2134/550 2757/2135/550
f 2767/2136/558 1902/2137/558 1904/2138/560 2774/2139/560
f 2774/2139/560 1904/2138/560 1905/2140/561 2773/2141/561
f 2773/2141/561 1905/2140/561 1906/2142/562 2772/2143/562
f 2772/2143/562 1906/2142/562 1907/2144/563 2771/2145/563
f 2771/2145/563 1907/2144/563 1908/2146/564 2770/2147/564
f 2770/2147/564 1908/2146/564 1909/2148/565 2769/2149/565
f 2769/2149/565 1909/2148/565 1910/2150/566 2768/2151/566
f 2768/2151/566 1910/2150/566 1903/2152/559 2766/2153/559
f 2776/2154/567 1911/2155/567 1913/2156/569 2783/2157/569
f 2783/2157/569 1913/2156/569 1914/2158/570 2782/2159/570
f 2782/2159/570 1914/2158/570 1915/2160/571 2781/2161/571
f 2781/2161/571 1915/2160/571 1916/2162/572 2780/2163/572
f 2780/2163/572 1916/2162/572 1917/2164/573 2779/2165/573
f 2779/2165/573 1917/2164/573 1918/2166/574 2778/2167/574
f 2778/2167/574 1918/2166/574 1919/2168/575 2777/2169/575
f 2777/2169/575 1919/2168/575 1912/2170/568 2775/2171/568
f 2785/2172/576 1920/2173/576 1922/2174/578 2792/2175/578
f 2792/2175/578 1922/2174/578 1923/2176/579 2791/2177/579
f 2791/2177/579 1923/2176/579 1924/2178/580 2790/2179/580
f 2790/2179/580 1924/2178/580 1925/2180/581 2789/2181/581
f 2789/2181/581 1925/2180/581 1926/2182/582 2788/2183/582
f 2788/2183/582 1926/2182/582 1927/2184/583 2787/2185/583
f 2787/2185/583 1927/2184/583 1928/2186/584 2786/2187/584
f 2786/2187/584 1928/2186/584 1921/2188/577 2784/2189/577
f 2794/2190/585 1929/2191/585 1931/2192/587 2801/2193/587
f 2801/2193/587 1931/2192/587 1932/2194/588 2800/2195/588
f 2800/2195/588 1932/2194/588 1933/2196/589 2799/2197/589
f 2799/2197/589 1933/2196/589 1934/2198/590 2798/2199/590
f 2798/2200/590 1934/2201/590 1935/2202/591 2797/2203/591
f 2797/2203/591 1935/2202/591 1936/2204/592 2796/2205/592
f 2796/2205/592 1936/2204/592 1937/2206/593 2795/2207/593
f 2795/2207/593 1937/2206/593 1930/2208/586 2793/2209/586
f 2803/2210/594 1938/2211/594 1940/2212/596 2810/2213/596
f 2810/2213/596 1940/2212/596 1941/2214/597 2809/2215/597
f 2809/2215/597 1941/2214/597 1942/2216/598 2808/2217/598
f 2808/2217/598 1942/2216/598 1943/2218/599 2807/2219/599
f 2807/2220/599 1943/2221/599 1944/2222/600 2806/2223/600
f 2806/2223/600 1944/2222/600 1945/2224/601 2805/2225/601
f 2805/2225/601 1945/2224/601 1946/2226/602 2804/2227/602
f 2804/2227/602 1946/2226/602 1939/2228/595 2802/2229/595
f 2812/2230/495 1947/2231/495 1949/2232/497 2819/2233/497
f 2819/2233/497 1949/2232/497 1950/2234/498 2818/2235/498
f 2818/2235/498 1950/2234/498 1951/2236/499 2817/2237/499
f 2817/2237/499 1951/2236/499 1952/2238/500 2816/2239/500
f 2816/2240/500 1952/2241/500 1953/2242/501 2815/2243/501
f 2815/2243/501 1953/2242/501 1954/2244/502 2814/2245/502
f 2814/2245/502 1954/2244/502 1955/2246/503 2813/2247/503
f 2813/2247/503 1955/2246/503 1948/2248/496 2811/2249/496
f 2821/2250/504 1956/2251/504 1958/2252/506 2828/2253/506
f 2828/2253/506 1958/2252/506 1959/2254/507 2827/2255/507
f 2827/2255/507 1959/2254/507 1960/2256/508 2826/2257/508
f 2826/2257/508 1960/2256/508 1961/2258/509 2825/2259/509
f 2825/2260/509 1961/2261/509 1962/2262/510 2824/2263/510
f 2824/2263/510 1962/2262/510 1963/2264/511 2823/2265/511
f 2823/2265/511 1963/2264/511 1964/2266/512 2822/2267/512
f 2822/2267/512 1964/2266/512 1957/2268/505 2820/2269/505
f 2830/2270/513 1965/2271/513 1967/2272/515 2837/2273/515
f 2837/2273/515 1967/2272/515 1968/2274/516 2836/2275/516
f 2836/2275/516 1968/2274/516 1969/2276/517 2835/2277/517
f 2835/2277/517 1969/2276/517 1970/2278/518 2834/2279/518
f 2834/2280/518 1970/2281/518 1971/2282/519 2833/2283/519
f 2833/2283/519 1971/2282/519 1972/2284/520 2832/2285/520
f 2832/2285/520 1972/2284/520 1973/2286/521 2831/2287/521
f 2831/2287/521 1973/2286/521 1966/2288/514 2829/2289/514
f 2839/2290/522 1974/2291/522 1976/2292/524 2846/2293/524
f 2846/2293/524 1976/2292/524 1977/2294/525 2845/2295/525
f 2845/2295/525 1977/2294/525 1978/2296/526 2844/2297/526
f 2844/2297/526 1978/2296/526 1979/2298/527 2843/2299/527
f 2843/2299/527 1979/2298/527 1980/2300/528 2842/2301/528
f 2842/2301/528 1980/2300/528 1981/2302/529 2841/2303/529
f 2841/2303/529 1981/2302/529 1982/2304/530 2840/2305/530
f 2840/2305/530 1982/2304/530 1975/2306/523 2838/2307/523
f 2848/2308/531 1983/2309/531 1985/2310/533 2855/2311/533
f 2855/2311/533 1985/2310/533 1986/2312/534 2854/2313/534
f 2854/2313/534 1986/2312/534 1987/2314/535 2853/2315/535
f 2853/2315/535 1987/2314/535 1988/2316/536 2852/2317/536
f 2852/2318/536 1988/2319/536 1989/2320/537 2851/2321/537
f 2851/2321/537 1989/2320/537 1990/2322/538 2850/2323/538
f 2850/2323/538 1990/2322/538 1991/2324/539 2849/2325/539
f 2849/2325/539 1991/2324/539 1984/2326/532 2847/2327/532
f 2857/2328/540 1992/2329/540 1994/2330/542 2864/2331/542
f 2864/2331/542 1994/2330/542 1995/2332/543 2863/2333/543
f 2863/2333/543 1995/2332/543 1996/2334/544 2862/2335/544
f 2862/2335/544 1996/2334/544 1997/2336/545 2861/2337/545
f 2861/2338/545 1997/2339/545 1998/2340/546 2860/2341/546
f 2860/2341/546 1998/2340/546 1999/2342/547 2859/2343/547
f 2859/2343/547 1999/2342/547 2000/2344/548 2858/2345/548
f 2858/2345/548 2000/2344/548 1993/2346/541 2856/2347/541
f 2866/2348/549 2001/2349/549 2003/2350/551 2873/2351/551
f 2873/2351/551 2003/2350/551 2004/2352/552 2872/2353/552
f 2872/2353/552 2004/2352/552 2005/2354/553 2871/2355/553
f 2871/2355/553 2005/2354/553 2006/2356/554 2870/2357/554
f 2870/2357/554 2006/2356/554 2007/2358/555 2869/2359/555
f 2869/2359/555 2007/2358/555 2008/2360/556 2868/2361/556
f 2868/2361/556 2008/2360/556 2009/2362/557 2867/2363/557
f 2867/2363/557 2009/2362/557 2002/2364/550 2865/2365/550
f 2875/2366/558 2010/2367/558 2012/2368/560 2882/2369/560
f 2882/2369/560 2012/2368/560 2013/2370/561 2881/2371/561
f 2881/2371/561 2013/2370/561 2014/2372/562 2880/2373/562
f 2880/2373/562 2014/2372/562 2015/2374/563 2879/2375/563
f 2879/2375/563 2015/2374/563 2016/2376/564 2878/2377/564
f 2878/2377/564 2016/2376/564 2017/2378/565 2877/2379/565
f 2877/2379/565 2017/2378/565 2018/2380/566 2876/2381/566
f 2876/2381/566 2018/2380/566 2011/2382/559 2874/2383/559
f 2884/2384/567 2019/2385/567 2021/2386/569 2891/2387/569
f 2891/2387/569 2021/2386/569 2022/2388/570 2890/2389/570
f 2890/2389/570 2022/2388/570 2023/2390/571 2889/2391/571
f 2889/2391/571 2023/2390/571 2024/2392/572 2888/2393/572
f 2888/2393/572 2024/2392/572 2025/2394/573 2887/2395/573
f 2887/2395/573 2025/2394/573 2026/2396/574 2886/2397/574
f 2886/2397/574 2026/2396/574 2027/2398/575 2885/2399/575
f 2885/2399/575 2027/2398/575 2020/2400/568 2883/2401/568
f 2893/2402/576 2028/2403/576 2030/2404/578 2900/2405/578
f 2900/2405/578 2030/2404/578 2031/2406/579 2899/2407/579
f 2899/2407/579 2031/2406/579 2032/2408/580 2898/2409/580
f 2898/2409/580 2032/2408/580 2033/2410/581 2897/2411/581
f 2897/2411/581 2033/2410/581 2034/2412/582 2896/2413/582
f 2896/2413/582 2034/2412/582 2035/2414/583 2895/2415/583
f 2895/2415/583 2035/2414/583 2036/2416/584 2894/2417/584
f 2894/2417/584 2036/2416/584 2029/2418/577 2892/2419/577
f 2902/2420/585 2037/2421/585 2039/2422/587 2909/2423/587
f 2909/2423/587 2039/2422/587 2040/2424/588 2908/2425/588
f 2908/2425/588 2040/2424/588 2041/2426/589 2907/2427/589
f 2907/2427/589 2041/2426/589 2042/2428/590 2906/2429/590
f 2906/2430/590 2042/2431/590 2043/2432/591 2905/2433/591
f 2905/2433/591 2043/2432/591 2044/2434/592 2904/2435/592
f 2904/2435/592 2044/2434/592 2045/2436/593 2903/2437/593
f 2903/2437/593 2045/2436/593 2038/2438/586 2901/2439/586
f 2911/2440/594 2046/2441/594 2048/2442/596 2918/2443/596
f 2918/2443/596 2048/2442/596 2049/2444/597 2917/2445/597
f 2917/2445/597 2049/2444/597 2050/2446/598 2916/2447/598
f 2916/2447/598 2050/2446/598 2051/2448/599 2915/2449/599
f 2915/2450/599 2051/2451/599 2052/2452/600 2914/2453/600
f 2914/2453/600 2052/2452/600 2053/2454/601 2913/2455/601
f 2913/2455/601 2053/2454/601 2054/2456/602 2912/2457/602
f 2912/2457/602 2054/2456/602 2047/2458/595 2910/2459/595
f 2920/2460/495 2055/2461/495 2057/2462/497 2927/2463/497
f 2927/2463/497 2057/2462/497 2058/2464/498 2926/2465/498
f 2926/2465/498 2058/2464/498 2059/2466/499 2925/2467/499
f 2925/2467/499 2059/2466/499 2060/2468/500 2924/2469/500
f 2924/2470/500 2060/2471/500 2061/2472/501 2923/2473/501
f 2923/2473/501 2061/2472/501 2062/2474/502 2922/2475/502
f 2922/2475/502 2062/2474/502 2063/2476/503 2921/2477/503
f 2921/2477/503 2063/2476/503 2056/2478/496 2919/2479/496
f 2929/2480/504 2064/2481/504 2066/2482/506 2936/2483/506
f 2936/2483/506 2066/2482/506 2067/2484/507 2935/2485/507
f 2935/2485/507 2067/2484/507 2068/2486/508 2934/2487/508
f 2934/2487/508 2068/2486/508 2069/2488/509 2933/2489/509
f 2933/2490/509 2069/2491/509 2070/2492/510 2932/2493/510
f 2932/2493/510 2070/2492/510 2071/2494/511 2931/2495/511
f 2931/2495/511 2071/2494/511 2072/2496/512 2930/2497/512
f 2930/2497/512 2072/2496/512 2065/2498/505 2928/2499/505
f 2938/2500/513 2073/2501/513 2075/2502/515 2945/2503/515
f 2945/2503/515 2075/2502/515 2076/2504/516 2944/2505/516
f 2944/2505/516 2076/2504/516 2077/2506/517 2943/2507/517
f 2943/2507/517 2077/2506/517 2078/2508/518 2942/2509/518
f 2942/2510/518 2078/2511/518 2079/2512/519 2941/2513/519
f 2941/2513/519 2079/2512/519 2080/2514/520 2940/2515/520
f 2940/2515/520 2080/2514/520 2081/2516/521 2939/2517/521
f 2939/2517/521 2081/2516/521 2074/2518/514 2937/2519/514
f 2947/2520/522 2082/2521/522 2084/2522/524 2954/2523/524
f 2954/2523/524 2084/2522/524 2085/2524/525 2953/2525/525
f 2953/2525/525 2085/2524/525 2086/2526/526 2952/2527/526
f 2952/2527/526 2086/2526/526 2087/2528/527 2951/2529/527
f 2951/2529/527 2087/2528/527 2088/2530/528 2950/2531/528
f 2950/2531/528 2088/2530/528 2089/2532/529 2949/2533/529
f 2949/2533/529 2089/2532/529 2090/2534/530 2948/2535/530
f 2948/2535/530 2090/2534/530 2083/2536/523 2946/2537/523
f 2956/2538/531 2091/2539/531 2093/2540/533 2963/2541/533
f 2963/2541/533 2093/2540/533 2094/2542/534 2962/2543/534
f 2962/2543/534 2094/2542/534 2095/2544/535 2961/2545/535
f 2961/2545/535 2095/2544/535 2096/2546/536 2960/2547/536
f 2960/2548/536 2096/2549/536 2097/2550/537 2959/2551/537
f 2959/2551/537 2097/2550/537 2098/2552/538 2958/2553/538
f 2958/2553/538 2098/2552/538 2099/2554/539 2957/2555/539
f 2957/2555/539 2099/2554/539 2092/2556/532 2955/2557/532
f 2965/2558/540 2100/2559/540 2102/2560/542 2972/2561/542
f 2972/2561/542 2102/2560/542 2103/2562/543 2971/2563/543
f 2971/2563/543 2103/2562/543 2104/2564/544 2970/2565/544
f 2970/2565/544 2104/2564/544 2105/2566/545 2969/2567/545
f 2969/2568/545 2105/2569/545 2106/2570/546 2968/2571/546
f 2968/2571/546 2106/2570/546 2107/2572/547 2967/2573/547
f 2967/2573/547 2107/2572/547 2108/2574/548 2966/2575/548
f 2966/2575/548 2108/2574/548 2101/2576/541 2964/2577/541
f 2974/2578/549 2109/2579/549 2111/2580/551 2981/2581/551
f 2981/2581/551 2111/2580/551 2112/2582/552 2980/2583/552
f 2980/2583/552 2112/2582/552 2113/2584/553 2979/2585/553
f 2979/2585/553 2113/2584/553 2114/2586/554 2978/2587/554
f 2978/2587/554 2114/2586/554 2115/2588/555 2977/2589/555
f 2977/2589/555 2115/2588/555 2116/2590/556 2976/2591/556
f 2976/2591/556 2116/2590/556 2117/2592/557 2975/2593/557
f 2975/2593/557 2117/2592/557 2110/2594/550 2973/2595/550
f 2983/2596/558 2118/2597/558 2120/2598/560 2990/2599/560
f 2990/2599/560 2120/2598/560 2121/2600/561 2989/2601/561
f 2989/2601/561 2121/2600/561 2122/2602/562 2988/2603/562
f 2988/2603/562 2122/2602/562 2123/2604/563 2987/2605/563
f 2987/2605/563 2123/2604/563 2124/2606/564 2986/2607/564
f 2986/2607/564 2124/2606/564 2125/2608/565 2985/2609/565
f 2985/2609/565 2125/2608/565 2126/2610/566 2984/2611/566
f 2984/2611/566 2126/2610/566 2119/2612/559 2982/2613/559
f 2992/2614/567 2127/2615/567 2129/2616/569 2999/2617/569
f 2999/2617/569 2129/2616/569 2130/2618/570 2998/2619/570
f 2998/2619/570 2130/2618/570 2131/2620/571 2997/2621/571
f 2997/2621/571 2131/2620/571 2132/2622/572 2996/2623/572
f 2996/2623/572 2132/2622/572 2133/2624/573 2995/2625/573
f 2995/2625/573 2133/2624/573 2134/2626/574 2994/2627/574
f 2994/2627/574 2134/2626/574 2135/2628/575 2993/2629/575
f 2993/2629/575 2135/2628/575 2128/2630/568 2991/2631/568
f 3001/2632/576 2136/2633/576 2138/2634/578 3008/2635/578
f 3008/2635/578 2138/2634/578 2139/2636/579 3007/2637/579
f 3007/2637/579 2139/2636/579 2140/2638/580 3006/2639/580
f 3006/2639/580 2140/2638/580 2141/2640/581 3005/2641/581
f 3005/2641/581 2141/2640/581 2142/2642/582 3004/2643/582
f 3004/2643/582 2142/2642/582 2143/2644/583 3003/2645/583
f 3003/2645/583 2143/2644/583 2144/2646/584 3002/2647/584
f 3002/2647/584 2144/2646/584 2137/2648/577 3000/2649/577
f 3010/2650/585 2145/2651/585 2147/2652/587 3017/2653/587
f 3017/2653/587 2147/2652/587 2148/2654/588 3016/2655/588
f 3016/2655/588 2148/2654/588 2149/2656/589 3015/2657/589
f 3015/2657/589 2149/2656/589 2150/2658/590 3014/2659/590
f 3014/2660/590 2150/2661/590 2151/2662/591 3013/2663/591
f 3013/2663/591 2151/2662/591 2152/2664/592 3012/2665/592
f 3012/2665/592 2152/2664/592 2153/2666/593 3011/2667/593
f 3011/2667/593 2153/2666/593 2146/2668/586 3009/2669/586
f 3019/2670/594 2154/2671/594 2156/2672/596 3026/2673/596
f 3026/2673/596 2156/2672/596 2157/2674/597 3025/2675/597
f 3025/2675/597 2157/2674/597 2158/2676/598 3024/2677/598
f 3024/2677/598 2158/2676/598 2159/2678/599 3023/2679/599
f 3023/2680/599 2159/2681/599 2160/2682/600 3022/2683/600
f 3022/2683/600 2160/2682/600 2161/2684/601 3021/2685/601
f 3021/2685/601 2161/2684/601 2162/2686/602 3020/2687/602
f 3020/2687/602 2162/2686/602 2155/2688/595 3018/2689/595
f 3028/2690/495 2163/2691/495 2165/2692/497 3035/2693/497
f 3035/2693/497 2165/2692/497 2166/2694/498 3034/2695/498
f 3034/2695/498 2166/2694/498 2167/2696/499 3033/2697/499
f 3033/2697/499 2167/2696/499 2168/2698/500 3032/2699/500
f 3032/2700/500 2168/2701/500 2169/2702/501 3031/2703/501
f 3031/2703/501 2169/2702/501 2170/2704/502 3030/2705/502
f 3030/2705/502 2170/2704/502 2171/2706/503 3029/2707/503
f 3029/2707/503 2171/2706/503 2164/2708/496 3027/2709/496
f 3037/2710/504 2172/2711/504 2174/2712/506 3044/2713/506
f 3044/2713/506 2174/2712/506 2175/2714/507 3043/2715/507
f 3043/2715/507 2175/2714/507 2176/2716/508 3042/2717/508
f 3042/2717/508 2176/2716/508 2177/2718/509 3041/2719/509
f 3041/2720/509 2177/2721/509 2178/2722/510 3040/2723/510
f 3040/2723/510 2178/2722/510 2179/2724/511 3039/2725/511
f 3039/2725/511 2179/2724/511 2180/2726/512 3038/2727/512
f 3038/2727/512 2180/2726/512 2173/2728/505 3036/2729/505
f 3046/2730/513 2181/2731/513 2183/2732/515 3053/2733/515
f 3053/2733/515 2183/2732/515 2184/2734/516 3052/2735/516
f 3052/2735/516 2184/2734/516 2185/2736/517 3051/2737/517
f 3051/2737/517 2185/2736/517 2186/2738/518 3050/2739/518
f 3050/2740/518 2186/2741/518 2187/2742/519 3049/2743/519
f 3049/2743/519 2187/2742/519 2188/2744/520 3048/2745/520
f 3048/2745/520 2188/2744/520 2189/2746/521 3047/2747/521
f 3047/2747/521 2189/2746/521 2182/2748/514 3045/2749/514
f 3055/2750/522 2190/2751/522 2192/2752/524 3062/2753/524
f 3062/2753/524 2192/2752/524 2193/2754/525 3061/2755/525
f 3061/2755/525 2193/2754/525 2194/2756/526 3060/2757/526
f 3060/2757/526 2194/2756/526 2195/2758/527 3059/2759/527
f 3059/2759/527 2195/2758/527 2196/2760/528 3058/2761/528
f 3058/2761/528 2196/2760/528 2197/2762/529 3057/2763/529
f 3057/2763/529 2197/2762/529 2198/2764/530 3056/2765/530
f 3056/2765/530 2198/2764/530 2191/2766/523 3054/2767/523
f 3064/2768/531 2199/2769/531 2201/2770/533 3071/2771/533
f 3071/2771/533 2201/2770/533 2202/2772/534 3070/2773/534
f 3070/2773/534 2202/2772/534 2203/2774/535 3069/2775/535
f 3069/2775/535 2203/2774/535 2204/2776/536 3068/2777/536
f 3068/2778/536 2204/2779/536 2205/2780/537 3067/2781/537
f 3067/2781/537 2205/2780/537 2206/2782/538 3066/2783/538
f 3066/2783/538 2206/2782/538 2207/2784/539 3065/2785/539
f 3065/2785/539 2207/2784/539 2200/2786/532 3063/2787/532
f 3073/2788/540 2208/2789/540 2210/2790/542 3080/2791/542
f 3080/2791/542 2210/2790/542 2211/2792/543 3079/2793/543
f 3079/2793/543 2211/2792/543 2212/2794/544 3078/2795/544
f 3078/2795/544 2212/2794/544 2213/2796/545 3077/2797/545
f 3077/2798/545 2213/2799/545 2214/2800/546 3076/2801/546
f 3076/2801/546 2214/2800/546 2215/2802/547 3075/2803/547
f 3075/2803/547 2215/2802/547 2216/2804/548 3074/2805/548
f 3074/2805/548 2216/2804/548 2209/2806/541 3072/2807/541
f 3082/2808/549 2217/2809/549 2219/2810/551 3089/2811/551
f 3089/2811/551 2219/2810/551 2220/2812/552 3088/2813/552
f 3088/2813/552 2220/2812/552 2221/2814/553 3087/2815/553
f 3087/2815/553 2221/2814/553 2222/2816/554 3086/2817/554
f 3086/2817/554 2222/2816/554 2223/2818/555 3085/2819/555
f 3085/2819/555 2223/2818/555 2224/2820/556 3084/2821/556
f 3084/2821/556 2224/2820/556 2225/2822/557 3083/2823/557
f 3083/2823/557 2225/2822/557 2218/2824/550 3081/2825/550
f 3091/2826/558 2226/2827/558 2228/2828/560 3098/2829/560
f 3098/2829/560 2228/2828/560 2229/2830/561 3097/2831/561
f 3097/2831/561 2229/2830/561 2230/2832/562 3096/2833/562
f 3096/2833/562 2230/2832/562 2231/2834/563 3095/2835/563
f 3095/2835/563 2231/2834/563 2232/2836/564 3094/2837/564
f 3094/2837/564 2232/2836/564 2233/2838/565 3093/2839/565
f 3093/2839/565 2233/2838/565 2234/2840/566 3092/2841/566
f 3092/2841/566 2234/2840/566 2227/2842/559 3090/2843/559
f 3100/2844/567 2235/2845/567 2237/2846/569 3107/2847/569
f 3107/2847/569 2237/2846/569 2238/2848/570 3106/2849/570
f 3106/2849/570 2238/2848/570 2239/2850/571 3105/2851/571
f 3105/2851/571 2239/2850/571 2240/2852/572 3104/2853/572
f 3104/2853/572 2240/2852/572 2241/2854/573 3103/2855/573
f 3103/2855/573 2241/2854/573 2242/2856/574 3102/2857/574
f 3102/2857/574 2242/2856/574 2243/2858/575 3101/2859/575
f 3101/2859/575 2243/2858/575 2236/2860/568 3099/2861/568
f 3109/2862/576 2244/2863/576 2246/2864/578 3116/2865/578
f 3116/2865/578 2246/2864/578 2247/2866/579 3115/2867/579
f 3115/2867/579 2247/2866/579 2248/2868/580 3114/2869/580
f 3114/2869/580 2248/2868/580 2249/2870/581 3113/2871/581
f 3113/2871/581 2249/2870/581 2250/2872/582 3112/2873/582
f 3112/2873/582 2250/2872/582 2251/2874/583 3111/2875/583
f 3111/2875/583 2251/2874/583 2252/2876/584 3110/2877/584
f 3110/2877/584 2252/2876/584 2245/2878/577 3108/2879/577
f 3118/2880/585 2253/2881/585 2255/2882/587 3125/2883/587
f 3125/2883/587 2255/2882/587 2256/2884/588 3124/2885/588
f 3124/2885/588 2256/2884/588 2257/2886/589 3123/2887/589
f 3123/2887/589 2257/2886/589 2258/2888/590 3122/2889/590
f 3122/2890/590 2258/2891/590 2259/2892/591 3121/2893/591
f 3121/2893/591 2259/2892/591 2260/2894/592 3120/2895/592
f 3120/2895/592 2260/2894/592 2261/2896/593 3119/2897/593
f 3119/2897/593 2261/2896/593 2254/2898/586 3117/2899/586
f 3127/2900/594 2262/2901/594 2264/2902/596 3134/2903/596
f 3134/2903/596 2264/2902/596 2265/2904/597 3133/2905/597
f 3133/2905/597 2265/2904/597 2266/2906/598 3132/2907/598
f 3132/2907/598 2266/2906/598 2267/2908/599 3131/2909/599
f 3131/2910/599 2267/2911/599 2268/2912/600 3130/2913/600
f 3130/2913/600 2268/2912/600 2269/2914/601 3129/2915/601
f 3129/2915/601 2269/2914/601 2270/2916/602 3128/2917/602
f 3128/2917/602 2270/2916/602 2263/2918/595 3126/2919/595
f 3136/2920/495 2271/2921/495 2273/2922/497 3143/2923/497
f 3143/2923/497 2273/2922/497 2274/2924/498 3142/2925/498
f 3142/2925/498 2274/2924/498 2275/2926/499 3141/2927/499
f 3141/2927/499 2275/2926/499 2276/2928/500 3140/2929/500
f 3140/2930/500 2276/2931/500 2277/2932/501 3139/2933/501
f 3139/2933/501 2277/2932/501 2278/2934/502 3138/2935/502
f 3138/2935/502 2278/2934/502 2279/2936/503 3137/2937/503
f 3137/2937/503 2279/2936/503 2272/2938/496 3135/2939/496
f 3145/2940/504 2280/2941/504 2282/2942/506 3152/2943/506
f 3152/2943/506 2282/2942/506 2283/2944/507 3151/2945/507
f 3151/2945/507 2283/2944/507 2284/2946/508 3150/2947/508
f 3150/2947/508 2284/2946/508 2285/2948/509 3149/2949/509
f 3149/2950/509 2285/2951/509 2286/2952/510 3148/2953/510
f 3148/2953/510 2286/2952/510 2287/2954/511 3147/2955/511
f 3147/2955/511 2287/2954/511 2288/2956/512 3146/2957/512
f 3146/2957/512 2288/2956/512 2281/2958/505 3144/2959/505
f 3154/2960/513 2289/2961/513 2291/2962/515 3161/2963/515
f 3161/2963/515 2291/2962/515 2292/2964/516 3160/2965/516
f 3160/2965/516 2292/2964/516 2293/2966/517 3159/2967/517
f 3159/2967/517 2293/2966/517 2294/2968/518 3158/2969/518
f 3158/2970/518 2294/2971/518 2295/2972/519 3157/2973/519
f 3157/2973/519 2295/2972/519 2296/2974/520 3156/2975/520
f 3156/2975/520 2296/2974/520 2297/2976/521 3155/2977/521
f 3155/2977/521 2297/2976/521 2290/2978/514 3153/2979/514
f 3163/2980/522 2298/2981/522 2300/2982/524 3170/2983/524
f 3170/2983/524 2300/2982/524 2301/2984/525 3169/2985/525
f 3169/2985/525 2301/2984/525 2302/2986/526 3168/2987/526
f 3168/2987/526 2302/2986/526 2303/2988/527 3167/2989/527
f 3167/2989/527 2303/2988/527 2304/2990/528 3166/2991/528
f 3166/2991/528 2304/2990/528 2305/2992/529 3165/2993/529
f 3165/2993/529 2305/2992/529 2306/2994/530 3164/2995/530
f 3164/2995/530 2306/2994/530 2299/2996/523 3162/2997/523
f 3172/2998/531 2307/2999/531 2309/3000/533 3179/3001/533
f 3179/3001/533 2309/3000/533 2310/3002/534 3178/3003/534
f 3178/3003/534 2310/3002/534 2311/3004/535 3177/3005/535
f 3177/3005/535 2311/3004/535 2312/3006/536 3176/3007/536
f 3176/3008/536 2312/3009/536 2313/3010/537 3175/3011/537
f 3175/3011/537 2313/3010/537 2314/3012/538 3174/3013/538
f 3174/3013/538 2314/3012/538 2315/3014/539 3173/3015/539
f 3173/3015/539 2315/3014/539 2308/3016/532 3171/3017/532
f 3181/3018/540 2316/3019/540 2318/3020/542 3188/3021/542
f 3188/3021/542 2318/3020/542 2319/3022/543 3187/3023/543
f 3187/3023/543 2319/3022/543 2320/3024/544 3186/3025/544
f 3186/3025/544 2320/3024/544 2321/3026/545 3185/3027/545
f 3185/3028/545 2321/3029/545 2322/3030/546 3184/3031/546
f 3184/3031/546 2322/3030/546 2323/3032/547 3183/3033/547
f 3183/3033/547 2323/3032/547 2324/3034/548 3182/3035/548
f 3182/3035/548 2324/3034/548 2317/3036/541 3180/3037/541
f 3190/3038/549 2325/3039/549 2327/3040/551 3197/3041/551
f 3197/3041/551 2327/3040/551 2328/3042/552 3196/3043/552
f 3196/3043/552 2328/3042/552 2329/3044/553 3195/3045/553
f 3195/3045/553 2329/3044/553 2330/3046/554 3194/3047/554
f 3194/3047/554 2330/3046/554 2331/3048/555 3193/3049/555
f 3193/3049/555 2331/3048/555 2332/3050/556 3192/3051/556
f 3192/3051/556 2332/3050/556 2333/3052/557 3191/3053/557
f 3191/3053/557 2333/3052/557 2326/3054/550 3189/3055/550
f 3199/3056/558 2334/3057/558 2336/3058/560 3206/3059/560
f 3206/3059/560 2336/3058/560 2337/3060/561 3205/3061/561
f 3205/3061/561 2337/3060/561 2338/3062/562 3204/3063/562
f 3204/3063/562 2338/3062/562 2339/3064/563 3203/3065/563
f 3203/3065/563 2339/3064/563 2340/3066/564 3202/3067/564
f 3202/3067/564 2340/3066/564 2341/3068/565 3201/3069/565
f 3201/3069/565 2341/3068/565 2342/3070/566 3200/3071/566
f 3200/3071/566 2342/3070/566 2335/3072/559 3198/3073/559
f 3208/3074/567 2343/3075/567 2345/3076/569 3215/3077/569
f 3215/3077/569 2345/3076/569 2346/3078/570 3214/3079/570
f 3214/3079/570 2346/3078/570 2347/3080/571 3213/3081/571
f 3213/3081/571 2347/3080/571 2348/3082/572 3212/3083/572
f 3212/3083/572 2348/3082/572 2349/3084/573 3211/3085/573
f 3211/3085/573 2349/3084/573 2350/3086/574 3210/3087/574
f 3210/3087/574 2350/3086/574 2351/3088/575 3209/3089/575
f 3209/3089/575 2351/3088/575 2344/3090/568 3207/3091/568
f 3217/3092/576 2352/3093/576 2354/3094/578 3224/3095/578
f 3224/3095/578 2354/3094/578 2355/3096/579 3223/3097/579
f 3223/3097/579 2355/3096/579 2356/3098/580 3222/3099/580
f 3222/3099/580 2356/3098/580 2357/3100/581 3221/3101/581
f 3221/3101/581 2357/3100/581 2358/3102/582 3220/3103/582
f 3220/3103/582 2358/3102/582 2359/3104/583 3219/3105/583
f 3219/3105/583 2359/3104/583 2360/3106/584 3218/3107/584
f 3218/3107/584 2360/3106/584 2353/3108/577 3216/3109/577
f 3226/3110/585 2361/3111/585 2363/3112/587 3233/3113/587
f 3233/3113/587 2363/3112/587 2364/3114/588 3232/3115/588
f 3232/3115/588 2364/3114/588 2365/3116/589 3231/3117/589
f 3231/3117/589 2365/3116/589 2366/3118/590 3230/3119/590
f 3230/3120/590 2366/3121/590 2367/3122/591 3229/3123/591
f 3229/3123/591 2367/3122/591 2368/3124/592 3228/3125/592
f 3228/3125/592 2368/3124/592 2369/3126/593 3227/3127/593
f 3227/3127/593 2369/3126/593 2362/3128/586 3225/3129/586
f 3235/3130/594 2370/3131/594 2372/3132/596 3242/3133/596
f 3242/3133/596 2372/3132/596 2373/3134/597 3241/3135/597
f 3241/3135/597 2373/3134/597 2374/3136/598 3240/3137/598
f 3240/3137/598 2374/3136/598 2375/3138/599 3239/3139/599
f 3239/3140/599 2375/3141/599 2376/3142/600 3238/3143/600
f 3238/3143/600 2376/3142/600 2377/3144/601 3237/3145/601
f 3237/3145/601 2377/3144/601 2378/3146/602 3236/3147/602
f 3236/3147/602 2378/3146/602 2371/3148/595 3234/3149/595
f 3244/3150/495 2379/3151/495 2381/3152/497 3251/3153/497
f 3251/3153/497 2381/3152/497 2382/3154/498 3250/3155/498
f 3250/3155/498 2382/3154/498 2383/3156/499 3249/3157/499
f 3249/3157/499 2383/3156/499 2384/3158/500 3248/3159/500
f 3248/3160/500 2384/3161/500 2385/3162/501 3247/3163/501
f 3247/3163/501 2385/3162/501 2386/3164/502 3246/3165/502
f 3246/3165/502 2386/3164/502 2387/3166/503 3245/3167/503
f 3245/3167/503 2387/3166/503 2380/3168/496 3243/3169/496
f 3253/3170/504 2388/3171/504 2390/3172/506 3260/3173/506
f 3260/3173/506 2390/3172/506 2391/3174/507 3259/3175/507
f 3259/3175/507 2391/3174/507 2392/3176/508 3258/3177/508
f 3258/3177/508 2392/3176/508 2393/3178/509 3257/3179/509
f 3257/3180/509 2393/3181/509 2394/3182/510 3256/3183/510
f 3256/3183/510 2394/3182/510 2395/3184/511 3255/3185/511
f 3255/3185/511 2395/3184/511 2396/3186/512 3254/3187/512
f 3254/3187/512 2396/3186/512 2389/3188/505 3252/3189/505
f 3262/3190/513 2397/3191/513 2399/3192/515 3269/3193/515
f 3269/3193/515 2399/3192/515 2400/3194/516 3268/3195/516
f 3268/3195/516 2400/3194/516 2401/3196/517 3267/3197/517
f 3267/3197/517 2401/3196/517 2402/3198/518 3266/3199/518
f 3266/3200/518 2402/3201/518 2403/3202/519 3265/3203/519
f 3265/3203/519 2403/3202/519 2404/3204/520 3264/3205/520
f 3264/3205/520 2404/3204/520 2405/3206/521 3263/3207/521
f 3263/3207/521 2405/3206/521 2398/3208/514 3261/3209/514
f 3271/3210/522 2406/3211/522 2408/3212/524 3278/3213/524
f 3278/3213/524 2408/3212/524 2409/3214/525 3277/3215/525
f 3277/3215/525 2409/3214/525 2410/3216/526 3276/3217/526
f 3276/3217/526 2410/3216/526 2411/3218/527 3275/3219/527
f 3275/3219/527 2411/3218/527 2412/3220/528 3274/3221/528
f 3274/3221/528 2412/3220/528 2413/3222/529 3273/3223/529
f 3273/3223/529 2413/3222/529 2414/3224/530 3272/3225/530
f 3272/3225/530 2414/3224/530 2407/3226/523 3270/3227/523
f 3280/3228/531 2415/3229/531 2417/3230/533 3287/3231/533
f 3287/3231/533 2417/3230/533 2418/3232/534 3286/3233/534
f 3286/3233/534 2418/3232/534 2419/3234/535 3285/3235/535
f 3285/3235/535 2419/3234/535 2420/3236/536 3284/3237/536
f 3284/3238/536 2420/3239/536 2421/3240/537 3283/3241/537
f 3283/3241/537 2421/3240/537 2422/3242/538 3282/3243/538
f 3282/3243/538 2422/3242/538 2423/3244/539 3281/3245/539
f 3281/3245/539 2423/3244/539 2416/3246/532 3279/3247/532
f 3289/3248/540 2424/3249/540 2426/3250/542 3296/3251/542
f 3296/3251/542 2426/3250/542 2427/3252/543 3295/3253/543
f 3295/3253/543 2427/3252/543 2428/3254/544 3294/3255/544
f 3294/3255/544 2428/3254/544 2429/3256/545 3293/3257/545
f 3293/3258/545 2429/3259/545 2430/3260/546 3292/3261/546
f 3292/3261/546 2430/3260/546 2431/3262/547 3291/3263/547
f 3291/3263/547 2431/3262/547 2432/3264/548 3290/3265/548
f 3290/3265/548 2432/3264/548 2425/3266/541 3288/3267/541
f 3298/3268/549 2433/3269/549 2435/3270/551 3305/3271/551
f 3305/3271/551 2435/3270/551 2436/3272/552 3304/3273/552
f 3304/3273/552 2436/3272/552 2437/3274/553 3303/3275/553
f 3303/3275/553 2437/3274/553 2438/3276/554 3302/3277/554
f 3302/3277/554 2438/3276/554 2439/3278/555 3301/3279/555
f 3301/3279/555 2439/3278/555 2440/3280/556 3300/3281/556
f 3300/3281/556 2440/3280/556 2441/3282/557 3299/3283/557
f 3299/3283/557 2441/3282/557 2434/3284/550 3297/3285/550
f 3307/3286/558 2442/3287/558 2444/3288/560 3314/3289/560
f 3314/3289/560 2444/3288/560 2445/3290/561 3313/3291/561
f 3313/3291/561 2445/3290/561 2446/3292/562 3312/3293/562
f 3312/3293/562 2446/3292/562 2447/3294/563 3311/3295/563
f 3311/3295/563 2447/3294/563 2448/3296/564 3310/3297/564
f 3310/3297/564 2448/3296/564 2449/3298/565 3309/3299/565
f 3309/3299/565 2449/3298/565 2450/3300/566 3308/3301/566
f 3308/3301/566 2450/3300/566 2443/3302/559 3306/3303/559
f 3316/3304/567 2451/3305/567 2453/3306/569 3323/3307/569
f 3323/3307/569 2453/3306/569 2454/3308/570 3322/3309/570
f 3322/3309/570 2454/3308/570 2455/3310/571 3321/3311/571
f 3321/3311/571 2455/3310/571 2456/3312/572 3320/3313/572
f 3320/3313/572 2456/3312/572 2457/3314/573 3319/3315/573
f 3319/3315/573 2457/3314/573 2458/3316/574 3318/3317/574
f 3318/3317/574 2458/3316/574 2459/3318/575 3317/3319/575
f 3317/3319/575 2459/3318/575 2452/3320/568 3315/3321/568
f 3325/3322/576 2460/3323/576 2462/3324/578 3332/3325/578
f 3332/3325/578 2462/3324/578 2463/3326/579 3331/3327/579
f 3331/3327/579 2463/3326/579 2464/3328/580 3330/3329/580
f 3330/3329/580 2464/3328/580 2465/3330/581 3329/3331/581
f 3329/3331/581 2465/3330/581 2466/3332/582 3328/3333/582
f 3328/3333/582 2466/3332/582 2467/3334/583 3327/3335/583
f 3327/3335/583 2467/3334/583 2468/3336/584 3326/3337/584
f 3326/3337/584 2468/3336/584 2461/3338/577 3324/3339/577
f 3334/3340/585 2469/3341/585 2471/3342/587 3341/3343/587
f 3341/3343/587 2471/3342/587 2472/3344/588 3340/3345/588
f 3340/3345/588 2472/3344/588 2473/3346/589 3339/3347/589
f 3339/3347/589 2473/3346/589 2474/3348/590 3338/3349/590
f 3338/3350/590 2474/3351/590 2475/3352/591 3337/3353/591
f 3337/3353/591 2475/3352/591 2476/3354/592 3336/3355/592
f 3336/3355/592 2476/3354/592 2477/3356/593 3335/3357/593
f 3335/3357/593 2477/3356/593 2470/3358/586 3333/3359/586
f 3343/3360/594 2478/3361/594 2480/3362/596 3350/3363/596
f 3350/3363/596 2480/3362/596 2481/3364/597 3349/3365/597
f 3349/3365/597 2481/3364/597 2482/3366/598 3348/3367/598
f 3348/3367/598 2482/3366/598 2483/3368/599 3347/3369/599
f 3347/3370/599 2483/3371/599 2484/3372/600 3346/3373/600
f 3346/3373/600 2484/3372/600 2485/3374/601 3345/3375/601
f 3345/3375/601 2485/3374/601 2486/3376/602 3344/3377/602
f 3344/3377/602 2486/3376/602 2479/3378/595 3342/3379/595
f 3352/3380/495 2487/3381/495 2489/3382/497 3359/3383/497
f 3359/3383/497 2489/3382/497 2490/3384/498 3358/3385/498
f 3358/3385/498 2490/3384/498 2491/3386/499 3357/3387/499
f 3357/3387/499 2491/3386/499 2492/3388/500 3356/3389/500
f 3356/3390/500 2492/3391/500 2493/3392/501 3355/3393/501
f 3355/3393/501 2493/3392/501 2494/3394/502 3354/3395/502
f 3354/3395/502 2494/3394/502 2495/3396/503 3353/3397/503
f 3353/3397/503 2495/3396/503 2488/3398/496 3351/3399/496
f 3361/3400/504 2496/3401/504 2498/3402/506 3368/3403/506
f 3368/3403/506 2498/3402/506 2499/3404/507 3367/3405/507
f 3367/3405/507 2499/3404/507 2500/3406/508 3366/3407/508
f 3366/3407/508 2500/3406/508 2501/3408/509 3365/3409/509
f 3365/3410/509 2501/3411/509 2502/3412/510 3364/3413/510
f 3364/3413/510 2502/3412/510 2503/3414/511 3363/3415/511
f 3363/3415/511 2503/3414/511 2504/3416/512 3362/3417/512
f 3362/3417/512 2504/3416/512 2497/3418/505 3360/3419/505
f 3370/3420/513 2505/3421/513 2507/3422/515 3377/3423/515
f 3377/3423/515 2507/3422/515 2508/3424/516 3376/3425/516
f 3376/3425/516 2508/3424/516 2509/3426/517 3375/3427/517
f 3375/3427/517 2509/3426/517 2510/3428/518 3374/3429/518
f 3374/3430/518 2510/3431/518 2511/3432/519 3373/3433/519
f 3373/3433/519 2511/3432/519 2512/3434/520 3372/3435/520
f 3372/3435/520 2512/3434/520 2513/3436/521 3371/3437/521
f 3371/3437/521 2513/3436/521 2506/3438/514 3369/3439/514
f 3379/3440/522 2514/3441/522 2516/3442/524 3386/3443/524
f 3386/3443/524 2516/3442/524 2517/3444/525 3385/3445/525
f 3385/3445/525 2517/3444/525 2518/3446/526 3384/3447/526
f 3384/3447/526 2518/3446/526 2519/3448/527 3383/3449/527
f 3383/3449/527 2519/3448/527 2520/3450/528 3382/3451/528
f 3382/3451/528 2520/3450/528 2521/3452/529 3381/3453/529
f 3381/3453/529 2521/3452/529 2522/3454/530 3380/3455/530
f 3380/3455/530 2522/3454/530 2515/3456/523 3378/3457/523
f 3388/3458/531 2523/3459/531 2525/3460/533 3395/3461/533
f 3395/3461/533 2525/3460/533 2526/3462/534 3394/3463/534
f 3394/3463/534 2526/3462/534 2527/3464/535 3393/3465/535
f 3393/3465/535 2527/3464/535 2528/3466/536 3392/3467/536
f 3392/3468/536 2528/3469/536 2529/3470/537 3391/3471/537
f 3391/3471/537 2529/3470/537 2530/3472/538 3390/3473/538
f 3390/3473/538 2530/3472/538 2531/3474/539 3389/3475/539
f 3389/3475/539 2531/3474/539 2524/3476/532 3387/3477/532
f 3397/3478/540 2532/3479/540 2534/3480/542 3404/3481/542
f 3404/3481/542 2534/3480/542 2535/3482/543 3403/3483/543
f 3403/3483/543 2535/3482/543 2536/3484/544 3402/3485/544
f 3402/3485/544 2536/3484/544 2537/3486/545 3401/3487/545
f 3401/3488/545 2537/3489/545 2538/3490/546 3400/3491/546
f 3400/3491/546 2538/3490/546 2539/3492/547 3399/3493/547
f 3399/3493/547 2539/3492/547 2540/3494/548 3398/3495/548
f 3398/3495/548 2540/3494/548 2533/3496/541 3396/3497/541
f 3406/3498/549 2541/3499/549 2543/3500/551 3413/3501/551
f 3413/3501/551 2543/3500/551 2544/3502/552 3412/3503/552
f 3412/3503/552 2544/3502/552 2545/3504/553 3411/3505/553
f 3411/3505/553 2545/3504/553 2546/3506/554 3410/3507/554
f 3410/3507/554 2546/3506/554 2547/3508/555 3409/3509/555
f 3409/3509/555 2547/3508/555 2548/3510/556 3408/3511/556
f 3408/3511/556 2548/3510/556 2549/3512/557 3407/3513/557
f 3407/3513/557 2549/3512/557 2542/3514/550 3405/3515/550
f 3415/3516/558 2550/3517/558 2552/3518/560 3422/3519/560
f 3422/3519/560 2552/3518/560 2553/3520/561 3421/3521/561
f 3421/3521/561 2553/3520/561 2554/3522/562 3420/3523/562
f 3420/3523/562 2554/3522/562 2555/3524/563 3419/3525/563
f 3419/3525/563 2555/3524/563 2556/3526/564 3418/3527/564
f 3418/3527/564 2556/3526/564 2557/3528/565 3417/3529/565
f 3417/3529/565 2557/3528/565 2558/3530/566 3416/3531/566
f 3416/3531/566 2558/3530/566 2551/3532/559 3414/3533/559
f 3424/3534/567 2559/3535/567 2561/3536/569 3431/3537/569
f 3431/3537/569 2561/3536/569 2562/3538/570 3430/3539/570
f 3430/3539/570 2562/3538/570 2563/3540/571 3429/3541/571
f 3429/3541/571 2563/3540/571 2564/3542/572 3428/3543/572
f 3428/3543/572 2564/3542/572 2565/3544/573 3427/3545/573
f 3427/3545/573 2565/3544/573 2566/3546/574 3426/3547/574
f 3426/3547/574 2566/3546/574 2567/3548/575 3425/3549/575
f 3425/3549/575 2567/3548/575 2560/3550/568 3423/3551/568
f 3433/3552/576 2568/3553/576 2570/3554/578 3440/3555/578
f 3440/3555/578 2570/3554/578 2571/3556/579 3439/3557/579
f 3439/3557/579 2571/3556/579 2572/3558/580 3438/3559/580
f 3438/3559/580 2572/3558/580 2573/3560/581 3437/3561/581
f 3437/3561/581 2573/3560/581 2574/3562/582 3436/3563/582
f 3436/3563/582 2574/3562/582 2575/3564/583 3435/3565/583
f 3435/3565/583 2575/3564/583 2576/3566/584 3434/3567/584
f 3434/3567/584 2576/3566/584 2569/3568/577 3432/3569/577
f 3442/3570/585 2577/3571/585 2579/3572/587 3449/3573/587
f 3449/3573/587 2579/3572/587 2580/3574/588 3448/3575/588
f 3448/3575/588 2580/3574/588 2581/3576/589 3447/3577/589
f 3447/3577/589 2581/3576/589 2582/3578/590 3446/3579/590
f 3446/3580/590 2582/3581/590 2583/3582/591 3445/3583/591
f 3445/3583/591 2583/3582/591 2584/3584/592 3444/3585/592
f 3444/3585/592 2584/3584/592 2585/3586/593 3443/3587/593
f 3443/3587/593 2585/3586/593 2578/3588/586 3441/3589/586
f 3451/3590/594 2586/3591/594 2588/3592/596 3458/3593/596
f 3458/3593/596 2588/3592/596 2589/3594/597 3457/3595/597
f 3457/3595/597 2589/3594/597 2590/3596/598 3456/3597/598
f 3456/3597/598 2590/3596/598 2591/3598/599 3455/3599/599
f 3455/3600/599 2591/3601/599 2592/3602/600 3454/3603/600
f 3454/3603/600 2592/3602/600 2593/3604/601 3453/3605/601
f 3453/3605/601 2593/3604/601 2594/3606/602 3452/3607/602
f 3452/3607/602 2594/3606/602 2587/3608/595 3450/3609/595
f 2163/2691/495 2596/1885/495 2603/1886/497 2165/2692/497
f 2165/2692/497 2603/1886/497 2602/1887/498 2166/2694/498
f 2166/2694/498 2602/1887/498 2601/1888/499 2167/2696/499
f 2167/2696/499 2601/1888/499 2600/1889/500 2168/2698/500
f 2168/2701/500 2600/1890/500 2599/1891/501 2169/2702/501
f 2169/2702/501 2599/1891/501 2598/1892/502 2170/2704/502
f 2170/2704/502 2598/1892/502 2597/1893/503 2171/2706/503
f 2171/2706/503 2597/1893/503 2595/1894/496 2164/2708/496
f 2172/2711/504 2605/1895/504 2612/1896/506 2174/2712/506
f 2174/2712/506 2612/1896/506 2611/1897/507 2175/2714/507
f 2175/2714/507 2611/1897/507 2610/1898/508 2176/2716/508
f 2176/2716/508 2610/1898/508 2609/1899/509 2177/2718/509
f 2177/2721/509 2609/1900/509 2608/1901/510 2178/2722/510
f 2178/2722/510 2608/1901/510 2607/1902/511 2179/2724/511
f 2179/2724/511 2607/1902/511 2606/1903/512 2180/2726/512
f 2180/2726/512 2606/1903/512 2604/1904/505 2173/2728/505
f 2181/2731/513 2614/1905/513 2621/1906/515 2183/2732/515
f 2183/2732/515 2621/1906/515 2620/1907/516 2184/2734/516
f 2184/2734/516 2620/1907/516 2619/1908/517 2185/2736/517
f 2185/2736/517 2619/1908/517 2618/1909/518 2186/2738/518
f 2186/2741/518 2618/1910/518 2617/1911/519 2187/2742/519
f 2187/2742/519 2617/1911/519 2616/1912/520 2188/2744/520
f 2188/2744/520 2616/1912/520 2615/1913/521 2189/2746/521
f 2189/2746/521 2615/1913/521 2613/1914/514 2182/2748/514
f 2190/2751/522 2623/1915/522 2630/1916/524 2192/2752/524
f 2192/2752/524 2630/1916/524 2629/1917/525 2193/2754/525
f 2193/2754/525 2629/1917/525 2628/1918/526 2194/2756/526
f 2194/2756/526 2628/1918/526 2627/1919/527 2195/2758/527
f 2195/2758/527 2627/1919/527 2626/1920/528 2196/2760/528
f 2196/2760/528 2626/1920/528 2625/1921/529 2197/2762/529
f 2197/2762/529 2625/1921/529 2624/1922/530 2198/2764/530
f 2198/2764/530 2624/1922/530 2622/1923/523 2191/2766/523
f 2199/2769/531 2632/1924/531 2639/1925/533 2201/2770/533
f 2201/2770/533 2639/1925/533 2638/1926/534 2202/2772/534
f 2202/2772/534 2638/1926/534 2637/1927/535 2203/2774/535
f 2203/2774/535 2637/1927/535 2636/1928/536 2204/2776/536
f 2204/2779/536 2636/1929/536 2635/1930/537 2205/2780/537
f 2205/2780/537 2635/1930/537 2634/1931/538 2206/2782/538
f 2206/2782/538 2634/1931/538 2633/1932/539 2207/2784/539
f 2207/2784/539 2633/1932/539 2631/1933/532 2200/2786/532
f 2208/2789/540 2641/1934/540 2648/1935/542 2210/2790/542
f 2210/2790/542 2648/1935/542 2647/1936/543 2211/2792/543
f 2211/2792/543 2647/1936/543 2646/1937/544 2212/2794/544
f 2212/2794/544 2646/1937/544 2645/1938/545 2213/2796/545
f 2213/2799/545 2645/1939/545 2644/1940/546 2214/2800/546
f 2214/2800/546 2644/1940/546 2643/1941/547 2215/2802/547
f 2215/2802/547 2643/1941/547 2642/1942/548 2216/2804/548
f 2216/2804/548 2642/1942/548 2640/1943/541 2209/2806/541
f 2217/2809/549 2650/1944/549 2657/1945/551 2219/2810/551
f 2219/2810/551 2657/1945/551 2656/1946/552 2220/2812/552
f 2220/2812/552 2656/1946/552 2655/1947/553 2221/2814/553
f 2221/2814/553 2655/1947/553 2654/1948/554 2222/2816/554
f 2222/2816/554 2654/1948/554 2653/1949/555 2223/2818/555
f 2223/2818/555 2653/1949/555 2652/1950/556 2224/2820/556
f 2224/2820/556 2652/1950/556 2651/1951/557 2225/2822/557
f 2225/2822/557 2651/1951/557 2649/1952/550 2218/2824/550
f 2226/2827/558 2659/1953/558 2666/1954/560 2228/2828/560
f 2228/2828/560 2666/1954/560 2665/1955/561 2229/2830/561
f 2229/2830/561 2665/1955/561 2664/1956/562 2230/2832/562
f 2230/2832/562 2664/1956/562 2663/1957/563 2231/2834/563
f 2231/2834/563 2663/1957/563 2662/1958/564 2232/2836/564
f 2232/2836/564 2662/1958/564 2661/1959/565 2233/2838/565
f 2233/2838/565 2661/1959/565 2660/1960/566 2234/2840/566
f 2234/2840/566 2660/1960/566 2658/1961/559 2227/2842/559
f 2235/2845/567 2668/1962/567 2675/1963/569 2237/2846/569
f 2237/2846/569 2675/1963/569 2674/1964/570 2238/2848/570
f 2238/2848/570 2674/1964/570 2673/1965/571 2239/2850/571
f 2239/2850/571 2673/1965/571 2672/1966/572 2240/2852/572
f 2240/2852/572 2672/1966/572 2671/1967/573 2241/2854/573
f 2241/2854/573 2671/1967/573 2670/1968/574 2242/2856/574
f 2242/2856/574 2670/1968/574 2669/1969/575 2243/2858/575
f 2243/2858/575 2669/1969/575 2667/1970/568 2236/2860/568
f 2244/2863/576 2677/1971/576 2684/1972/578 2246/2864/578
f 2246/2864/578 2684/1972/578 2683/1973/579 2247/2866/579
f 2247/2866/579 2683/1973/579 2682/1974/580 2248/2868/580
f 2248/2868/580 2682/1974/580 2681/1975/581 2249/2870/581
f 2249/2870/581 2681/1975/581 2680/1976/582 2250/2872/582
f 2250/2872/582 2680/1976/582 2679/1977/583 2251/2874/583
f 2251/2874/583 2679/1977/583 2678/1978/584 2252/2876/584
f 2252/2876/584 2678/1978/584 2676/1979/577 2245/2878/577
f 2253/2881/585 2686/1980/585 2693/1981/587 2255/2882/587
f 2255/2882/587 2693/1981/587 2692/1982/588 2256/2884/588
f 2256/2884/588 2692/1982/588 2691/1983/589 2257/2886/589
f 2257/2886/589 2691/1983/589 2690/1984/590 2258/2888/590
f 2258/2891/590 2690/1985/590 2689/1986/591 2259/2892/591
f 2259/2892/591 2689/1986/591 2688/1987/592 2260/2894/592
f 2260/2894/592 2688/1987/592 2687/1988/593 2261/2896/593
f 2261/2896/593 2687/1988/593 2685/1989/586 2254/2898/586
f 2262/2901/594 2695/1990/594 2702/1991/596 2264/2902/596
f 2264/2902/596 2702/1991/596 2701/1992/597 2265/2904/597
f 2265/2904/597 2701/1992/597 2700/1993/598 2266/2906/598
f 2266/2906/598 2700/1993/598 2699/1994/599 2267/2908/599
f 2267/2911/599 2699/1995/599 2698/1996/600 2268/2912/600
f 2268/2912/600 2698/1996/600 2697/1997/601 2269/2914/601
f 2269/2914/601 2697/1997/601 2696/1998/602 2270/2916/602
f 2270/2916/602 2696/1998/602 2694/1999/595 2263/2918/595
f 2271/2921/495 2704/2000/495 2711/2003/497 2273/2922/497
f 2273/2922/497 2711/2003/497 2710/2005/498 2274/2924/498
f 2274/2924/498 2710/2005/498 2709/2007/499 2275/2926/499
f 2275/2926/499 2709/2007/499 2708/2009/500 2276/2928/500
f 2276/2931/500 2708/2010/500 2707/2013/501 2277/2932/501
f 2277/2932/501 2707/2013/501 2706/2015/502 2278/2934/502
f 2278/2934/502 2706/2015/502 2705/2017/503 2279/2936/503
f 2279/2936/503 2705/2017/503 2703/2019/496 2272/2938/496
f 2280/2941/504 2713/2020/504 2720/2023/506 2282/2942/506
f 2282/2942/506 2720/2023/506 2719/2025/507 2283/2944/507
f 2283/2944/507 2719/2025/507 2718/2027/508 2284/2946/508
f 2284/2946/508 2718/2027/508 2717/2029/509 2285/2948/509
f 2285/2951/509 2717/2030/509 2716/2033/510 2286/2952/510
f 2286/2952/510 2716/2033/510 2715/2035/511 2287/2954/511
f 2287/2954/511 2715/2035/511 2714/2037/512 2288/2956/512
f 2288/2956/512 2714/2037/512 2712/2039/505 2281/2958/505
f 2289/2961/513 2722/2040/513 2729/2043/515 2291/2962/515
f 2291/2962/515 2729/2043/515 2728/2045/516 2292/2964/516
f 2292/2964/516 2728/2045/516 2727/2047/517 2293/2966/517
f 2293/2966/517 2727/2047/517 2726/2049/518 2294/2968/518
f 2294/2971/518 2726/2050/518 2725/2053/519 2295/2972/519
f 2295/2972/519 2725/2053/519 2724/2055/520 2296/2974/520
f 2296/2974/520 2724/2055/520 2723/2057/521 2297/2976/521
f 2297/2976/521 2723/2057/521 2721/2059/514 2290/2978/514
f 2298/2981/522 2731/2060/522 2738/2063/524 2300/2982/524
f 2300/2982/524 2738/2063/524 2737/2065/525 2301/2984/525
f 2301/2984/525 2737/2065/525 2736/2067/526 2302/2986/526
f 2302/2986/526 2736/2067/526 2735/2069/527 2303/2988/527
f 2303/2988/527 2735/2069/527 2734/2071/528 2304/2990/528
f 2304/2990/528 2734/2071/528 2733/2073/529 2305/2992/529
f 2305/2992/529 2733/2073/529 2732/2075/530 2306/2994/530
f 2306/2994/530 2732/2075/530 2730/2077/523 2299/2996/523
f 2307/2999/531 2740/2078/531 2747/2081/533 2309/3000/533
f 2309/3000/533 2747/2081/533 2746/2083/534 2310/3002/534
f 2310/3002/534 2746/2083/534 2745/2085/535 2311/3004/535
f 2311/3004/535 2745/2085/535 2744/2087/536 2312/3006/536
f 2312/3009/536 2744/2088/536 2743/2091/537 2313/3010/537
f 2313/3010/537 2743/2091/537 2742/2093/538 2314/3012/538
f 2314/3012/538 2742/2093/538 2741/2095/539 2315/3014/539
f 2315/3014/539 2741/2095/539 2739/2097/532 2308/3016/532
f 2316/3019/540 2749/2098/540 2756/2101/542 2318/3020/542
f 2318/3020/542 2756/2101/542 2755/2103/543 2319/3022/543
f 2319/3022/543 2755/2103/543 2754/2105/544 2320/3024/544
f 2320/3024/544 2754/2105/544 2753/2107/545 2321/3026/545
f 2321/3029/545 2753/2108/545 2752/2111/546 2322/3030/546
f 2322/3030/546 2752/2111/546 2751/2113/547 2323/3032/547
f 2323/3032/547 2751/2113/547 2750/2115/548 2324/3034/548
f 2324/3034/548 2750/2115/548 2748/2117/541 2317/3036/541
f 2325/3039/549 2758/2118/549 2765/2121/551 2327/3040/551
f 2327/3040/551 2765/2121/551 2764/2123/552 2328/3042/552
f 2328/3042/552 2764/2123/552 2763/2125/553 2329/3044/553
f 2329/3044/553 2763/2125/553 2762/2127/554 2330/3046/554
f 2330/3046/554 2762/2127/554 2761/2129/555 2331/3048/555
f 2331/3048/555 2761/2129/555 2760/2131/556 2332/3050/556
f 2332/3050/556 2760/2131/556 2759/2133/557 2333/3052/557
f 2333/3052/557 2759/2133/557 2757/2135/550 2326/3054/550
f 2334/3057/558 2767/2136/558 2774/2139/560 2336/3058/560
f 2336/3058/560 2774/2139/560 2773/2141/561 2337/3060/561
f 2337/3060/561 2773/2141/561 2772/2143/562 2338/3062/562
f 2338/3062/562 2772/2143/562 2771/2145/563 2339/3064/563
f 2339/3064/563 2771/2145/563 2770/2147/564 2340/3066/564
f 2340/3066/564 2770/2147/564 2769/2149/565 2341/3068/565
f 2341/3068/565 2769/2149/565 2768/2151/566 2342/3070/566
f 2342/3070/566 2768/2151/566 2766/2153/559 2335/3072/559
f 2343/3075/567 2776/2154/567 2783/2157/569 2345/3076/569
f 2345/3076/569 2783/2157/569 2782/2159/570 2346/3078/570
f 2346/3078/570 2782/2159/570 2781/2161/571 2347/3080/571
f 2347/3080/571 2781/2161/571 2780/2163/572 2348/3082/572
f 2348/3082/572 2780/2163/572 2779/2165/573 2349/3084/573
f 2349/3084/573 2779/2165/573 2778/2167/574 2350/3086/574
f 2350/3086/574 2778/2167/574 2777/2169/575 2351/3088/575
f 2351/3088/575 2777/2169/575 2775/2171/568 2344/3090/568
f 2352/3093/576 2785/2172/576 2792/2175/578 2354/3094/578
f 2354/3094/578 2792/2175/578 2791/2177/579 2355/3096/579
f 2355/3096/579 2791/2177/579 2790/2179/580 2356/3098/580
f 2356/3098/580 2790/2179/580 2789/2181/581 2357/3100/581
f 2357/3100/581 2789/2181/581 2788/2183/582 2358/3102/582
f 2358/3102/582 2788/2183/582 2787/2185/583 2359/3104/583
f 2359/3104/583 2787/2185/583 2786/2187/584 2360/3106/584
f 2360/3106/584 2786/2187/584 2784/2189/577 2353/3108/577
f 2361/3111/585 2794/2190/585 2801/2193/587 2363/3112/587
f 2363/3112/587 2801/2193/587 2800/2195/588 2364/3114/588
f 2364/3114/588 2800/2195/588 2799/2197/589 2365/3116/589
f 2365/3116/589 2799/2197/589 2798/2199/590 2366/3118/590
f 2366/3121/590 2798/2200/590 2797/2203/591 2367/3122/591
f 2367/3122/591 2797/2203/591 2796/2205/592 2368/3124/592
f 2368/3124/592 2796/2205/592 2795/2207/593 2369/3126/593
f 2369/3126/593 2795/2207/593 2793/2209/586 2362/3128/586
f 2370/3131/594 2803/2210/594 2810/2213/596 2372/3132/596
f 2372/3132/596 2810/2213/596 2809/2215/597 2373/3134/597
f 2373/3134/597 2809/2215/597 2808/2217/598 2374/3136/598
f 2374/3136/598 2808/2217/598 2807/2219/599 2375/3138/599
f 2375/3141/599 2807/2220/599 2806/2223/600 2376/3142/600
f 2376/3142/600 2806/2223/600 2805/2225/601 2377/3144/601
f 2377/3144/601 2805/2225/601 2804/2227/602 2378/3146/602
f 2378/3146/602 2804/2227/602 2802/2229/595 2371/3148/595
f 2379/3151/495 2812/2230/495 2819/2233/497 2381/3152/497
f 2381/3152/497 2819/2233/497 2818/2235/498 2382/3154/498
f 2382/3154/498 2818/2235/498 2817/2237/499 2383/3156/499
f 2383/3156/499 2817/2237/499 2816/2239/500 2384/3158/500
f 2384/3161/500 2816/2240/500 2815/2243/501 2385/3162/501
f 2385/3162/501 2815/2243/501 2814/2245/502 2386/3164/502
f 2386/3164/502 2814/2245/502 2813/2247/503 2387/3166/503
f 2387/3166/503 2813/2247/503 2811/2249/496 2380/3168/496
f 2388/3171/504 2821/2250/504 2828/2253/506 2390/3172/506
f 2390/3172/506 2828/2253/506 2827/2255/507 2391/3174/507
f 2391/3174/507 2827/2255/507 2826/2257/508 2392/3176/508
f 2392/3176/508 2826/2257/508 2825/2259/509 2393/3178/509
f 2393/3181/509 2825/2260/509 2824/2263/510 2394/3182/510
f 2394/3182/510 2824/2263/510 2823/2265/511 2395/3184/511
f 2395/3184/511 2823/2265/511 2822/2267/512 2396/3186/512
f 2396/3186/512 2822/2267/512 2820/2269/505 2389/3188/505
f 2397/3191/513 2830/2270/513 2837/2273/515 2399/3192/515
f 2399/3192/515 2837/2273/515 2836/2275/516 2400/3194/516
f 2400/3194/516 2836/2275/516 2835/2277/517 2401/3196/517
f 2401/3196/517 2835/2277/517 2834/2279/518 2402/3198/518
f 2402/3201/518 2834/2280/518 2833/2283/519 2403/3202/519
f 2403/3202/519 2833/2283/519 2832/2285/520 2404/3204/520
f 2404/3204/520 2832/2285/520 2831/2287/521 2405/3206/521
f 2405/3206/521 2831/2287/521 2829/2289/514 2398/3208/514
f 2406/3211/522 2839/2290/522 2846/2293/524 2408/3212/524
f 2408/3212/524 2846/2293/524 2845/2295/525 2409/3214/525
f 2409/3214/525 2845/2295/525 2844/2297/526 2410/3216/526
f 2410/3216/526 2844/2297/526 2843/2299/527 2411/3218/527
f 2411/3218/527 2843/2299/527 2842/2301/528 2412/3220/528
f 2412/3220/528 2842/2301/528 2841/2303/529 2413/3222/529
f 2413/3222/529 2841/2303/529 2840/2305/530 2414/3224/530
f 2414/3224/530 2840/2305/530 2838/2307/523 2407/3226/523
f 2415/3229/531 2848/2308/531 2855/2311/533 2417/3230/533
f 2417/3230/533 2855/2311/533 2854/2313/534 2418/3232/534
f 2418/3232/534 2854/2313/534 2853/2315/535 2419/3234/535
f 2419/3234/535 2853/2315/535 2852/2317/536 2420/3236/536
f 2420/3239/536 2852/2318/536 2851/2321/537 2421/3240/537
f 2421/3240/537 2851/2321/537 2850/2323/538 2422/3242/538
f 2422/3242/538 2850/2323/538 2849/2325/539 2423/3244/539
f 2423/3244/539 2849/2325/539 2847/2327/532 2416/3246/532
f 2424/3249/540 2857/2328/540 2864/2331/542 2426/3250/542
f 2426/3250/542 2864/2331/542 2863/2333/543 2427/3252/543
f 2427/3252/543 2863/2333/543 2862/2335/544 2428/3254/544
f 2428/3254/544 2862/2335/544 2861/2337/545 2429/3256/545
f 2429/3259/545 2861/2338/545 2860/2341/546 2430/3260/546
f 2430/3260/546 2860/2341/546 2859/2343/547 2431/3262/547
f 2431/3262/547 2859/2343/547 2858/2345/548 2432/3264/548
f 2432/3264/548 2858/2345/548 2856/2347/541 2425/3266/541
f 2433/3269/549 2866/2348/549 2873/2351/551 2435/3270/551
f 2435/3270/551 2873/2351/551 2872/2353/552 2436/3272/552
f 2436/3272/552 2872/2353/552 2871/2355/553 2437/3274/553
f 2437/3274/553 2871/2355/553 2870/2357/554 2438/3276/554
f 2438/3276/554 2870/2357/554 2869/2359/555 2439/3278/555
f 2439/3278/555 2869/2359/555 2868/2361/556 2440/3280/556
f 2440/3280/556 2868/2361/556 2867/2363/557 2441/3282/557
f 2441/3282/557 2867/2363/557 2865/2365/550 2434/3284/550
f 2442/3287/558 2875/2366/558 2882/2369/560 2444/3288/560
f 2444/3288/560 2882/2369/560 2881/2371/561 2445/3290/561
f 2445/3290/561 2881/2371/561 2880/2373/562 2446/3292/562
f 2446/3292/562 2880/2373/562 2879/2375/563 2447/3294/563
f 2447/3294/563 2879/2375/563 2878/2377/564 2448/3296/564
f 2448/3296/564 2878/2377/564 2877/2379/565 2449/3298/565
f 2449/3298/565 2877/2379/565 2876/2381/566 2450/3300/566
f 2450/3300/566 2876/2381/566 2874/2383/559 2443/3302/559
f 2451/3305/567 2884/2384/567 2891/2387/569 2453/3306/569
f 2453/3306/569 2891/2387/569 2890/2389/570 2454/3308/570
f 2454/3308/570 2890/2389/570 2889/2391/571 2455/3310/571
f 2455/3310/571 2889/2391/571 2888/2393/572 2456/3312/572
f 2456/3312/572 2888/2393/572 2887/2395/573 2457/3314/573
f 2457/3314/573 2887/2395/573 2886/2397/574 2458/3316/574
f 2458/3316/574 2886/2397/574 2885/2399/575 2459/3318/575
f 2459/3318/575 2885/2399/575 2883/2401/568 2452/3320/568
f 2460/3323/576 2893/2402/576 2900/2405/578 2462/3324/578
f 2462/3324/578 2900/2405/578 2899/2407/579 2463/3326/579
f 2463/3326/579 2899/2407/579 2898/2409/580 2464/3328/580
f 2464/3328/580 2898/2409/580 2897/2411/581 2465/3330/581
f 2465/3330/581 2897/2411/581 2896/2413/582 2466/3332/582
f 2466/3332/582 2896/2413/582 2895/2415/583 2467/3334/583
f 2467/3334/583 2895/2415/583 2894/2417/584 2468/3336/584
f 2468/3336/584 2894/2417/584 2892/2419/577 2461/3338/577
f 2469/3341/585 2902/2420/585 2909/2423/587 2471/3342/587
f 2471/3342/587 2909/2423/587 2908/2425/588 2472/3344/588
f 2472/3344/588 2908/2425/588 2907/2427/589 2473/3346/589
f 2473/3346/589 2907/2427/589 2906/2429/590 2474/3348/590
f 2474/3351/590 2906/2430/590 2905/2433/591 2475/3352/591
f 2475/3352/591 2905/2433/591 2904/2435/592 2476/3354/592
f 2476/3354/592 2904/2435/592 2903/2437/593 2477/3356/593
f 2477/3356/593 2903/2437/593 2901/2439/586 2470/3358/586
f 2478/3361/594 2911/2440/594 2918/2443/596 2480/3362/596
f 2480/3362/596 2918/2443/596 2917/2445/597 2481/3364/597
f 2481/3364/597 2917/2445/597 2916/2447/598 2482/3366/598
f 2482/3366/598 2916/2447/598 2915/2449/599 2483/3368/599
f 2483/3371/599 2915/2450/599 2914/2453/600 2484/3372/600
f 2484/3372/600 2914/2453/600 2913/2455/601 2485/3374/601
f 2485/3374/601 2913/2455/601 2912/2457/602 2486/3376/602
f 2486/3376/602 2912/2457/602 2910/2459/595 2479/3378/595
f 2487/3381/495 2920/2460/495 2927/2463/497 2489/3382/497
f 2489/3382/497 2927/2463/497 2926/2465/498 2490/3384/498
f 2490/3384/498 2926/2465/498 2925/2467/499 2491/3386/499
f 2491/3386/499 2925/2467/499 2924/2469/500 2492/3388/500
f 2492/3391/500 2924/2470/500 2923/2473/501 2493/3392/501
f 2493/3392/501 2923/2473/501 2922/2475/502 2494/3394/502
f 2494/3394/502 2922/2475/502 2921/2477/503 2495/3396/503
f 2495/3396/503 2921/2477/503 2919/2479/496 2488/3398/496
f 2496/3401/504 2929/2480/504 2936/2483/506 2498/3402/506
f 2498/3402/506 2936/2483/506 2935/2485/507 2499/3404/507
f 2499/3404/507 2935/2485/507 2934/2487/508 2500/3406/508
f 2500/3406/508 2934/2487/508 2933/2489/509 2501/3408/509
f 2501/3411/509 2933/2490/509 2932/2493/510 2502/3412/510
f 2502/3412/510 2932/2493/510 2931/2495/511 2503/3414/511
f 2503/3414/511 2931/2495/511 2930/2497/512 2504/3416/512
f 2504/3416/512 2930/2497/512 2928/2499/505 2497/3418/505
f 2505/3421/513 2938/2500/513 2945/2503/515 2507/3422/515
f 2507/3422/515 2945/2503/515 2944/2505/516 2508/3424/516
f 2508/3424/516 2944/2505/516 2943/2507/517 2509/3426/517
f 2509/3426/517 2943/2507/517 2942/2509/518 2510/3428/518
f 2510/3431/518 2942/2510/518 2941/2513/519 2511/3432/519
f 2511/3432/519 2941/2513/519 2940/2515/520 2512/3434/520
f 2512/3434/520 2940/2515/520 2939/2517/521 2513/3436/521
f 2513/3436/521 2939/2517/521 2937/2519/514 2506/3438/514
f 2514/3441/522 2947/2520/522 2954/2523/524 2516/3442/524
f 2516/3442/524 2954/2523/524 2953/2525/525 2517/3444/525
f 2517/3444/525 2953/2525/525 2952/2527/526 2518/3446/526
f 2518/3446/526 2952/2527/526 2951/2529/527 2519/3448/527
f 2519/3448/527 2951/2529/527 2950/2531/528 2520/3450/528
f 2520/3450/528 2950/2531/528 2949/2533/529 2521/3452/529
f 2521/3452/529 2949/2533/529 2948/2535/530 2522/3454/530
f 2522/3454/530 2948/2535/530 2946/2537/523 2515/3456/523
f 2523/3459/531 2956/2538/531 2963/2541/533 2525/3460/533
f 2525/3460/533 2963/2541/533 2962/2543/534 2526/3462/534
f 2526/3462/534 2962/2543/534 2961/2545/535 2527/3464/535
f 2527/3464/535 2961/2545/535 2960/2547/536 2528/3466/536
f 2528/3469/536 2960/2548/536 2959/2551/537 2529/3470/537
f 2529/3470/537 2959/2551/537 2958/2553/538 2530/3472/538
f 2530/3472/538 2958/2553/538 2957/2555/539 2531/3474/539
f 2531/3474/539 2957/2555/539 2955/2557/532 2524/3476/532
f 2532/3479/540 2965/2558/540 2972/2561/542 2534/3480/542
f 2534/3480/542 2972/2561/542 2971/2563/543 2535/3482/543
f 2535/3482/543 2971/2563/543 2970/2565/544 2536/3484/544
f 2536/3484/544 2970/2565/544 2969/2567/545 2537/3486/545
f 2537/3489/545 2969/2568/545 2968/2571/546 2538/3490/546
f 2538/3490/546 2968/2571/546 2967/2573/547 2539/3492/547
f 2539/3492/547 2967/2573/547 2966/2575/548 2540/3494/548
f 2540/3494/548 2966/2575/548 2964/2577/541 2533/3496/541
f 2541/3499/549 2974/2578/549 2981/2581/551 2543/3500/551
f 2543/3500/551 2981/2581/551 2980/2583/552 2544/3502/552
f 2544/3502/552 2980/2583/552 2979/2585/553 2545/3504/553
f 2545/3504/553 2979/2585/553 2978/2587/554 2546/3506/554
f 2546/3506/554 2978/2587/554 2977/2589/555 2547/3508/555
f 2547/3508/555 2977/2589/555 2976/2591/556 2548/3510/556
f 2548/3510/556 2976/2591/556 2975/2593/557 2549/3512/557
f 2549/3512/557 2975/2593/557 2973/2595/550 2542/3514/550
f 2550/3517/558 2983/2596/558 2990/2599/560 2552/3518/560
f 2552/3518/560 2990/2599/560 2989/2601/561 2553/3520/561
f 2553/3520/561 2989/2601/561 2988/2603/562 2554/3522/562
f 2554/3522/562 2988/2603/562 2987/2605/563 2555/3524/563
f 2555/3524/563 2987/2605/563 2986/2607/564 2556/3526/564
f 2556/3526/564 2986/2607/564 2985/2609/565 2557/3528/565
f 2557/3528/565 2985/2609/565 2984/2611/566 2558/3530/566
f 2558/3530/566 2984/2611/566 2982/2613/559 2551/3532/559
f 2559/3535/567 2992/2614/567 2999/2617/569 2561/3536/569
f 2561/3536/569 2999/2617/569 2998/2619/570 2562/3538/570
f 2562/3538/570 2998/2619/570 2997/2621/571 2563/3540/571
f 2563/3540/571 2997/2621/571 2996/2623/572 2564/3542/572
f 2564/3542/572 2996/2623/572 2995/2625/573 2565/3544/573
f 2565/3544/573 2995/2625/573 2994/2627/574 2566/3546/574
f 2566/3546/574 2994/2627/574 2993/2629/575 2567/3548/575
f 2567/3548/575 2993/2629/575 2991/2631/568 2560/3550/568
f 2568/3553/576 3001/2632/576 3008/2635/578 2570/3554/578
f 2570/3554/578 3008/2635/578 3007/2637/579 2571/3556/579
f 2571/3556/579 3007/2637/579 3006/2639/580 2572/3558/580
f 2572/3558/580 3006/2639/580 3005/2641/581 2573/3560/581
f 2573/3560/581 3005/2641/581 3004/2643/582 2574/3562/582
f 2574/3562/582 3004/2643/582 3003/2645/583 2575/3564/583
f 2575/3564/583 3003/2645/583 3002/2647/584 2576/3566/584
f 2576/3566/584 3002/2647/584 3000/2649/577 2569/3568/577
f 2577/3571/585 3010/2650/585 3017/2653/587 2579/3572/587
f 2579/3572/587 3017/2653/587 3016/2655/588 2580/3574/588
f 2580/3574/588 3016/2655/588 3015/2657/589 2581/3576/589
f 2581/3576/589 3015/2657/589 3014/2659/590 2582/3578/590
f 2582/3581/590 3014/2660/590 3013/2663/591 2583/3582/591
f 2583/3582/591 3013/2663/591 3012/2665/592 2584/3584/592
f 2584/3584/592 3012/2665/592 3011/2667/593 2585/3586/593
f 2585/3586/593 3011/2667/593 3009/2669/586 2578/3588/586
f 2586/3591/594 3019/2670/594 3026/2673/596 2588/3592/596
f 2588/3592/596 3026/2673/596 3025/2675/597 2589/3594/597
f 2589/3594/597 3025/2675/597 3024/2677/598 2590/3596/598
f 2590/3596/598 3024/2677/598 3023/2679/599 2591/3598/599
f 2591/3601/599 3023/2680/599 3022/2683/600 2592/3602/600
f 2592/3602/600 3022/2683/600 3021/2685/601 2593/3604/601
f 2593/3604/601 3021/2685/601 3020/2687/602 2594/3606/602
f 2594/3606/602 3020/2687/602 3018/2689/595 2587/3608/595
f 1947/2231/495 3028/2690/495 3035/2693/497 1949/2232/497
f 1949/2232/497 3035/2693/497 3034/2695/498 1950/2234/498
f 1950/2234/498 3034/2695/498 3033/2697/499 1951/2236/499
f 1951/2236/499 3033/2697/499 3032/2699/500 1952/2238/500
f 1952/2241/500 3032/2700/500 3031/2703/501 1953/2242/501
f 1953/2242/501 3031/2703/501 3030/2705/502 1954/2244/502
f 1954/2244/502 3030/2705/502 3029/2707/503 1955/2246/503
f 1955/2246/503 3029/2707/503 3027/2709/496 1948/2248/496
f 1956/2251/504 3037/2710/504 3044/2713/506 1958/2252/506
f 1958/2252/506 3044/2713/506 3043/2715/507 1959/2254/507
f 1959/2254/507 3043/2715/507 3042/2717/508 1960/2256/508
f 1960/2256/508 3042/2717/508 3041/2719/509 1961/2258/509
f 1961/2261/509 3041/2720/509 3040/2723/510 1962/2262/510
f 1962/2262/510 3040/2723/510 3039/2725/511 1963/2264/511
f 1963/2264/511 3039/2725/511 3038/2727/512 1964/2266/512
f 1964/2266/512 3038/2727/512 3036/2729/505 1957/2268/505
f 1965/2271/513 3046/2730/513 3053/2733/515 1967/2272/515
f 1967/2272/515 3053/2733/515 3052/2735/516 1968/2274/516
f 1968/2274/516 3052/2735/516 3051/2737/517 1969/2276/517
f 1969/2276/517 3051/2737/517 3050/2739/518 1970/2278/518
f 1970/2281/518 3050/2740/518 3049/2743/519 1971/2282/519
f 1971/2282/519 3049/2743/519 3048/2745/520 1972/2284/520
f 1972/2284/520 3048/2745/520 3047/2747/521 1973/2286/521
f 1973/2286/521 3047/2747/521 3045/2749/514 1966/2288/514
f 1974/2291/522 3055/2750/522 3062/2753/524 1976/2292/524
f 1976/2292/524 3062/2753/524 3061/2755/525 1977/2294/525
f 1977/2294/525 3061/2755/525 3060/2757/526 1978/2296/526
f 1978/2296/526 3060/2757/526 3059/2759/527 1979/2298/527
f 1979/2298/527 3059/2759/527 3058/2761/528 1980/2300/528
f 1980/2300/528 3058/2761/528 3057/2763/529 1981/2302/529
f 1981/2302/529 3057/2763/529 3056/2765/530 1982/2304/530
f 1982/2304/530 3056/2765/530 3054/2767/523 1975/2306/523
f 1983/2309/531 3064/2768/531 3071/2771/533 1985/2310/533
f 1985/2310/533 3071/2771/533 3070/2773/534 1986/2312/534
f 1986/2312/534 3070/2773/534 3069/2775/535 1987/2314/535
f 1987/2314/535 3069/2775/535 3068/2777/536 1988/2316/536
f 1988/2319/536 3068/2778/536 3067/2781/537 1989/2320/537
f 1989/2320/537 3067/2781/537 3066/2783/538 1990/2322/538
f 1990/2322/538 3066/2783/538 3065/2785/539 1991/2324/539
f 1991/2324/539 3065/2785/539 3063/2787/532 1984/2326/532
f 1992/2329/540 3073/2788/540 3080/2791/542 1994/2330/542
f 1994/2330/542 3080/2791/542 3079/2793/543 1995/2332/543
f 1995/2332/543 3079/2793/543 3078/2795/544 1996/2334/544
f 1996/2334/544 3078/2795/544 3077/2797/545 1997/2336/545
f 1997/2339/545 3077/2798/545 3076/2801/546 1998/2340/546
f 1998/2340/546 3076/2801/546 3075/2803/547 1999/2342/547
f 1999/2342/547 3075/2803/547 3074/2805/548 2000/2344/548
f 2000/2344/548 3074/2805/548 3072/2807/541 1993/2346/541
f 2001/2349/549 3082/2808/549 3089/2811/551 2003/2350/551
f 2003/2350/551 3089/2811/551 3088/2813/552 2004/2352/552
f 2004/2352/552 3088/2813/552 3087/2815/553 2005/2354/553
f 2005/2354/553 3087/2815/553 3086/2817/554 2006/2356/554
f 2006/2356/554 3086/2817/554 3085/2819/555 2007/2358/555
f 2007/2358/555 3085/2819/555 3084/2821/556 2008/2360/556
f 2008/2360/556 3084/2821/556 3083/2823/557 2009/2362/557
f 2009/2362/557 3083/2823/557 3081/2825/550 2002/2364/550
f 2010/2367/558 3091/2826/558 3098/2829/560 2012/2368/560
f 2012/2368/560 3098/2829/560 3097/2831/561 2013/2370/561
f 2013/2370/561 3097/2831/561 3096/2833/562 2014/2372/562
f 2014/2372/562 3096/2833/562 3095/2835/563 2015/2374/563
f 2015/2374/563 3095/2835/563 3094/2837/564 2016/2376/564
f 2016/2376/564 3094/2837/564 3093/2839/565 2017/2378/565
f 2017/2378/565 3093/2839/565 3092/2841/566 2018/2380/566
f 2018/2380/566 3092/2841/566 3090/2843/559 2011/2382/559
f 2019/2385/567 3100/2844/567 3107/2847/569 2021/2386/569
f 2021/2386/569 3107/2847/569 3106/2849/570 2022/2388/570
f 2022/2388/570 3106/2849/570 3105/2851/571 2023/2390/571
f 2023/2390/571 3105/2851/571 3104/2853/572 2024/2392/572
f 2024/2392/572 3104/2853/572 3103/2855/573 2025/2394/573
f 2025/2394/573 3103/2855/573 3102/2857/574 2026/2396/574
f 2026/2396/574 3102/2857/574 3101/2859/575 2027/2398/575
f 2027/2398/575 3101/2859/575 3099/2861/568 2020/2400/568
f 2028/2403/576 3109/2862/576 3116/2865/578 2030/2404/578
f 2030/2404/578 3116/2865/578 3115/2867/579 2031/2406/579
f 2031/2406/579 3115/2867/579 3114/2869/580 2032/2408/580
f 2032/2408/580 3114/2869/580 3113/2871/581 2033/2410/581
f 2033/2410/581 3113/2871/581 3112/2873/582 2034/2412/582
f 2034/2412/582 3112/2873/582 3111/2875/583 2035/2414/583
f 2035/2414/583 3111/2875/583 3110/2877/584 2036/2416/584
f 2036/2416/584 3110/2877/584 3108/2879/577 2029/2418/577
f 2037/2421/585 3118/2880/585 3125/2883/587 2039/2422/587
f 2039/2422/587 3125/2883/587 3124/2885/588 2040/2424/588
f 2040/2424/588 3124/2885/588 3123/2887/589 2041/2426/589
f 2041/2426/589 3123/2887/589 3122/2889/590 2042/2428/590
f 2042/2431/590 3122/2890/590 3121/2893/591 2043/2432/591
f 2043/2432/591 3121/2893/591 3120/2895/592 2044/2434/592
f 2044/2434/592 3120/2895/592 3119/2897/593 2045/2436/593
f 2045/2436/593 3119/2897/593 3117/2899/586 2038/2438/586
f 2046/2441/594 3127/2900/594 3134/2903/596 2048/2442/596
f 2048/2442/596 3134/2903/596 3133/2905/597 2049/2444/597
f 2049/2444/597 3133/2905/597 3132/2907/598 2050/2446/598
f 2050/2446/598 3132/2907/598 3131/2909/599 2051/2448/599
f 2051/2451/599 3131/2910/599 3130/2913/600 2052/2452/600
f 2052/2452/600 3130/2913/600 3129/2915/601 2053/2454/601
f 2053/2454/601 3129/2915/601 3128/2917/602 2054/2456/602
f 2054/2456/602 3128/2917/602 3126/2919/595 2047/2458/595
f 2055/2461/495 3136/2920/495 3143/2923/497 2057/2462/497
f 2057/2462/497 3143/2923/497 3142/2925/498 2058/2464/498
f 2058/2464/498 3142/2925/498 3141/2927/499 2059/2466/499
f 2059/2466/499 3141/2927/499 3140/2929/500 2060/2468/500
f 2060/2471/500 3140/2930/500 3139/2933/501 2061/2472/501
f 2061/2472/501 3139/2933/501 3138/2935/502 2062/2474/502
f 2062/2474/502 3138/2935/502 3137/2937/503 2063/2476/503
f 2063/2476/503 3137/2937/503 3135/2939/496 2056/2478/496
f 2064/2481/504 3145/2940/504 3152/2943/506 2066/2482/506
f 2066/2482/506 3152/2943/506 3151/2945/507 2067/2484/507
f 2067/2484/507 3151/2945/507 3150/2947/508 2068/2486/508
f 2068/2486/508 3150/2947/508 3149/2949/509 2069/2488/509
f 2069/2491/509 3149/2950/509 3148/2953/510 2070/2492/510
f 2070/2492/510 3148/2953/510 3147/2955/511 2071/2494/511
f 2071/2494/511 3147/2955/511 3146/2957/512 2072/2496/512
f 2072/2496/512 3146/2957/512 3144/2959/505 2065/2498/505
f 2073/2501/513 3154/2960/513 3161/2963/515 2075/2502/515
f 2075/2502/515 3161/2963/515 3160/2965/516 2076/2504/516
f 2076/2504/516 3160/2965/516 3159/2967/517 2077/2506/517
f 2077/2506/517 3159/2967/517 3158/2969/518 2078/2508/518
f 2078/2511/518 3158/2970/518 3157/2973/519 2079/2512/519
f 2079/2512/519 3157/2973/519 3156/2975/520 2080/2514/520
f 2080/2514/520 3156/2975/520 3155/2977/521 2081/2516/521
f 2081/2516/521 3155/2977/521 3153/2979/514 2074/2518/514
f 2082/2521/522 3163/2980/522 3170/2983/524 2084/2522/524
f 2084/2522/524 3170/2983/524 3169/2985/525 2085/2524/525
f 2085/2524/525 3169/2985/525 3168/2987/526 2086/2526/526
f 2086/2526/526 3168/2987/526 3167/2989/527 2087/2528/527
f 2087/2528/527 3167/2989/527 3166/2991/528 2088/2530/528
f 2088/2530/528 3166/2991/528 3165/2993/529 2089/2532/529
f 2089/2532/529 3165/2993/529 3164/2995/530 2090/2534/530
f 2090/2534/530 3164/2995/530 3162/2997/523 2083/2536/523
f 2091/2539/531 3172/2998/531 3179/3001/533 2093/2540/533
f 2093/2540/533 3179/3001/533 3178/3003/534 2094/2542/534
f 2094/2542/534 3178/3003/534 3177/3005/535 2095/2544/535
f 2095/2544/535 3177/3005/535 3176/3007/536 2096/2546/536
f 2096/2549/536 3176/3008/536 3175/3011/537 2097/2550/537
f 2097/2550/537 3175/3011/537 3174/3013/538 2098/2552/538
f 2098/2552/538 3174/3013/538 3173/3015/539 2099/2554/539
f 2099/2554/539 3173/3015/539 3171/3017/532 2092/2556/532
f 2100/2559/540 3181/3018/540 3188/3021/542 2102/2560/542
f 2102/2560/542 3188/3021/542 3187/3023/543 2103/2562/543
f 2103/2562/543 3187/3023/543 3186/3025/544 2104/2564/544
f 2104/2564/544 3186/3025/544 3185/3027/545 2105/2566/545
f 2105/2569/545 3185/3028/545 3184/3031/546 2106/2570/546
f 2106/2570/546 3184/3031/546 3183/3033/547 2107/2572/547
f 2107/2572/547 3183/3033/547 3182/3035/548 2108/2574/548
f 2108/2574/548 3182/3035/548 3180/3037/541 2101/2576/541
f 2109/2579/549 3190/3038/549 3197/3041/551 2111/2580/551
f 2111/2580/551 3197/3041/551 3196/3043/552 2112/2582/552
f 2112/2582/552 3196/3043/552 3195/3045/553 2113/2584/553
f 2113/2584/553 3195/3045/553 3194/3047/554 2114/2586/554
f 2114/2586/554 3194/3047/554 3193/3049/555 2115/2588/555
f 2115/2588/555 3193/3049/555 3192/3051/556 2116/2590/556
f 2116/2590/556 3192/3051/556 3191/3053/557 2117/2592/557
f 2117/2592/557 3191/3053/557 3189/3055/550 2110/2594/550
f 2118/2597/558 3199/3056/558 3206/3059/560 2120/2598/560
f 2120/2598/560 3206/3059/560 3205/3061/561 2121/2600/561
f 2121/2600/561 3205/3061/561 3204/3063/562 2122/2602/562
f 2122/2602/562 3204/3063/562 3203/3065/563 2123/2604/563
f 2123/2604/563 3203/3065/563 3202/3067/564 2124/2606/564
f 2124/2606/564 3202/3067/564 3201/3069/565 2125/2608/565
f 2125/2608/565 3201/3069/565 3200/3071/566 2126/2610/566
f 2126/2610/566 3200/3071/566 3198/3073/559 2119/2612/559
f 2127/2615/567 3208/3074/567 3215/3077/569 2129/2616/569
f 2129/2616/569 3215/3077/569 3214/3079/570 2130/2618/570
f 2130/2618/570 3214/3079/570 3213/3081/571 2131/2620/571
f 2131/2620/571 3213/3081/571 3212/3083/572 2132/2622/572
f 2132/2622/572 3212/3083/572 3211/3085/573 2133/2624/573
f 2133/2624/573 3211/3085/573 3210/3087/574 2134/2626/574
f 2134/2626/574 3210/3087/574 3209/3089/575 2135/2628/575
f 2135/2628/575 3209/3089/575 3207/3091/568 2128/2630/568
f 2136/2633/576 3217/3092/576 3224/3095/578 2138/2634/578
f 2138/2634/578 3224/3095/578 3223/3097/579 2139/2636/579
f 2139/2636/579 3223/3097/579 3222/3099/580 2140/2638/580
f 2140/2638/580 3222/3099/580 3221/3101/581 2141/2640/581
f 2141/2640/581 3221/3101/581 3220/3103/582 2142/2642/582
f 2142/2642/582 3220/3103/582 3219/3105/583 2143/2644/583
f 2143/2644/583 3219/3105/583 3218/3107/584 2144/2646/584
f 2144/2646/584 3218/3107/584 3216/3109/577 2137/2648/577
f 2145/2651/585 3226/3110/585 3233/3113/587 2147/2652/587
f 2147/2652/587 3233/3113/587 3232/3115/588 2148/2654/588
f 2148/2654/588 3232/3115/588 3231/3117/589 2149/2656/589
f 2149/2656/589 3231/3117/589 3230/3119/590 2150/2658/590
f 2150/2661/590 3230/3120/590 3229/3123/591 2151/2662/591
f 2151/2662/591 3229/3123/591 3228/3125/592 2152/2664/592
f 2152/2664/592 3228/3125/592 3227/3127/593 2153/2666/593
f 2153/2666/593 3227/3127/593 3225/3129/586 2146/2668/586
f 2154/2671/594 3235/3130/594 3242/3133/596 2156/2672/596
f 2156/2672/596 3242/3133/596 3241/3135/597 2157/2674/597
f 2157/2674/597 3241/3135/597 3240/3137/598 2158/2676/598
f 2158/2676/598 3240/3137/598 3239/3139/599 2159/2678/599
f 2159/2681/599 3239/3140/599 3238/3143/600 2160/2682/600
f 2160/2682/600 3238/3143/600 3237/3145/601 2161/2684/601
f 2161/2684/601 3237/3145/601 3236/3147/602 2162/2686/602
f 2162/2686/602 3236/3147/602 3234/3149/595 2155/2688/595
f 1839/2001/495 3244/3150/495 3251/3153/497 1841/2002/497
f 1841/2002/497 3251/3153/497 3250/3155/498 1842/2004/498
f 1842/2004/498 3250/3155/498 3249/3157/499 1843/2006/499
f 1843/2006/499 3249/3157/499 3248/3159/500 1844/2008/500
f 1844/2011/500 3248/3160/500 3247/3163/501 1845/2012/501
f 1845/2012/501 3247/3163/501 3246/3165/502 1846/2014/502
f 1846/2014/502 3246/3165/502 3245/3167/503 1847/2016/503
f 1847/2016/503 3245/3167/503 3243/3169/496 1840/2018/496
f 1848/2021/504 3253/3170/504 3260/3173/506 1850/2022/506
f 1850/2022/506 3260/3173/506 3259/3175/507 1851/2024/507
f 1851/2024/507 3259/3175/507 3258/3177/508 1852/2026/508
f 1852/2026/508 3258/3177/508 3257/3179/509 1853/2028/509
f 1853/2031/509 3257/3180/509 3256/3183/510 1854/2032/510
f 1854/2032/510 3256/3183/510 3255/3185/511 1855/2034/511
f 1855/2034/511 3255/3185/511 3254/3187/512 1856/2036/512
f 1856/2036/512 3254/3187/512 3252/3189/505 1849/2038/505
f 1857/2041/513 3262/3190/513 3269/3193/515 1859/2042/515
f 1859/2042/515 3269/3193/515 3268/3195/516 1860/2044/516
f 1860/2044/516 3268/3195/516 3267/3197/517 1861/2046/517
f 1861/2046/517 3267/3197/517 3266/3199/518 1862/2048/518
f 1862/2051/518 3266/3200/518 3265/3203/519 1863/2052/519
f 1863/2052/519 3265/3203/519 3264/3205/520 1864/2054/520
f 1864/2054/520 3264/3205/520 3263/3207/521 1865/2056/521
f 1865/2056/521 3263/3207/521 3261/3209/514 1858/2058/514
f 1866/2061/522 3271/3210/522 3278/3213/524 1868/2062/524
f 1868/2062/524 3278/3213/524 3277/3215/525 1869/2064/525
f 1869/2064/525 3277/3215/525 3276/3217/526 1870/2066/526
f 1870/2066/526 3276/3217/526 3275/3219/527 1871/2068/527
f 1871/2068/527 3275/3219/527 3274/3221/528 1872/2070/528
f 1872/2070/528 3274/3221/528 3273/3223/529 1873/2072/529
f 1873/2072/529 3273/3223/529 3272/3225/530 1874/2074/530
f 1874/2074/530 3272/3225/530 3270/3227/523 1867/2076/523
f 1875/2079/531 3280/3228/531 3287/3231/533 1877/2080/533
f 1877/2080/533 3287/3231/533 3286/3233/534 1878/2082/534
f 1878/2082/534 3286/3233/534 3285/3235/535 1879/2084/535
f 1879/2084/535 3285/3235/535 3284/3237/536 1880/2086/536
f 1880/2089/536 3284/3238/536 3283/3241/537 1881/2090/537
f 1881/2090/537 3283/3241/537 3282/3243/538 1882/2092/538
f 1882/2092/538 3282/3243/538 3281/3245/539 1883/2094/539
f 1883/2094/539 3281/3245/539 3279/3247/532 1876/2096/532
f 1884/2099/540 3289/3248/540 3296/3251/542 1886/2100/542
f 1886/2100/542 3296/3251/542 3295/3253/543 1887/2102/543
f 1887/2102/543 3295/3253/543 3294/3255/544 1888/2104/544
f 1888/2104/544 3294/3255/544 3293/3257/545 1889/2106/545
f 1889/2109/545 3293/3258/545 3292/3261/546 1890/2110/546
f 1890/2110/546 3292/3261/546 3291/3263/547 1891/2112/547
f 1891/2112/547 3291/3263/547 3290/3265/548 1892/2114/548
f 1892/2114/548 3290/3265/548 3288/3267/541 1885/2116/541
f 1893/2119/549 3298/3268/549 3305/3271/551 1895/2120/551
f 1895/2120/551 3305/3271/551 3304/3273/552 1896/2122/552
f 1896/2122/552 3304/3273/552 3303/3275/553 1897/2124/553
f 1897/2124/553 3303/3275/553 3302/3277/554 1898/2126/554
f 1898/2126/554 3302/3277/554 3301/3279/555 1899/2128/555
f 1899/2128/555 3301/3279/555 3300/3281/556 1900/2130/556
f 1900/2130/556 3300/3281/556 3299/3283/557 1901/2132/557
f 1901/2132/557 3299/3283/557 3297/3285/550 1894/2134/550
f 1902/2137/558 3307/3286/558 3314/3289/560 1904/2138/560
f 1904/2138/560 3314/3289/560 3313/3291/561 1905/2140/561
f 1905/2140/561 3313/3291/561 3312/3293/562 1906/2142/562
f 1906/2142/562 3312/3293/562 3311/3295/563 1907/2144/563
f 1907/2144/563 3311/3295/563 3310/3297/564 1908/2146/564
f 1908/2146/564 3310/3297/564 3309/3299/565 1909/2148/565
f 1909/2148/565 3309/3299/565 3308/3301/566 1910/2150/566
f 1910/2150/566 3308/3301/566 3306/3303/559 1903/2152/559
f 1911/2155/567 3316/3304/567 3323/3307/569 1913/2156/569
f 1913/2156/569 3323/3307/569 3322/3309/570 1914/2158/570
f 1914/2158/570 3322/3309/570 3321/3311/571 1915/2160/571
f 1915/2160/571 3321/3311/571 3320/3313/572 1916/2162/572
f 1916/2162/572 3320/3313/572 3319/3315/573 1917/2164/573
f 1917/2164/573 3319/3315/573 3318/3317/574 1918/2166/574
f 1918/2166/574 3318/3317/574 3317/3319/575 1919/2168/575
f 1919/2168/575 3317/3319/575 3315/3321/568 1912/2170/568
f 1920/2173/576 3325/3322/576 3332/3325/578 1922/2174/578
f 1922/2174/578 3332/3325/578 3331/3327/579 1923/2176/579
f 1923/2176/579 3331/3327/579 3330/3329/580 1924/2178/580
f 1924/2178/580 3330/3329/580 3329/3331/581 1925/2180/581
f 1925/2180/581 3329/3331/581 3328/3333/582 1926/2182/582
f 1926/2182/582 3328/3333/582 3327/3335/583 1927/2184/583
f 1927/2184/583 3327/3335/583 3326/3337/584 1928/2186/584
f 1928/2186/584 3326/3337/584 3324/3339/577 1921/2188/577
f 1929/2191/585 3334/3340/585 3341/3343/587 1931/2192/587
f 1931/2192/587 3341/3343/587 3340/3345/588 1932/2194/588
f 1932/2194/588 3340/3345/588 3339/3347/589 1933/2196/589
f 1933/2196/589 3339/3347/589 3338/3349/590 1934/2198/590
f 1934/2201/590 3338/3350/590 3337/3353/591 1935/2202/591
f 1935/2202/591 3337/3353/591 3336/3355/592 1936/2204/592
f 1936/2204/592 3336/3355/592 3335/3357/593 1937/2206/593
f 1937/2206/593 3335/3357/593 3333/3359/586 1930/2208/586
f 1938/2211/594 3343/3360/594 3350/3363/596 1940/2212/596
f 1940/2212/596 3350/3363/596 3349/3365/597 1941/2214/597
f 1941/2214/597 3349/3365/597 3348/3367/598 1942/2216/598
f 1942/2216/598 3348/3367/598 3347/3369/599 1943/2218/599
f 1943/2221/599 3347/3370/599 3346/3373/600 1944/2222/600
f 1944/2222/600 3346/3373/600 3345/3375/601 1945/2224/601
f 1945/2224/601 3345/3375/601 3344/3377/602 1946/2226/602
f 1946/2226/602 3344/3377/602 3342/3379/595 1939/2228/595
f 1475/1546/131 3352/3380/495 3359/3383/497 1515/1547/171
f 1515/1547/171 3359/3383/497 3358/3385/498 1516/1550/172
f 1516/1550/172 3358/3385/498 3357/3387/499 1517/1552/173
f 1517/1552/173 3357/3387/499 3356/3389/500 1518/1554/174
f 1518/1522/174 3356/3390/500 3355/3393/501 1490/1517/146
f 1490/1517/146 3355/3393/501 3354/3395/502 1485/1512/141
f 1485/1512/141 3354/3395/502 3353/3397/503 1480/1504/136
f 1480/1504/136 3353/3397/503 3351/3399/496 1473/1501/129
f 1352/1376/8 3361/3400/504 3368/3403/506 1374/1377/30
f 1374/1377/30 3368/3403/506 3367/3405/507 1375/1380/31
f 1375/1380/31 3367/3405/507 3366/3407/508 1376/1382/32
f 1376/1382/32 3366/3407/508 3365/3409/509 1377/1384/33
f 1377/1422/33 3365/3410/509 3364/3413/510 1407/1417/63
f 1407/1417/63 3364/3413/510 3363/3415/511 1402/1412/58
f 1402/1412/58 3363/3415/511 3362/3417/512 1397/1404/53
f 1397/1404/53 3362/3417/512 3360/3419/505 1353/1401/9
f 1414/1476/70 3370/3420/513 3377/3423/515 1454/1477/110
f 1454/1477/110 3377/3423/515 3376/3425/516 1455/1480/111
f 1455/1480/111 3376/3425/516 3375/3427/517 1456/1482/112
f 1456/1482/112 3375/3427/517 3374/3429/518 1457/1484/113
f 1457/1447/113 3374/3430/518 3373/3433/519 1429/1442/85
f 1429/1442/85 3373/3433/519 3372/3435/520 1424/1437/80
f 1424/1437/80 3372/3435/520 3371/3437/521 1419/1429/75
f 1419/1429/75 3371/3437/521 3369/3439/514 1412/1426/68
f 1535/1596/191 3379/3440/522 3386/3443/524 1557/1597/213
f 1557/1597/213 3386/3443/524 3385/3445/525 1558/1600/214
f 1558/1600/214 3385/3445/525 3384/3447/526 1559/1602/215
f 1559/1602/215 3384/3447/526 3383/3449/527 1560/1604/216
f 1560/1604/216 3383/3449/527 3382/3451/528 1590/1637/246
f 1590/1637/246 3382/3451/528 3381/3453/529 1585/1632/241
f 1585/1632/241 3381/3453/529 3380/3455/530 1580/1624/236
f 1580/1624/236 3380/3455/530 3378/3457/523 1536/1621/192
f 1719/1808/375 3388/3458/531 3395/3461/533 1759/1809/415
f 1759/1809/415 3395/3461/533 3394/3463/534 1760/1812/416
f 1760/1812/416 3394/3463/534 3393/3465/535 1761/1814/417
f 1761/1814/417 3393/3465/535 3392/3467/536 1762/1784/418
f 1762/1784/418 3392/3468/536 3391/3471/537 1734/1779/390
f 1734/1779/390 3391/3471/537 3390/3473/538 1729/1774/385
f 1729/1774/385 3390/3473/538 3389/3475/539 1724/1766/380
f 1724/1766/380 3389/3475/539 3387/3477/532 1717/1763/373
f 1534/1571/190 3397/3478/540 3404/3481/542 1537/1572/193
f 1537/1572/193 3404/3481/542 3403/3483/543 1538/1575/194
f 1538/1575/194 3403/3483/543 3402/3485/544 1539/1577/195
f 1539/1577/195 3402/3485/544 3401/3487/545 1540/1579/196
f 1540/1617/196 3401/3488/545 3400/3491/546 1571/1612/227
f 1571/1612/227 3400/3491/546 3399/3493/547 1566/1607/222
f 1566/1607/222 3399/3493/547 3398/3495/548 1561/1599/217
f 1561/1599/217 3398/3495/548 3396/3497/541 1535/1596/191
f 1779/1849/435 3406/3498/549 3413/3501/551 1801/1850/457
f 1801/1850/457 3413/3501/551 3412/3503/552 1802/1853/458
f 1802/1853/458 3412/3503/552 3411/3505/553 1803/1855/459
f 1803/1855/459 3411/3505/553 3410/3507/554 1804/1857/460
f 1804/1857/460 3410/3507/554 3409/3509/555 1834/1882/490
f 1834/1882/490 3409/3509/555 3408/3511/556 1829/1878/485
f 1829/1878/485 3408/3511/556 3407/3513/557 1824/1872/480
f 1824/1872/480 3407/3513/557 3405/3515/550 1780/1869/436
f 1597/1686/253 3415/3516/558 3422/3519/560 1637/1687/293
f 1637/1687/293 3422/3519/560 3421/3521/561 1638/1690/294
f 1638/1690/294 3421/3521/561 3420/3523/562 1639/1692/295
f 1639/1692/295 3420/3523/562 3419/3525/563 1640/1662/296
f 1640/1662/296 3419/3525/563 3418/3527/564 1612/1657/268
f 1612/1657/268 3418/3527/564 3417/3529/565 1607/1652/263
f 1607/1652/263 3417/3529/565 3416/3531/566 1602/1644/258
f 1602/1644/258 3416/3531/566 3414/3533/559 1595/1641/251
f 1778/1824/434 3424/3534/567 3431/3537/569 1781/1825/437
f 1781/1825/437 3431/3537/569 3430/3539/570 1782/1828/438
f 1782/1828/438 3430/3539/570 3429/3541/571 1783/1830/439
f 1783/1830/439 3429/3541/571 3428/3543/572 1784/1832/440
f 1784/1832/440 3428/3543/572 3427/3545/573 1815/1865/471
f 1815/1865/471 3427/3545/573 3426/3547/574 1810/1860/466
f 1810/1860/466 3426/3547/574 3425/3549/575 1805/1852/461
f 1805/1852/461 3425/3549/575 3423/3551/568 1779/1849/435
f 1657/1727/313 3433/3552/576 3440/3555/578 1679/1728/335
f 1679/1728/335 3440/3555/578 3439/3557/579 1680/1731/336
f 1680/1731/336 3439/3557/579 3438/3559/580 1681/1733/337
f 1681/1733/337 3438/3559/580 3437/3561/581 1682/1735/338
f 1682/1735/338 3437/3561/581 3436/3563/582 1712/1760/368
f 1712/1760/368 3436/3563/582 3435/3565/583 1707/1756/363
f 1707/1756/363 3435/3565/583 3434/3567/584 1702/1750/358
f 1702/1750/358 3434/3567/584 3432/3569/577 1658/1747/314
f 1351/1351/7 3442/3570/585 3449/3573/587 1354/1352/10
f 1354/1352/10 3449/3573/587 3448/3575/588 1355/1355/11
f 1355/1355/11 3448/3575/588 3447/3577/589 1356/1357/12
f 1356/1357/12 3447/3577/589 3446/3579/590 1357/1359/13
f 1357/1397/13 3446/3580/590 3445/3583/591 1388/1392/44
f 1388/1392/44 3445/3583/591 3444/3585/592 1383/1387/39
f 1383/1387/39 3444/3585/592 3443/3587/593 1378/1379/34
f 1378/1379/34 3443/3587/593 3441/3589/586 1352/1376/8
f 1656/1702/312 3451/3590/594 3458/3593/596 1659/1703/315
f 1659/1703/315 3458/3593/596 3457/3595/597 1660/1706/316
f 1660/1706/316 3457/3595/597 3456/3597/598 1661/1708/317
f 1661/1708/317 3456/3597/598 3455/3599/599 1662/1710/318
f 1662/1710/318 3455/3600/599 3454/3603/600 1693/1743/349
f 1693/1743/349 3454/3603/600 3453/3605/601 1688/1738/344
f 1688/1738/344 3453/3605/601 3452/3607/602 1683/1730/339
f 1683/1730/339 3452/3607/602 3450/3609/595 1657/1727/313
f 2596/1885/495 1167/1268/2 3442/3570/585 1351/1351/7
f 1353/1401/9 3360/3419/505 1052/933/6 2595/1894/496
f 3441/3589/586 1140/1264/3 3361/3400/504 1352/1376/8
f 2604/1904/505 1412/1426/68 3369/3439/514 1045/1249/6
f 1347/1347/3 2694/1999/595 1413/1451/69 2605/1895/504
f 1345/1345/1 3370/3420/513 1414/1476/70 2695/1990/594
f 1474/1526/130 2623/1915/522 1079/833/5 2631/1933/532
f 1475/1546/131 2632/1924/531 1160/533/2 3352/3380/495
f 3351/3399/496 1059/1252/6 2622/1923/523 1473/1501/129
f 3397/3478/540 1534/1571/190 2614/1905/513 1180/1269/1
f 1350/1350/6 2613/1914/514 1536/1621/192 3378/3457/523
f 3379/3440/522 1535/1596/191 3396/3497/541 1072/1253/5
f 1596/1666/252 2677/1971/576 1133/633/3 2685/1989/586
f 1346/1346/2 3415/3516/558 1597/1686/253 2686/1980/585
f 3414/3533/559 1113/1260/4 2676/1979/577 1595/1641/251
f 2668/1962/567 1194/1272/1 3451/3590/594 1656/1702/312
f 1348/1348/4 2667/1970/568 1658/1747/314 3432/3569/577
f 3433/3552/576 1657/1727/313 3450/3609/595 1126/1261/3
f 1718/1788/374 2650/1944/549 1106/733/4 2658/1961/559
f 3388/3458/531 1719/1808/375 2659/1953/558 1153/1265/2
f 3387/3477/532 1086/1256/5 2649/1952/550 1717/1763/373
f 1778/1824/434 2641/1934/540 1187/433/1 3424/3534/567
f 1349/1349/5 2640/1943/541 1780/1869/436 3405/3515/550
f 3406/3498/549 1779/1849/435 3423/3551/568 1099/1257/4
f 2704/2000/495 1158/541/2 301/544/2 1839/2001/495
f 1839/2001/495 301/544/2 1169/501/2 3244/3150/495
f 1840/2018/496 317/944/6 1061/901/6 2703/2019/496
f 3243/3169/496 1050/941/6 317/944/6 1840/2018/496
f 2712/2039/505 1849/2038/505 484/926/6 1054/925/6
f 1338/1340/3 303/1286/3 1848/2021/504 2713/2020/504
f 303/1286/3 1221/1285/3 3253/3170/504 1848/2021/504
f 1849/2038/505 3252/3189/505 1043/965/6 484/926/6
f 466/1278/1 1857/2041/513 2722/2040/513 1207/1276/1
f 486/1308/6 1858/2058/514 3261/3209/514 1252/1306/6
f 1342/1343/1 3262/3190/513 1857/2041/513 466/1278/1
f 1327/1333/6 2721/2059/514 1858/2058/514 486/1308/6
f 315/1304/6 1248/1303/6 2730/2077/523 1867/2076/523
f 1329/1334/6 315/1304/6 1867/2076/523 3270/3227/523
f 3271/3210/522 1866/2061/522 480/826/5 1081/825/5
f 1866/2061/522 2731/2060/522 1070/865/5 480/826/5
f 1875/2079/531 2740/2078/531 1151/565/2 468/526/2
f 1876/2096/532 313/844/5 1088/801/5 2739/2097/532
f 3279/3247/532 1077/841/5 313/844/5 1876/2096/532
f 3280/3228/531 1875/2079/531 468/526/2 1162/525/2
f 1884/2099/540 2749/2098/540 1178/465/1 464/426/1
f 482/1302/5 1885/2116/541 3288/3267/541 1243/1300/5
f 3289/3248/540 1884/2099/540 464/426/1 1189/425/1
f 1330/1335/5 2748/2117/541 1885/2116/541 482/1302/5
f 311/1298/5 1239/1297/5 2757/2135/550 1894/2134/550
f 1332/1336/5 311/1298/5 1894/2134/550 3297/3285/550
f 3298/3268/549 1893/2119/549 476/726/4 1108/725/4
f 1893/2119/549 2758/2118/549 1097/765/4 476/726/4
f 470/1284/2 1902/2137/558 2767/2136/558 1216/1282/2
f 1903/2152/559 309/744/4 1115/701/4 2766/2153/559
f 3306/3303/559 1104/741/4 309/744/4 1903/2152/559
f 1339/1341/2 3307/3286/558 1902/2137/558 470/1284/2
f 2776/2154/567 1185/441/1 297/444/1 1911/2155/567
f 1911/2155/567 297/444/1 1196/401/1 3316/3304/567
f 478/1296/4 1912/2170/568 3315/3321/568 1234/1294/4
f 1333/1337/4 2775/2171/568 1912/2170/568 478/1296/4
f 307/1292/4 1230/1291/4 2784/2189/577 1921/2188/577
f 1335/1338/4 307/1292/4 1921/2188/577 3324/3339/577
f 3325/3322/576 1920/2173/576 472/626/3 1135/625/3
f 1920/2173/576 2785/2172/576 1124/665/3 472/626/3
f 1930/2208/586 305/644/3 1142/601/3 2793/2209/586
f 3333/3359/586 1131/641/3 305/644/3 1930/2208/586
f 1341/1342/2 299/1280/2 1929/2191/585 2794/2190/585
f 299/1280/2 1212/1279/2 3334/3340/585 1929/2191/585
f 1336/1339/3 2802/2229/595 1939/2228/595 474/1290/3
f 1344/1344/1 295/1274/1 1938/2211/594 2803/2210/594
f 295/1274/1 1203/1273/1 3343/3360/594 1938/2211/594
f 474/1290/3 1939/2228/595 3342/3379/595 1225/1288/3
f 2812/2230/495 1170/497/2 401/500/2 1947/2231/495
f 1948/2248/496 349/932/6 1049/945/6 2811/2249/496
f 1947/2231/495 401/500/2 1166/509/2 3028/2690/495
f 3027/2709/496 1053/929/6 349/932/6 1948/2248/496
f 2820/2269/505 1957/2268/505 488/970/6 1042/969/6
f 1266/1316/3 423/1199/3 1956/2251/504 2821/2250/504
f 423/1199/3 978/1198/3 3037/2710/504 1956/2251/504
f 1957/2268/505 3036/2729/505 1046/957/6 488/970/6
f 550/1218/1 1965/2271/513 2830/2270/513 991/1216/1
f 582/1179/6 1966/2288/514 3045/2749/514 967/1177/6
f 1279/1322/1 3046/2730/513 1965/2271/513 550/1218/1
f 1255/1309/6 2829/2289/514 1966/2288/514 582/1179/6
f 1974/2291/522 2839/2290/522 1082/821/5 504/838/5
f 351/1244/6 1032/1243/6 2838/2307/523 1975/2306/523
f 1320/1331/6 351/1244/6 1975/2306/523 3054/2767/523
f 3055/2750/522 1974/2291/522 504/838/5 1078/837/5
f 1983/2309/531 2848/2308/531 1163/521/2 540/538/2
f 1984/2326/532 361/832/5 1076/845/5 2847/2327/532
f 3063/2787/532 1080/829/5 361/832/5 1984/2326/532
f 3064/2768/531 1983/2309/531 540/538/2 1159/537/2
f 1992/2329/540 2857/2328/540 1190/421/1 552/438/1
f 578/1185/5 1993/2346/541 3072/2807/541 970/1183/5
f 3073/2788/540 1992/2329/540 552/438/1 1186/437/1
f 1258/1311/5 2856/2347/541 1993/2346/541 578/1185/5
f 2001/2349/549 2866/2348/549 1109/721/4 516/738/4
f 363/1238/5 1023/1237/5 2865/2365/550 2002/2364/550
f 1311/1329/5 363/1238/5 2002/2364/550 3081/2825/550
f 3082/2808/549 2001/2349/549 516/738/4 1105/737/4
f 2011/2382/559 373/732/4 1103/745/4 2874/2383/559
f 3090/2843/559 1107/729/4 373/732/4 2011/2382/559
f 1288/1324/2 3091/2826/558 2010/2367/558 538/1224/2
f 538/1224/2 2010/2367/558 2875/2366/558 1000/1222/2
f 2884/2384/567 1197/397/1 413/400/1 2019/2385/567
f 2019/2385/567 413/400/1 1193/409/1 3100/2844/567
f 574/1191/4 2020/2400/568 3099/2861/568 973/1189/4
f 1261/1313/4 2883/2401/568 2020/2400/568 574/1191/4
f 2028/2403/576 2893/2402/576 1136/621/3 528/638/3
f 375/1232/4 1014/1231/4 2892/2419/577 2029/2418/577
f 1302/1327/4 375/1232/4 2029/2418/577 3108/2879/577
f 3109/2862/576 2028/2403/576 528/638/3 1132/637/3
f 2038/2438/586 385/632/3 1130/645/3 2901/2439/586
f 419/1205/2 981/1204/2 3118/2880/585 2037/2421/585
f 3117/2899/586 1134/629/3 385/632/3 2038/2438/586
f 1269/1318/2 419/1205/2 2037/2421/585 2902/2420/585
f 1264/1315/3 2910/2459/595 2047/2458/595 570/1197/3
f 1272/1320/1 415/1211/1 2046/2441/594 2911/2440/594
f 415/1211/1 984/1210/1 3127/2900/594 2046/2441/594
f 570/1197/3 2047/2458/595 3126/2919/595 976/1195/3
f 2920/2460/495 1161/529/2 397/532/2 2055/2461/495
f 2056/2478/496 353/900/6 1058/909/6 2919/2479/496
f 2055/2461/495 397/532/2 1157/545/2 3136/2920/495
f 3135/2939/496 1062/897/6 353/900/6 2056/2478/496
f 2928/2499/505 2065/2498/505 492/938/6 1051/937/6
f 1293/1325/3 387/1226/3 2064/2481/504 2929/2480/504
f 387/1226/3 1005/1225/3 3145/2940/504 2064/2481/504
f 2065/2498/505 3144/2959/505 1055/921/6 492/938/6
f 562/1209/1 2073/2501/513 2938/2500/513 982/1207/1
f 490/1248/6 2074/2518/514 3153/2979/514 1036/1246/6
f 1324/1332/6 2937/2519/514 2074/2518/514 490/1248/6
f 1270/1319/1 3154/2960/513 2073/2501/513 562/1209/1
f 2082/2521/522 2947/2520/522 1073/857/5 500/870/5
f 435/1181/6 969/1180/6 2946/2537/523 2083/2536/523
f 1257/1310/6 435/1181/6 2083/2536/523 3162/2997/523
f 3163/2980/522 2082/2521/522 500/870/5 1069/869/5
f 2091/2539/531 2956/2538/531 1154/557/2 536/570/2
f 2092/2556/532 365/800/5 1085/809/5 2955/2557/532
f 3171/3017/532 1089/797/5 365/800/5 2092/2556/532
f 3172/2998/531 2091/2539/531 536/570/2 1150/569/2
f 2100/2559/540 2965/2558/540 1181/457/1 548/470/1
f 502/1242/5 2101/2576/541 3180/3037/541 1027/1240/5
f 1315/1330/5 2964/2577/541 2101/2576/541 502/1242/5
f 3181/3018/540 2100/2559/540 548/470/1 1177/469/1
f 2109/2579/549 2974/2578/549 1100/757/4 512/770/4
f 431/1187/5 972/1186/5 2973/2595/550 2110/2594/550
f 1260/1312/5 431/1187/5 2110/2594/550 3189/3055/550
f 3190/3038/549 2109/2579/549 512/770/4 1096/769/4
f 2119/2612/559 377/700/4 1112/709/4 2982/2613/559
f 3198/3073/559 1116/697/4 377/700/4 2119/2612/559
f 1267/1317/2 3199/3056/558 2118/2597/558 566/1203/2
f 566/1203/2 2118/2597/558 2983/2596/558 979/1201/2
f 2992/2614/567 1188/429/1 409/432/1 2127/2615/567
f 2127/2615/567 409/432/1 1184/445/1 3208/3074/567
f 514/1236/4 2128/2630/568 3207/3091/568 1018/1234/4
f 1306/1328/4 2991/2631/568 2128/2630/568 514/1236/4
f 2136/2633/576 3001/2632/576 1127/657/3 524/670/3
f 427/1193/4 975/1192/4 3000/2649/577 2137/2648/577
f 1263/1314/4 427/1193/4 2137/2648/577 3216/3109/577
f 3217/3092/576 2136/2633/576 524/670/3 1123/669/3
f 2146/2668/586 389/600/3 1139/609/3 3009/2669/586
f 399/1220/2 996/1219/2 3226/3110/585 2145/2651/585
f 3225/3129/586 1143/597/3 389/600/3 2146/2668/586
f 1284/1323/2 399/1220/2 2145/2651/585 3010/2650/585
f 1275/1321/1 411/1214/1 2154/2671/594 3019/2670/594
f 411/1214/1 987/1213/1 3235/3130/594 2154/2671/594
f 526/1230/3 2155/2688/595 3234/3149/595 1009/1228/3
f 1297/1326/3 3018/2689/595 2155/2688/595 526/1230/3
f 3028/2690/495 1166/509/2 701/512/2 2163/2691/495
f 2163/2691/495 701/512/2 1167/1268/2 2596/1885/495
f 2164/2708/496 853/936/6 1053/929/6 3027/2709/496
f 2595/1894/496 1052/933/6 853/936/6 2164/2708/496
f 3036/2729/505 2173/2728/505 860/958/6 1046/957/6
f 978/1198/3 951/1200/3 2172/2711/504 3037/2710/504
f 951/1200/3 1347/1347/3 2605/1895/504 2172/2711/504
f 2173/2728/505 2604/1904/505 1045/1249/6 860/958/6
f 682/1270/1 2181/2731/513 3046/2730/513 1279/1322/1
f 966/1178/6 2182/2748/514 2613/1914/514 1350/1350/6
f 1180/1269/1 2614/1905/513 2181/2731/513 682/1270/1
f 967/1177/6 3045/2749/514 2182/2748/514 966/1178/6
f 843/1251/6 1320/1331/6 3054/2767/523 2191/2766/523
f 1059/1252/6 843/1251/6 2191/2766/523 2622/1923/523
f 2623/1915/522 2190/2751/522 816/834/5 1079/833/5
f 2190/2751/522 3055/2750/522 1078/837/5 816/834/5
f 2199/2769/531 3064/2768/531 1159/537/2 708/534/2
f 2200/2786/532 817/836/5 1080/829/5 3063/2787/532
f 2631/1933/532 1079/833/5 817/836/5 2200/2786/532
f 2632/1924/531 2199/2769/531 708/534/2 1160/533/2
f 2208/2789/540 3073/2788/540 1186/437/1 672/434/1
f 962/1184/5 2209/2806/541 2640/1943/541 1349/1349/5
f 2641/1934/540 2208/2789/540 672/434/1 1187/433/1
f 970/1183/5 3072/2807/541 2209/2806/541 962/1184/5
f 807/1255/5 1311/1329/5 3081/2825/550 2218/2824/550
f 1086/1256/5 807/1255/5 2218/2824/550 2649/1952/550
f 2650/1944/549 2217/2809/549 780/734/4 1106/733/4
f 2217/2809/549 3082/2808/549 1105/737/4 780/734/4
f 718/1266/2 2226/2827/558 3091/2826/558 1288/1324/2
f 2227/2842/559 781/736/4 1107/729/4 3090/2843/559
f 2658/1961/559 1106/733/4 781/736/4 2227/2842/559
f 1153/1265/2 2659/1953/558 2226/2827/558 718/1266/2
f 3100/2844/567 1193/409/1 665/412/1 2235/2845/567
f 2235/2845/567 665/412/1 1194/1272/1 2668/1962/567
f 958/1190/4 2236/2860/568 2667/1970/568 1348/1348/4
f 973/1189/4 3099/2861/568 2236/2860/568 958/1190/4
f 771/1259/4 1302/1327/4 3108/2879/577 2245/2878/577
f 1113/1260/4 771/1259/4 2245/2878/577 2676/1979/577
f 2677/1971/576 2244/2863/576 744/634/3 1133/633/3
f 2244/2863/576 3109/2862/576 1132/637/3 744/634/3
f 2254/2898/586 745/636/3 1134/629/3 3117/2899/586
f 947/1206/2 1346/1346/2 2686/1980/585 2253/2881/585
f 2685/1989/586 1133/633/3 745/636/3 2254/2898/586
f 981/1204/2 947/1206/2 2253/2881/585 3118/2880/585
f 976/1195/3 3126/2919/595 2263/2918/595 954/1196/3
f 984/1210/1 943/1212/1 2262/2901/594 3127/2900/594
f 943/1212/1 1345/1345/1 2695/1990/594 2262/2901/594
f 954/1196/3 2263/2918/595 2694/1999/595 1347/1347/3
f 3136/2920/495 1157/545/2 713/548/2 2271/2921/495
f 2271/2921/495 713/548/2 1158/541/2 2704/2000/495
f 2272/2938/496 841/904/6 1062/897/6 3135/2939/496
f 2703/2019/496 1061/901/6 841/904/6 2272/2938/496
f 3144/2959/505 2281/2958/505 848/922/6 1055/921/6
f 1005/1225/3 915/1227/3 2280/2941/504 3145/2940/504
f 915/1227/3 1338/1340/3 2713/2020/504 2280/2941/504
f 2281/2958/505 2712/2039/505 1054/925/6 848/922/6
f 646/1277/1 2289/2961/513 3154/2960/513 1270/1319/1
f 874/1247/6 2290/2978/514 2721/2059/514 1327/1333/6
f 1207/1276/1 2722/2040/513 2289/2961/513 646/1277/1
f 1036/1246/6 3153/2979/514 2290/2978/514 874/1247/6
f 591/1305/6 1257/1310/6 3162/2997/523 2299/2996/523
f 1248/1303/6 591/1305/6 2299/2996/523 2730/2077/523
f 2731/2060/522 2298/2981/522 828/866/5 1070/865/5
f 2298/2981/522 3163/2980/522 1069/869/5 828/866/5
f 2307/2999/531 3172/2998/531 1150/569/2 720/566/2
f 2308/3016/532 805/804/5 1089/797/5 3171/3017/532
f 2739/2097/532 1088/801/5 805/804/5 2308/3016/532
f 2740/2078/531 2307/2999/531 720/566/2 1151/565/2
f 2316/3019/540 3181/3018/540 1177/469/1 684/466/1
f 886/1241/5 2317/3036/541 2748/2117/541 1330/1335/5
f 2749/2098/540 2316/3019/540 684/466/1 1178/465/1
f 1027/1240/5 3180/3037/541 2317/3036/541 886/1241/5
f 603/1299/5 1260/1312/5 3189/3055/550 2326/3054/550
f 1239/1297/5 603/1299/5 2326/3054/550 2757/2135/550
f 2758/2118/549 2325/3039/549 792/766/4 1097/765/4
f 2325/3039/549 3190/3038/549 1096/769/4 792/766/4
f 634/1283/2 2334/3057/558 3199/3056/558 1267/1317/2
f 2335/3072/559 769/704/4 1116/697/4 3198/3073/559
f 2766/2153/559 1115/701/4 769/704/4 2335/3072/559
f 1216/1282/2 2767/2136/558 2334/3057/558 634/1283/2
f 3208/3074/567 1184/445/1 677/448/1 2343/3075/567
f 2343/3075/567 677/448/1 1185/441/1 2776/2154/567
f 898/1235/4 2344/3090/568 2775/2171/568 1333/1337/4
f 1018/1234/4 3207/3091/568 2344/3090/568 898/1235/4
f 615/1293/4 1263/1314/4 3216/3109/577 2353/3108/577
f 1230/1291/4 615/1293/4 2353/3108/577 2784/2189/577
f 2785/2172/576 2352/3093/576 756/666/3 1124/665/3
f 2352/3093/576 3217/3092/576 1123/669/3 756/666/3
f 2362/3128/586 733/604/3 1143/597/3 3225/3129/586
f 927/1221/2 1341/1342/2 2794/2190/585 2361/3111/585
f 2793/2209/586 1142/601/3 733/604/3 2362/3128/586
f 996/1219/2 927/1221/2 2361/3111/585 3226/3110/585
f 987/1213/1 939/1215/1 2370/3131/594 3235/3130/594
f 939/1215/1 1344/1344/1 2803/2210/594 2370/3131/594
f 910/1229/3 2371/3148/595 2802/2229/595 1336/1339/3
f 1009/1228/3 3234/3149/595 2371/3148/595 910/1229/3
f 3244/3150/495 1169/501/2 697/504/2 2379/3151/495
f 2379/3151/495 697/504/2 1170/497/2 2812/2230/495
f 2380/3168/496 857/948/6 1050/941/6 3243/3169/496
f 2811/2249/496 1049/945/6 857/948/6 2380/3168/496
f 3252/3189/505 2389/3188/505 864/966/6 1043/965/6
f 1221/1285/3 627/1287/3 2388/3171/504 3253/3170/504
f 627/1287/3 1266/1316/3 2821/2250/504 2388/3171/504
f 2389/3188/505 2820/2269/505 1042/969/6 864/966/6
f 934/1217/1 2397/3191/513 3262/3190/513 1342/1343/1
f 586/1307/6 2398/3208/514 2829/2289/514 1255/1309/6
f 1252/1306/6 3261/3209/514 2398/3208/514 586/1307/6
f 991/1216/1 2830/2270/513 2397/3191/513 934/1217/1
f 879/1245/6 1329/1334/6 3270/3227/523 2407/3226/523
f 1032/1243/6 879/1245/6 2407/3226/523 2838/2307/523
f 2839/2290/522 2406/3211/522 812/822/5 1082/821/5
f 2406/3211/522 3271/3210/522 1081/825/5 812/822/5
f 2415/3229/531 3280/3228/531 1162/525/2 704/522/2
f 2416/3246/532 821/848/5 1077/841/5 3279/3247/532
f 2847/2327/532 1076/845/5 821/848/5 2416/3246/532
f 2848/2308/531 2415/3229/531 704/522/2 1163/521/2
f 2424/3249/540 3289/3248/540 1189/425/1 668/422/1
f 598/1301/5 2425/3266/541 2856/2347/541 1258/1311/5
f 1243/1300/5 3288/3267/541 2425/3266/541 598/1301/5
f 2857/2328/540 2424/3249/540 668/422/1 1190/421/1
f 891/1239/5 1332/1336/5 3297/3285/550 2434/3284/550
f 1023/1237/5 891/1239/5 2434/3284/550 2865/2365/550
f 2866/2348/549 2433/3269/549 776/722/4 1109/721/4
f 2433/3269/549 3298/3268/549 1108/725/4 776/722/4
f 922/1223/2 2442/3287/558 3307/3286/558 1339/1341/2
f 2443/3302/559 785/748/4 1104/741/4 3306/3303/559
f 2874/2383/559 1103/745/4 785/748/4 2443/3302/559
f 1000/1222/2 2875/2366/558 2442/3287/558 922/1223/2
f 3316/3304/567 1196/401/1 661/404/1 2451/3305/567
f 2451/3305/567 661/404/1 1197/397/1 2884/2384/567
f 610/1295/4 2452/3320/568 2883/2401/568 1261/1313/4
f 1234/1294/4 3315/3321/568 2452/3320/568 610/1295/4
f 903/1233/4 1335/1338/4 3324/3339/577 2461/3338/577
f 1014/1231/4 903/1233/4 2461/3338/577 2892/2419/577
f 2893/2402/576 2460/3323/576 740/622/3 1136/621/3
f 2460/3323/576 3325/3322/576 1135/625/3 740/622/3
f 2470/3358/586 749/648/3 1131/641/3 3333/3359/586
f 2901/2439/586 1130/645/3 749/648/3 2470/3358/586
f 1212/1279/2 639/1281/2 2469/3341/585 3334/3340/585
f 639/1281/2 1269/1318/2 2902/2420/585 2469/3341/585
f 1203/1273/1 651/1275/1 2478/3361/594 3343/3360/594
f 651/1275/1 1272/1320/1 2911/2440/594 2478/3361/594
f 622/1289/3 2479/3378/595 2910/2459/595 1264/1315/3
f 1225/1288/3 3342/3379/595 2479/3378/595 622/1289/3
f 3352/3380/495 1160/533/2 709/536/2 2487/3381/495
f 2487/3381/495 709/536/2 1161/529/2 2920/2460/495
f 2488/3398/496 845/912/6 1059/1252/6 3351/3399/496
f 2919/2479/496 1058/909/6 845/912/6 2488/3398/496
f 3360/3419/505 2497/3418/505 852/934/6 1052/933/6
f 1140/1264/3 735/1263/3 2496/3401/504 3361/3400/504
f 735/1263/3 1293/1325/3 2929/2480/504 2496/3401/504
f 2497/3418/505 2928/2499/505 1051/937/6 852/934/6
f 946/1208/1 2505/3421/513 3370/3420/513 1345/1345/1
f 862/1250/6 2506/3438/514 2937/2519/514 1324/1332/6
f 1045/1249/6 3369/3439/514 2506/3438/514 862/1250/6
f 982/1207/1 2938/2500/513 2505/3421/513 946/1208/1
f 963/1182/6 1350/1350/6 3378/3457/523 2515/3456/523
f 969/1180/6 963/1182/6 2515/3456/523 2946/2537/523
f 2947/2520/522 2514/3441/522 824/858/5 1073/857/5
f 2514/3441/522 3379/3440/522 1072/1253/5 824/858/5
f 2523/3459/531 3388/3458/531 1153/1265/2 716/558/2
f 2524/3476/532 809/812/5 1086/1256/5 3387/3477/532
f 2955/2557/532 1085/809/5 809/812/5 2524/3476/532
f 2956/2538/531 2523/3459/531 716/558/2 1154/557/2
f 2532/3479/540 3397/3478/540 1180/1269/1 680/458/1
f 826/1254/5 2533/3496/541 2964/2577/541 1315/1330/5
f 2965/2558/540 2532/3479/540 680/458/1 1181/457/1
f 1072/1253/5 3396/3497/541 2533/3496/541 826/1254/5
f 959/1188/5 1349/1349/5 3405/3515/550 2542/3514/550
f 972/1186/5 959/1188/5 2542/3514/550 2973/2595/550
f 2974/2578/549 2541/3499/549 788/758/4 1100/757/4
f 2541/3499/549 3406/3498/549 1099/1257/4 788/758/4
f 950/1202/2 2550/3517/558 3415/3516/558 1346/1346/2
f 2551/3532/559 773/712/4 1113/1260/4 3414/3533/559
f 2982/2613/559 1112/709/4 773/712/4 2551/3532/559
f 979/1201/2 2983/2596/558 2550/3517/558 950/1202/2
f 3424/3534/567 1187/433/1 673/436/1 2559/3535/567
f 2559/3535/567 673/436/1 1188/429/1 2992/2614/567
f 790/1258/4 2560/3550/568 2991/2631/568 1306/1328/4
f 1099/1257/4 3423/3551/568 2560/3550/568 790/1258/4
f 955/1194/4 1348/1348/4 3432/3569/577 2569/3568/577
f 975/1192/4 955/1194/4 2569/3568/577 3000/2649/577
f 3001/2632/576 2568/3553/576 752/658/3 1127/657/3
f 2568/3553/576 3433/3552/576 1126/1261/3 752/658/3
f 2578/3588/586 737/612/3 1140/1264/3 3441/3589/586
f 3009/2669/586 1139/609/3 737/612/3 2578/3588/586
f 1167/1268/2 699/1267/2 2577/3571/585 3442/3570/585
f 699/1267/2 1284/1323/2 3010/2650/585 2577/3571/585
f 1126/1261/3 3450/3609/595 2587/3608/595 754/1262/3
f 1194/1272/1 663/1271/1 2586/3591/594 3451/3590/594
f 663/1271/1 1275/1321/1 3019/2670/594 2586/3591/594
f 754/1262/3 2587/3608/595 3018/2689/595 1297/1326/3
